{
"type": "FeatureCollection",
"name": "kq_aggregated",
"features": [
{ "type": "Feature", "properties": { "id": 0, "type": 2, "existence": true }, "geometry": { "type": "LineString", "coordinates": [ [ 120.124111861000074, 30.376017895000189 ], [ 120.124976441000058, 30.370167976000118 ] ] } },
{ "type": "Feature", "properties": { "id": 1, "type": 2, "existence": true }, "geometry": { "type": "LineString", "coordinates": [ [ 120.124976441000058, 30.370167976000118 ], [ 120.125512175173526, 30.366396148789363 ] ] } },
{ "type": "Feature", "properties": { "id": 2, "type": 2, "existence": true }, "geometry": { "type": "LineString", "coordinates": [ [ 120.125512175173526, 30.366396148789363 ], [ 120.125927178000097, 30.363100594000173 ] ] } },
{ "type": "Feature", "properties": { "id": 3, "type": 2, "existence": true }, "geometry": { "type": "LineString", "coordinates": [ [ 120.125927178000097, 30.363100594000173 ], [ 120.126227946000199, 30.361428543000102 ] ] } },
{ "type": "Feature", "properties": { "id": 4, "type": 2, "existence": true }, "geometry": { "type": "LineString", "coordinates": [ [ 120.126227946000199, 30.361428543000102 ], [ 120.126824967000061, 30.359872904000099 ] ] } },
{ "type": "Feature", "properties": { "id": 5, "type": 2, "existence": true }, "geometry": { "type": "LineString", "coordinates": [ [ 120.126824967000061, 30.359872904000099 ], [ 120.129542331000039, 30.356327851000117 ] ] } },
{ "type": "Feature", "properties": { "id": 6, "type": 2, "existence": true }, "geometry": { "type": "LineString", "coordinates": [ [ 120.129542331000039, 30.356327851000117 ], [ 120.12982261500008, 30.355646083000181 ] ] } },
{ "type": "Feature", "properties": { "id": 7, "type": 2, "existence": true }, "geometry": { "type": "LineString", "coordinates": [ [ 120.12982261500008, 30.355646083000181 ], [ 120.131019845775313, 30.349955226409065 ] ] } },
{ "type": "Feature", "properties": { "id": 8, "type": 2, "existence": true }, "geometry": { "type": "LineString", "coordinates": [ [ 120.140551813364027, 30.358108018127268 ], [ 120.140312895315347, 30.358122301271486 ] ] } },
{ "type": "Feature", "properties": { "id": 9, "type": 2, "existence": true }, "geometry": { "type": "LineString", "coordinates": [ [ 120.140312895315347, 30.358122301271486 ], [ 120.138569655195965, 30.358226516713422 ] ] } },
{ "type": "Feature", "properties": { "id": 10, "type": 2, "existence": true }, "geometry": { "type": "LineString", "coordinates": [ [ 120.138569655195965, 30.358226516713422 ], [ 120.137049246763695, 30.358317410695804 ] ] } },
{ "type": "Feature", "properties": { "id": 11, "type": 2, "existence": true }, "geometry": { "type": "LineString", "coordinates": [ [ 120.137049246763695, 30.358317410695804 ], [ 120.136909797810191, 30.358318176898841 ] ] } },
{ "type": "Feature", "properties": { "id": 12, "type": 2, "existence": true }, "geometry": { "type": "LineString", "coordinates": [ [ 120.136909797810191, 30.358318176898841 ], [ 120.136407718969963, 30.358320935573772 ] ] } },
{ "type": "Feature", "properties": { "id": 13, "type": 2, "existence": true }, "geometry": { "type": "LineString", "coordinates": [ [ 120.136407718969963, 30.358320935573772 ], [ 120.133584751538933, 30.358336446383817 ] ] } },
{ "type": "Feature", "properties": { "id": 14, "type": 2, "existence": true }, "geometry": { "type": "LineString", "coordinates": [ [ 120.133584751538933, 30.358336446383817 ], [ 120.130729398331937, 30.35776537574236 ] ] } },
{ "type": "Feature", "properties": { "id": 15, "type": 2, "existence": true }, "geometry": { "type": "LineString", "coordinates": [ [ 120.140532777675958, 30.359459551978489 ], [ 120.140269807173013, 30.359460185642433 ] ] } },
{ "type": "Feature", "properties": { "id": 16, "type": 2, "existence": true }, "geometry": { "type": "LineString", "coordinates": [ [ 120.140269807173013, 30.359460185642433 ], [ 120.137400049201119, 30.359467100721815 ] ] } },
{ "type": "Feature", "properties": { "id": 17, "type": 2, "existence": true }, "geometry": { "type": "LineString", "coordinates": [ [ 120.137400049201119, 30.359467100721815 ], [ 120.136812411624248, 30.359468516715996 ] ] } },
{ "type": "Feature", "properties": { "id": 18, "type": 2, "existence": true }, "geometry": { "type": "LineString", "coordinates": [ [ 120.136812411624248, 30.359468516715996 ], [ 120.133247704960013, 30.359477106370719 ] ] } },
{ "type": "Feature", "properties": { "id": 19, "type": 2, "existence": true }, "geometry": { "type": "LineString", "coordinates": [ [ 120.131605039982105, 30.350017850707331 ], [ 120.136856273296402, 30.350509194175359 ] ] } },
{ "type": "Feature", "properties": { "id": 20, "type": 2, "existence": true }, "geometry": { "type": "LineString", "coordinates": [ [ 120.136856273296402, 30.350509194175359 ], [ 120.137565279310138, 30.35057553391934 ] ] } },
{ "type": "Feature", "properties": { "id": 21, "type": 2, "existence": true }, "geometry": { "type": "LineString", "coordinates": [ [ 120.137565279310138, 30.35057553391934 ], [ 120.138115245294216, 30.35062699272487 ] ] } },
{ "type": "Feature", "properties": { "id": 22, "type": 2, "existence": true }, "geometry": { "type": "LineString", "coordinates": [ [ 120.138115245294216, 30.35062699272487 ], [ 120.141351312262032, 30.351140956302174 ] ] } },
{ "type": "Feature", "properties": { "id": 23, "type": 2, "existence": true }, "geometry": { "type": "LineString", "coordinates": [ [ 120.126277076252222, 30.369827036021832 ], [ 120.12627185336892, 30.369881011113048 ] ] } },
{ "type": "Feature", "properties": { "id": 24, "type": 2, "existence": true }, "geometry": { "type": "LineString", "coordinates": [ [ 120.12627185336892, 30.369881011113048 ], [ 120.126220420701387, 30.370412534173891 ] ] } },
{ "type": "Feature", "properties": { "id": 25, "type": 2, "existence": true }, "geometry": { "type": "LineString", "coordinates": [ [ 120.126220420701387, 30.370412534173891 ], [ 120.126003788774369, 30.37265128379488 ] ] } },
{ "type": "Feature", "properties": { "id": 26, "type": 2, "existence": true }, "geometry": { "type": "LineString", "coordinates": [ [ 120.126003788774369, 30.37265128379488 ], [ 120.126036251514932, 30.373282966921508 ] ] } },
{ "type": "Feature", "properties": { "id": 27, "type": 2, "existence": true }, "geometry": { "type": "LineString", "coordinates": [ [ 120.126036251514932, 30.373282966921508 ], [ 120.126134675488444, 30.375198170697558 ] ] } },
{ "type": "Feature", "properties": { "id": 28, "type": 2, "existence": true }, "geometry": { "type": "LineString", "coordinates": [ [ 120.126134675488444, 30.375198170697558 ], [ 120.126174685021738, 30.375976704692107 ] ] } },
{ "type": "Feature", "properties": { "id": 29, "type": 2, "existence": true }, "geometry": { "type": "LineString", "coordinates": [ [ 120.129431698700614, 30.375095724676953 ], [ 120.129431539542921, 30.375091043571356 ] ] } },
{ "type": "Feature", "properties": { "id": 30, "type": 2, "existence": true }, "geometry": { "type": "LineString", "coordinates": [ [ 120.129431539542921, 30.375091043571356 ], [ 120.129367283583264, 30.373201163567987 ] ] } },
{ "type": "Feature", "properties": { "id": 31, "type": 2, "existence": true }, "geometry": { "type": "LineString", "coordinates": [ [ 120.129367283583264, 30.373201163567987 ], [ 120.129345297754782, 30.37255452195182 ] ] } },
{ "type": "Feature", "properties": { "id": 32, "type": 2, "existence": true }, "geometry": { "type": "LineString", "coordinates": [ [ 120.129345297754782, 30.37255452195182 ], [ 120.129262335316042, 30.370114451726423 ] ] } },
{ "type": "Feature", "properties": { "id": 33, "type": 2, "existence": true }, "geometry": { "type": "LineString", "coordinates": [ [ 120.129262335316042, 30.370114451726423 ], [ 120.129239855742412, 30.369453288203033 ] ] } },
{ "type": "Feature", "properties": { "id": 34, "type": 2, "existence": true }, "geometry": { "type": "LineString", "coordinates": [ [ 120.140666536000026, 30.374710853000067 ], [ 120.140708857790401, 30.373561189683471 ] ] } },
{ "type": "Feature", "properties": { "id": 35, "type": 2, "existence": true }, "geometry": { "type": "LineString", "coordinates": [ [ 120.140708857790401, 30.373561189683471 ], [ 120.140946803891097, 30.370709643614191 ] ] } },
{ "type": "Feature", "properties": { "id": 36, "type": 2, "existence": true }, "geometry": { "type": "LineString", "coordinates": [ [ 120.140946803891097, 30.370709643614191 ], [ 120.140775482698587, 30.367264184077669 ] ] } },
{ "type": "Feature", "properties": { "id": 37, "type": 2, "existence": true }, "geometry": { "type": "LineString", "coordinates": [ [ 120.140775482698587, 30.367264184077669 ], [ 120.140749015033663, 30.36690381663972 ] ] } },
{ "type": "Feature", "properties": { "id": 38, "type": 2, "existence": true }, "geometry": { "type": "LineString", "coordinates": [ [ 120.140749015033663, 30.36690381663972 ], [ 120.140528018754026, 30.363894867293311 ] ] } },
{ "type": "Feature", "properties": { "id": 39, "type": 2, "existence": true }, "geometry": { "type": "LineString", "coordinates": [ [ 120.140528018754026, 30.363894867293311 ], [ 120.140532777675958, 30.359459551978489 ] ] } },
{ "type": "Feature", "properties": { "id": 40, "type": 2, "existence": true }, "geometry": { "type": "LineString", "coordinates": [ [ 120.140532777675958, 30.359459551978489 ], [ 120.140551813364027, 30.358108018127268 ] ] } },
{ "type": "Feature", "properties": { "id": 41, "type": 2, "existence": true }, "geometry": { "type": "LineString", "coordinates": [ [ 120.140551813364027, 30.358108018127268 ], [ 120.14064699180426, 30.354795808407061 ] ] } },
{ "type": "Feature", "properties": { "id": 42, "type": 2, "existence": true }, "geometry": { "type": "LineString", "coordinates": [ [ 120.14064699180426, 30.354795808407061 ], [ 120.140742170244494, 30.353653667124377 ] ] } },
{ "type": "Feature", "properties": { "id": 43, "type": 2, "existence": true }, "geometry": { "type": "LineString", "coordinates": [ [ 120.140742170244494, 30.353653667124377 ], [ 120.140803576617301, 30.353376110319292 ] ] } },
{ "type": "Feature", "properties": { "id": 44, "type": 2, "existence": true }, "geometry": { "type": "LineString", "coordinates": [ [ 120.140803576617301, 30.353376110319292 ], [ 120.14121806244566, 30.351502634375095 ] ] } },
{ "type": "Feature", "properties": { "id": 45, "type": 2, "existence": true }, "geometry": { "type": "LineString", "coordinates": [ [ 120.14121806244566, 30.351502634375095 ], [ 120.141351312262032, 30.351140956302174 ] ] } },
{ "type": "Feature", "properties": { "id": 46, "type": 2, "existence": true }, "geometry": { "type": "LineString", "coordinates": [ [ 120.137960104483227, 30.374312621218451 ], [ 120.137919864461225, 30.372991129625738 ] ] } },
{ "type": "Feature", "properties": { "id": 47, "type": 2, "existence": true }, "geometry": { "type": "LineString", "coordinates": [ [ 120.137919864461225, 30.372991129625738 ], [ 120.137899475373018, 30.372321547271721 ] ] } },
{ "type": "Feature", "properties": { "id": 48, "type": 2, "existence": true }, "geometry": { "type": "LineString", "coordinates": [ [ 120.137899475373018, 30.372321547271721 ], [ 120.137852935623386, 30.370793171172387 ] ] } },
{ "type": "Feature", "properties": { "id": 49, "type": 2, "existence": true }, "geometry": { "type": "LineString", "coordinates": [ [ 120.137852935623386, 30.370793171172387 ], [ 120.137832337284081, 30.370116716964471 ] ] } },
{ "type": "Feature", "properties": { "id": 50, "type": 2, "existence": true }, "geometry": { "type": "LineString", "coordinates": [ [ 120.137832337284081, 30.370116716964471 ], [ 120.1378040278924, 30.369187030019997 ] ] } },
{ "type": "Feature", "properties": { "id": 51, "type": 2, "existence": true }, "geometry": { "type": "LineString", "coordinates": [ [ 120.1378040278924, 30.369187030019997 ], [ 120.137767497945319, 30.367987378142406 ] ] } },
{ "type": "Feature", "properties": { "id": 52, "type": 2, "existence": true }, "geometry": { "type": "LineString", "coordinates": [ [ 120.137767497945319, 30.367987378142406 ], [ 120.137758321291017, 30.367686014701064 ] ] } },
{ "type": "Feature", "properties": { "id": 53, "type": 2, "existence": true }, "geometry": { "type": "LineString", "coordinates": [ [ 120.126277076252222, 30.369827036021832 ], [ 120.126332846383946, 30.369513561036392 ] ] } },
{ "type": "Feature", "properties": { "id": 54, "type": 2, "existence": true }, "geometry": { "type": "LineString", "coordinates": [ [ 120.126332846383946, 30.369513561036392 ], [ 120.126612129706473, 30.367943754174746 ] ] } },
{ "type": "Feature", "properties": { "id": 55, "type": 2, "existence": true }, "geometry": { "type": "LineString", "coordinates": [ [ 120.126612129706473, 30.367943754174746 ], [ 120.129598370978229, 30.367453313089889 ] ] } },
{ "type": "Feature", "properties": { "id": 56, "type": 2, "existence": true }, "geometry": { "type": "LineString", "coordinates": [ [ 120.129598370978229, 30.367453313089889 ], [ 120.130523963600126, 30.367301299703058 ] ] } },
{ "type": "Feature", "properties": { "id": 57, "type": 2, "existence": true }, "geometry": { "type": "LineString", "coordinates": [ [ 120.13085669756083, 30.368961205910409 ], [ 120.130794419991375, 30.368650522492636 ] ] } },
{ "type": "Feature", "properties": { "id": 58, "type": 2, "existence": true }, "geometry": { "type": "LineString", "coordinates": [ [ 120.130794419991375, 30.368650522492636 ], [ 120.130523963600126, 30.367301299703058 ] ] } },
{ "type": "Feature", "properties": { "id": 59, "type": 2, "existence": true }, "geometry": { "type": "LineString", "coordinates": [ [ 120.126003788774369, 30.37265128379488 ], [ 120.128745221944129, 30.372571898664482 ] ] } },
{ "type": "Feature", "properties": { "id": 60, "type": 2, "existence": true }, "geometry": { "type": "LineString", "coordinates": [ [ 120.128745221944129, 30.372571898664482 ], [ 120.129345297754782, 30.37255452195182 ] ] } },
{ "type": "Feature", "properties": { "id": 61, "type": 2, "existence": true }, "geometry": { "type": "LineString", "coordinates": [ [ 120.129345297754782, 30.37255452195182 ], [ 120.132744953423568, 30.372456076324344 ] ] } },
{ "type": "Feature", "properties": { "id": 62, "type": 2, "existence": true }, "geometry": { "type": "LineString", "coordinates": [ [ 120.132744953423568, 30.372456076324344 ], [ 120.133456561408821, 30.372435469915505 ] ] } },
{ "type": "Feature", "properties": { "id": 63, "type": 2, "existence": true }, "geometry": { "type": "LineString", "coordinates": [ [ 120.133456561408821, 30.372435469915505 ], [ 120.135864275182598, 30.372365748474181 ] ] } },
{ "type": "Feature", "properties": { "id": 64, "type": 2, "existence": true }, "geometry": { "type": "LineString", "coordinates": [ [ 120.140946803891097, 30.370709643614191 ], [ 120.140005798502003, 30.370735048665601 ] ] } },
{ "type": "Feature", "properties": { "id": 65, "type": 2, "existence": true }, "geometry": { "type": "LineString", "coordinates": [ [ 120.140005798502003, 30.370735048665601 ], [ 120.137852935623386, 30.370793171172387 ] ] } },
{ "type": "Feature", "properties": { "id": 66, "type": 2, "existence": true }, "geometry": { "type": "LineString", "coordinates": [ [ 120.137852935623386, 30.370793171172387 ], [ 120.13683571169463, 30.370820633954754 ] ] } },
{ "type": "Feature", "properties": { "id": 67, "type": 2, "existence": true }, "geometry": { "type": "LineString", "coordinates": [ [ 120.13683571169463, 30.370820633954754 ], [ 120.135788100175759, 30.370848917134428 ] ] } },
{ "type": "Feature", "properties": { "id": 68, "type": 2, "existence": true }, "geometry": { "type": "LineString", "coordinates": [ [ 120.135788100175759, 30.370848917134428 ], [ 120.13269074233699, 30.370932538903276 ] ] } },
{ "type": "Feature", "properties": { "id": 69, "type": 2, "existence": true }, "geometry": { "type": "LineString", "coordinates": [ [ 120.129794420896701, 30.369284507504062 ], [ 120.129794420896687, 30.369284507503895 ] ] } },
{ "type": "Feature", "properties": { "id": 70, "type": 2, "existence": true }, "geometry": { "type": "LineString", "coordinates": [ [ 120.129794420896687, 30.369284507503895 ], [ 120.129759414080766, 30.368957528098466 ] ] } },
{ "type": "Feature", "properties": { "id": 71, "type": 2, "existence": true }, "geometry": { "type": "LineString", "coordinates": [ [ 120.129759414080766, 30.368957528098466 ], [ 120.129598370978229, 30.367453313089889 ] ] } },
{ "type": "Feature", "properties": { "id": 72, "type": 2, "existence": true }, "geometry": { "type": "LineString", "coordinates": [ [ 120.129598370978229, 30.367453313089889 ], [ 120.129551929721487, 30.367019530864415 ] ] } },
{ "type": "Feature", "properties": { "id": 73, "type": 2, "existence": true }, "geometry": { "type": "LineString", "coordinates": [ [ 120.129551929721487, 30.367019530864415 ], [ 120.12946649646085, 30.366221545785493 ] ] } },
{ "type": "Feature", "properties": { "id": 74, "type": 2, "existence": true }, "geometry": { "type": "LineString", "coordinates": [ [ 120.12946649646085, 30.366221545785493 ], [ 120.129441280738234, 30.365553658037012 ] ] } },
{ "type": "Feature", "properties": { "id": 75, "type": 2, "existence": true }, "geometry": { "type": "LineString", "coordinates": [ [ 120.129441280738234, 30.365553658037012 ], [ 120.129395596281967, 30.364343615830702 ] ] } },
{ "type": "Feature", "properties": { "id": 76, "type": 2, "existence": true }, "geometry": { "type": "LineString", "coordinates": [ [ 120.129395596281967, 30.364343615830702 ], [ 120.129362370367502, 30.363463562478902 ] ] } },
{ "type": "Feature", "properties": { "id": 77, "type": 2, "existence": true }, "geometry": { "type": "LineString", "coordinates": [ [ 120.129362370367502, 30.363463562478902 ], [ 120.12932058640115, 30.362356832379305 ] ] } },
{ "type": "Feature", "properties": { "id": 78, "type": 2, "existence": true }, "geometry": { "type": "LineString", "coordinates": [ [ 120.135891825709109, 30.3748811253339 ], [ 120.135871675804538, 30.373041428961596 ] ] } },
{ "type": "Feature", "properties": { "id": 79, "type": 2, "existence": true }, "geometry": { "type": "LineString", "coordinates": [ [ 120.135871675804538, 30.373041428961596 ], [ 120.135864275182598, 30.372365748474181 ] ] } },
{ "type": "Feature", "properties": { "id": 80, "type": 2, "existence": true }, "geometry": { "type": "LineString", "coordinates": [ [ 120.135864275182598, 30.372365748474181 ], [ 120.135788100175759, 30.370848917134428 ] ] } },
{ "type": "Feature", "properties": { "id": 81, "type": 2, "existence": true }, "geometry": { "type": "LineString", "coordinates": [ [ 120.135788100175759, 30.370848917134428 ], [ 120.135661372597426, 30.368325460026639 ] ] } },
{ "type": "Feature", "properties": { "id": 82, "type": 2, "existence": true }, "geometry": { "type": "LineString", "coordinates": [ [ 120.135661372597426, 30.368325460026639 ], [ 120.135644104222024, 30.367981604291231 ] ] } },
{ "type": "Feature", "properties": { "id": 83, "type": 2, "existence": true }, "geometry": { "type": "LineString", "coordinates": [ [ 120.135644104222024, 30.367981604291231 ], [ 120.135686475447727, 30.367717348222964 ] ] } },
{ "type": "Feature", "properties": { "id": 84, "type": 2, "existence": true }, "geometry": { "type": "LineString", "coordinates": [ [ 120.135686475447727, 30.367717348222964 ], [ 120.136069169241395, 30.365330606853263 ] ] } },
{ "type": "Feature", "properties": { "id": 85, "type": 2, "existence": true }, "geometry": { "type": "LineString", "coordinates": [ [ 120.136069169241395, 30.365330606853263 ], [ 120.136205627187195, 30.364479561370338 ] ] } },
{ "type": "Feature", "properties": { "id": 86, "type": 2, "existence": true }, "geometry": { "type": "LineString", "coordinates": [ [ 120.136205627187195, 30.364479561370338 ], [ 120.136592390250371, 30.362067441240868 ] ] } },
{ "type": "Feature", "properties": { "id": 87, "type": 2, "existence": true }, "geometry": { "type": "LineString", "coordinates": [ [ 120.136592390250371, 30.362067441240868 ], [ 120.136719995906958, 30.360560144633389 ] ] } },
{ "type": "Feature", "properties": { "id": 88, "type": 2, "existence": true }, "geometry": { "type": "LineString", "coordinates": [ [ 120.136719995906958, 30.360560144633389 ], [ 120.136812411624248, 30.359468516715996 ] ] } },
{ "type": "Feature", "properties": { "id": 89, "type": 2, "existence": true }, "geometry": { "type": "LineString", "coordinates": [ [ 120.136812411624248, 30.359468516715996 ], [ 120.136909797810191, 30.358318176898841 ] ] } },
{ "type": "Feature", "properties": { "id": 90, "type": 2, "existence": true }, "geometry": { "type": "LineString", "coordinates": [ [ 120.136909797810191, 30.358318176898841 ], [ 120.136935242138989, 30.358017624779848 ] ] } },
{ "type": "Feature", "properties": { "id": 91, "type": 2, "existence": true }, "geometry": { "type": "LineString", "coordinates": [ [ 120.136935242138989, 30.358017624779848 ], [ 120.137130422497549, 30.355712125947278 ] ] } },
{ "type": "Feature", "properties": { "id": 92, "type": 2, "existence": true }, "geometry": { "type": "LineString", "coordinates": [ [ 120.137130422497549, 30.355712125947278 ], [ 120.137211319469401, 30.354756559129275 ] ] } },
{ "type": "Feature", "properties": { "id": 93, "type": 2, "existence": true }, "geometry": { "type": "LineString", "coordinates": [ [ 120.137211319469401, 30.354756559129275 ], [ 120.13724992316719, 30.354300566626517 ] ] } },
{ "type": "Feature", "properties": { "id": 94, "type": 2, "existence": true }, "geometry": { "type": "LineString", "coordinates": [ [ 120.13724992316719, 30.354300566626517 ], [ 120.137323527790727, 30.353431138089231 ] ] } },
{ "type": "Feature", "properties": { "id": 95, "type": 2, "existence": true }, "geometry": { "type": "LineString", "coordinates": [ [ 120.137323527790727, 30.353431138089231 ], [ 120.137396525375934, 30.35256887997712 ] ] } },
{ "type": "Feature", "properties": { "id": 96, "type": 2, "existence": true }, "geometry": { "type": "LineString", "coordinates": [ [ 120.137396525375934, 30.35256887997712 ], [ 120.137516733713952, 30.351148961574442 ] ] } },
{ "type": "Feature", "properties": { "id": 97, "type": 2, "existence": true }, "geometry": { "type": "LineString", "coordinates": [ [ 120.137516733713952, 30.351148961574442 ], [ 120.137565279310138, 30.35057553391934 ] ] } },
{ "type": "Feature", "properties": { "id": 98, "type": 2, "existence": true }, "geometry": { "type": "LineString", "coordinates": [ [ 120.137565279310138, 30.35057553391934 ], [ 120.137565279310138, 30.350575533919312 ] ] } },
{ "type": "Feature", "properties": { "id": 99, "type": 2, "existence": true }, "geometry": { "type": "LineString", "coordinates": [ [ 120.127142715656078, 30.362443503651946 ], [ 120.127142715656092, 30.362443503651914 ] ] } },
{ "type": "Feature", "properties": { "id": 100, "type": 2, "existence": true }, "geometry": { "type": "LineString", "coordinates": [ [ 120.127142715656092, 30.362443503651914 ], [ 120.127653953370782, 30.360881786799951 ] ] } },
{ "type": "Feature", "properties": { "id": 101, "type": 2, "existence": true }, "geometry": { "type": "LineString", "coordinates": [ [ 120.127653953370782, 30.360881786799951 ], [ 120.12810539883958, 30.360864494099378 ] ] } },
{ "type": "Feature", "properties": { "id": 102, "type": 2, "existence": true }, "geometry": { "type": "LineString", "coordinates": [ [ 120.12810539883958, 30.360864494099378 ], [ 120.130478545667756, 30.360773590279639 ] ] } },
{ "type": "Feature", "properties": { "id": 103, "type": 2, "existence": true }, "geometry": { "type": "LineString", "coordinates": [ [ 120.130478545667756, 30.360773590279639 ], [ 120.132628686650719, 30.360691228739256 ] ] } },
{ "type": "Feature", "properties": { "id": 104, "type": 2, "existence": true }, "geometry": { "type": "LineString", "coordinates": [ [ 120.132628686650719, 30.360691228739256 ], [ 120.132858932562456, 30.360683851741435 ] ] } },
{ "type": "Feature", "properties": { "id": 105, "type": 2, "existence": true }, "geometry": { "type": "LineString", "coordinates": [ [ 120.132858932562456, 30.360683851741435 ], [ 120.136719995906958, 30.360560144633389 ] ] } },
{ "type": "Feature", "properties": { "id": 106, "type": 2, "existence": true }, "geometry": { "type": "LineString", "coordinates": [ [ 120.136719995906958, 30.360560144633389 ], [ 120.136719995907129, 30.360560144633382 ] ] } },
{ "type": "Feature", "properties": { "id": 107, "type": 2, "existence": true }, "geometry": { "type": "LineString", "coordinates": [ [ 120.129395596281938, 30.364343615830705 ], [ 120.129395596281967, 30.364343615830702 ] ] } },
{ "type": "Feature", "properties": { "id": 108, "type": 2, "existence": true }, "geometry": { "type": "LineString", "coordinates": [ [ 120.129395596281967, 30.364343615830702 ], [ 120.132448226827009, 30.364162167152656 ] ] } },
{ "type": "Feature", "properties": { "id": 109, "type": 2, "existence": true }, "geometry": { "type": "LineString", "coordinates": [ [ 120.132448226827009, 30.364162167152656 ], [ 120.134319005615339, 30.364050967866319 ] ] } },
{ "type": "Feature", "properties": { "id": 110, "type": 2, "existence": true }, "geometry": { "type": "LineString", "coordinates": [ [ 120.134319005615339, 30.364050967866319 ], [ 120.134331219439105, 30.362157427550869 ] ] } },
{ "type": "Feature", "properties": { "id": 111, "type": 2, "existence": true }, "geometry": { "type": "LineString", "coordinates": [ [ 120.129395596281938, 30.364343615830705 ], [ 120.128341559816704, 30.364405752080575 ] ] } },
{ "type": "Feature", "properties": { "id": 112, "type": 2, "existence": true }, "geometry": { "type": "LineString", "coordinates": [ [ 120.128341559816704, 30.364405752080575 ], [ 120.126852256979078, 30.364493547613563 ] ] } },
{ "type": "Feature", "properties": { "id": 113, "type": 2, "existence": true }, "geometry": { "type": "LineString", "coordinates": [ [ 120.126852256979078, 30.364493547613563 ], [ 120.127142715656078, 30.362443503651946 ] ] } },
{ "type": "Feature", "properties": { "id": 114, "type": 2, "existence": true }, "geometry": { "type": "LineString", "coordinates": [ [ 120.133325300636443, 30.353494359479214 ], [ 120.137323527790727, 30.353431138089231 ] ] } },
{ "type": "Feature", "properties": { "id": 115, "type": 2, "existence": true }, "geometry": { "type": "LineString", "coordinates": [ [ 120.137323527790727, 30.353431138089231 ], [ 120.138828315819538, 30.35340734384565 ] ] } },
{ "type": "Feature", "properties": { "id": 116, "type": 2, "existence": true }, "geometry": { "type": "LineString", "coordinates": [ [ 120.138828315819538, 30.35340734384565 ], [ 120.14055530582209, 30.353380036065417 ] ] } },
{ "type": "Feature", "properties": { "id": 117, "type": 2, "existence": true }, "geometry": { "type": "LineString", "coordinates": [ [ 120.14055530582209, 30.353380036065417 ], [ 120.140803576617301, 30.353376110319292 ] ] } },
{ "type": "Feature", "properties": { "id": 118, "type": 2, "existence": true }, "geometry": { "type": "LineString", "coordinates": [ [ 120.140803576617301, 30.353376110319292 ], [ 120.140803576617486, 30.353376110319289 ] ] } },
{ "type": "Feature", "properties": { "id": 119, "type": 2, "existence": true }, "geometry": { "type": "LineString", "coordinates": [ [ 120.131605039982105, 30.350017850707331 ], [ 120.131019845775427, 30.349955226409065 ] ] } },
{ "type": "Feature", "properties": { "id": 120, "type": 2, "existence": true }, "geometry": { "type": "LineString", "coordinates": [ [ 120.125585658816931, 30.369979899555062 ], [ 120.12627185336892, 30.369881011113048 ] ] } },
{ "type": "Feature", "properties": { "id": 121, "type": 2, "existence": true }, "geometry": { "type": "LineString", "coordinates": [ [ 120.12627185336892, 30.369881011113048 ], [ 120.129239855742412, 30.369453288203033 ] ] } },
{ "type": "Feature", "properties": { "id": 122, "type": 2, "existence": true }, "geometry": { "type": "LineString", "coordinates": [ [ 120.129239855742412, 30.369453288203033 ], [ 120.129794420896687, 30.369284507503895 ] ] } },
{ "type": "Feature", "properties": { "id": 123, "type": 2, "existence": true }, "geometry": { "type": "LineString", "coordinates": [ [ 120.129794420896687, 30.369284507503895 ], [ 120.132600927361963, 30.368430353362218 ] ] } },
{ "type": "Feature", "properties": { "id": 124, "type": 2, "existence": true }, "geometry": { "type": "LineString", "coordinates": [ [ 120.132600927361963, 30.368430353362218 ], [ 120.132601368889368, 30.368430218984315 ] ] } },
{ "type": "Feature", "properties": { "id": 125, "type": 2, "existence": true }, "geometry": { "type": "LineString", "coordinates": [ [ 120.132601368889368, 30.368430218984315 ], [ 120.135644104222024, 30.367981604291231 ] ] } },
{ "type": "Feature", "properties": { "id": 126, "type": 2, "existence": true }, "geometry": { "type": "LineString", "coordinates": [ [ 120.135644104222024, 30.367981604291231 ], [ 120.13981558459173, 30.367398387841426 ] ] } },
{ "type": "Feature", "properties": { "id": 127, "type": 2, "existence": true }, "geometry": { "type": "LineString", "coordinates": [ [ 120.13981558459173, 30.367398387841426 ], [ 120.140775482698587, 30.367264184077669 ] ] } },
{ "type": "Feature", "properties": { "id": 128, "type": 2, "existence": true }, "geometry": { "type": "LineString", "coordinates": [ [ 120.136592390250371, 30.362067441240868 ], [ 120.132379283478855, 30.362235107447219 ] ] } },
{ "type": "Feature", "properties": { "id": 129, "type": 2, "existence": true }, "geometry": { "type": "LineString", "coordinates": [ [ 120.132379283478855, 30.362235107447219 ], [ 120.127801439702608, 30.362417288849418 ] ] } },
{ "type": "Feature", "properties": { "id": 130, "type": 2, "existence": true }, "geometry": { "type": "LineString", "coordinates": [ [ 120.127801439702608, 30.362417288849418 ], [ 120.127142715656092, 30.362443503651914 ] ] } },
{ "type": "Feature", "properties": { "id": 131, "type": 2, "existence": true }, "geometry": { "type": "LineString", "coordinates": [ [ 120.127142715656092, 30.362443503651914 ], [ 120.126509576543754, 30.362468700267812 ] ] } },
{ "type": "Feature", "properties": { "id": 132, "type": 2, "existence": true }, "geometry": { "type": "LineString", "coordinates": [ [ 120.124111861000074, 30.376017895000189 ], [ 120.124660648407158, 30.376006936856356 ] ] } },
{ "type": "Feature", "properties": { "id": 133, "type": 2, "existence": true }, "geometry": { "type": "LineString", "coordinates": [ [ 120.124660648407158, 30.376006936856356 ], [ 120.132866128753449, 30.375843090469409 ] ] } },
{ "type": "Feature", "properties": { "id": 134, "type": 2, "existence": true }, "geometry": { "type": "LineString", "coordinates": [ [ 120.132866128753449, 30.375843090469409 ], [ 120.136873029000071, 30.375763081000059 ] ] } },
{ "type": "Feature", "properties": { "id": 135, "type": 2, "existence": true }, "geometry": { "type": "LineString", "coordinates": [ [ 120.136873029000071, 30.375763081000059 ], [ 120.140666536000026, 30.374710853000067 ] ] } },
{ "type": "Feature", "properties": { "id": 136, "type": 2, "existence": true }, "geometry": { "type": "LineString", "coordinates": [ [ 120.126131962407385, 30.375198258855448 ], [ 120.126134675488444, 30.375198170697558 ] ] } },
{ "type": "Feature", "properties": { "id": 137, "type": 2, "existence": true }, "geometry": { "type": "LineString", "coordinates": [ [ 120.126134675488444, 30.375198170697558 ], [ 120.129431539542921, 30.375091043571356 ] ] } },
{ "type": "Feature", "properties": { "id": 138, "type": 2, "existence": true }, "geometry": { "type": "LineString", "coordinates": [ [ 120.129431539542921, 30.375091043571356 ], [ 120.132835266331369, 30.374980444085541 ] ] } },
{ "type": "Feature", "properties": { "id": 139, "type": 2, "existence": true }, "geometry": { "type": "LineString", "coordinates": [ [ 120.132835266331369, 30.374980444085541 ], [ 120.135891825709223, 30.3748811253339 ] ] } },
{ "type": "Feature", "properties": { "id": 140, "type": 2, "existence": true }, "geometry": { "type": "LineString", "coordinates": [ [ 120.135891825709223, 30.3748811253339 ], [ 120.140175244542888, 30.373707407341371 ] ] } },
{ "type": "Feature", "properties": { "id": 141, "type": 2, "existence": true }, "geometry": { "type": "LineString", "coordinates": [ [ 120.140175244542888, 30.373707407341371 ], [ 120.140708857790401, 30.373561189683471 ] ] } },
{ "type": "Feature", "properties": { "id": 142, "type": 2, "existence": true }, "geometry": { "type": "LineString", "coordinates": [ [ 120.135718041364271, 30.36945387425385 ], [ 120.136740421644504, 30.369323088997614 ] ] } },
{ "type": "Feature", "properties": { "id": 143, "type": 2, "existence": true }, "geometry": { "type": "LineString", "coordinates": [ [ 120.136740421644504, 30.369323088997614 ], [ 120.1378040278924, 30.369187030019997 ] ] } },
{ "type": "Feature", "properties": { "id": 144, "type": 2, "existence": true }, "geometry": { "type": "LineString", "coordinates": [ [ 120.1378040278924, 30.369187030019997 ], [ 120.137805915363288, 30.369186788570346 ] ] } },
{ "type": "Feature", "properties": { "id": 145, "type": 2, "existence": true }, "geometry": { "type": "LineString", "coordinates": [ [ 120.132866128753449, 30.375843090469516 ], [ 120.132866128753449, 30.375843090469409 ] ] } },
{ "type": "Feature", "properties": { "id": 146, "type": 2, "existence": true }, "geometry": { "type": "LineString", "coordinates": [ [ 120.132866128753449, 30.375843090469409 ], [ 120.132835266331369, 30.374980444085541 ] ] } },
{ "type": "Feature", "properties": { "id": 147, "type": 2, "existence": true }, "geometry": { "type": "LineString", "coordinates": [ [ 120.132835266331369, 30.374980444085541 ], [ 120.132768621593527, 30.373117633643933 ] ] } },
{ "type": "Feature", "properties": { "id": 148, "type": 2, "existence": true }, "geometry": { "type": "LineString", "coordinates": [ [ 120.132768621593527, 30.373117633643933 ], [ 120.132744953423568, 30.372456076324344 ] ] } },
{ "type": "Feature", "properties": { "id": 149, "type": 2, "existence": true }, "geometry": { "type": "LineString", "coordinates": [ [ 120.132744953423568, 30.372456076324344 ], [ 120.132679443978688, 30.37062499885441 ] ] } },
{ "type": "Feature", "properties": { "id": 150, "type": 2, "existence": true }, "geometry": { "type": "LineString", "coordinates": [ [ 120.132679443978688, 30.37062499885441 ], [ 120.13264281907469, 30.369601283317238 ] ] } },
{ "type": "Feature", "properties": { "id": 151, "type": 2, "existence": true }, "geometry": { "type": "LineString", "coordinates": [ [ 120.13264281907469, 30.369601283317238 ], [ 120.132600927361963, 30.368430353362218 ] ] } },
{ "type": "Feature", "properties": { "id": 152, "type": 2, "existence": true }, "geometry": { "type": "LineString", "coordinates": [ [ 120.132600927361963, 30.368430353362218 ], [ 120.132589752016926, 30.368117987373257 ] ] } },
{ "type": "Feature", "properties": { "id": 153, "type": 2, "existence": true }, "geometry": { "type": "LineString", "coordinates": [ [ 120.132589752016926, 30.368117987373257 ], [ 120.132541531680758, 30.366770163844613 ] ] } },
{ "type": "Feature", "properties": { "id": 154, "type": 2, "existence": true }, "geometry": { "type": "LineString", "coordinates": [ [ 120.132541531680758, 30.366770163844613 ], [ 120.132520111021847, 30.366171427494848 ] ] } },
{ "type": "Feature", "properties": { "id": 155, "type": 2, "existence": true }, "geometry": { "type": "LineString", "coordinates": [ [ 120.132520111021847, 30.366171427494848 ], [ 120.13248858889682, 30.365290341522364 ] ] } },
{ "type": "Feature", "properties": { "id": 156, "type": 2, "existence": true }, "geometry": { "type": "LineString", "coordinates": [ [ 120.13248858889682, 30.365290341522364 ], [ 120.132448226827009, 30.364162167152656 ] ] } },
{ "type": "Feature", "properties": { "id": 157, "type": 2, "existence": true }, "geometry": { "type": "LineString", "coordinates": [ [ 120.132448226827009, 30.364162167152656 ], [ 120.132379283478826, 30.362235107447304 ] ] } },
{ "type": "Feature", "properties": { "id": 158, "type": 2, "existence": true }, "geometry": { "type": "LineString", "coordinates": [ [ 120.132379283478826, 30.362235107447304 ], [ 120.132379283478855, 30.362235107447219 ] ] } },
{ "type": "Feature", "properties": { "id": 159, "type": 2, "existence": true }, "geometry": { "type": "LineString", "coordinates": [ [ 120.132379283478855, 30.362235107447219 ], [ 120.132858932562456, 30.360683851741435 ] ] } },
{ "type": "Feature", "properties": { "id": 160, "type": 2, "existence": true }, "geometry": { "type": "LineString", "coordinates": [ [ 120.132858932562456, 30.360683851741435 ], [ 120.133231939445025, 30.359477492603769 ] ] } },
{ "type": "Feature", "properties": { "id": 161, "type": 2, "existence": true }, "geometry": { "type": "LineString", "coordinates": [ [ 120.133231939445025, 30.359477492603769 ], [ 120.133584751538933, 30.358336446383817 ] ] } },
{ "type": "Feature", "properties": { "id": 162, "type": 2, "existence": true }, "geometry": { "type": "LineString", "coordinates": [ [ 120.133584751538933, 30.358336446383817 ], [ 120.133566110106017, 30.356168040187526 ] ] } },
{ "type": "Feature", "properties": { "id": 163, "type": 2, "existence": true }, "geometry": { "type": "LineString", "coordinates": [ [ 120.133566110106017, 30.356168040187526 ], [ 120.133564846651197, 30.356156737374402 ] ] } },
{ "type": "Feature", "properties": { "id": 164, "type": 2, "existence": true }, "geometry": { "type": "LineString", "coordinates": [ [ 120.133564846651197, 30.356156737374402 ], [ 120.133445996754631, 30.355093511252928 ] ] } },
{ "type": "Feature", "properties": { "id": 165, "type": 2, "existence": true }, "geometry": { "type": "LineString", "coordinates": [ [ 120.133445996754631, 30.355093511252928 ],[ 120.133325300636443, 30.353494359479214 ], [ 120.133028469737297, 30.351358332308216 ] ] } },
{ "type": "Feature", "properties": { "id": 166, "type": 2, "existence": true }, "geometry": { "type": "LineString", "coordinates": [ [ 120.133028469737297, 30.351358332308216 ], [ 120.132892089035636, 30.35013827634981 ] ] } },
{ "type": "Feature", "properties": { "id": 167, "type": 2, "existence": true }, "geometry": { "type": "LineString", "coordinates": [ [ 120.125503710967337, 30.370482765794009 ], [ 120.126220420701387, 30.370412534173891 ] ] } },
{ "type": "Feature", "properties": { "id": 168, "type": 2, "existence": true }, "geometry": { "type": "LineString", "coordinates": [ [ 120.126220420701387, 30.370412534173891 ], [ 120.129262335316042, 30.370114451726423 ] ] } },
{ "type": "Feature", "properties": { "id": 169, "type": 2, "existence": true }, "geometry": { "type": "LineString", "coordinates": [ [ 120.129262335316042, 30.370114451726423 ], [ 120.129262335316184, 30.370114451726408 ] ] } },
{ "type": "Feature", "properties": { "id": 170, "type": 2, "existence": true }, "geometry": { "type": "LineString", "coordinates": [ [ 120.129262335316184, 30.370114451726408 ], [ 120.13264281907469, 30.369601283317238 ] ] } },
{ "type": "Feature", "properties": { "id": 171, "type": 2, "existence": true }, "geometry": { "type": "LineString", "coordinates": [ [ 120.13264281907469, 30.369601283317238 ], [ 120.132643192872365, 30.369601226573536 ] ] } },
{ "type": "Feature", "properties": { "id": 172, "type": 2, "existence": true }, "geometry": { "type": "LineString", "coordinates": [ [ 120.12874557951784, 30.372580040174455 ], [ 120.128745221944129, 30.372571898664482 ] ] } },
{ "type": "Feature", "properties": { "id": 173, "type": 2, "existence": true }, "geometry": { "type": "LineString", "coordinates": [ [ 120.128745221944129, 30.372571898664482 ], [ 120.128639969823439, 30.370175438392096 ] ] } },
{ "type": "Feature", "properties": { "id": 174, "type": 2, "existence": true }, "geometry": { "type": "LineString", "coordinates": [ [ 120.132679757732262, 30.370624986761982 ], [ 120.132679443978688, 30.37062499885441 ] ] } },
{ "type": "Feature", "properties": { "id": 175, "type": 2, "existence": true }, "geometry": { "type": "LineString", "coordinates": [ [ 120.132679443978688, 30.37062499885441 ], [ 120.13147731448089, 30.37067133032582 ] ] } },
{ "type": "Feature", "properties": { "id": 176, "type": 2, "existence": true }, "geometry": { "type": "LineString", "coordinates": [ [ 120.13147731448089, 30.37067133032582 ], [ 120.131348126962735, 30.369797821783152 ] ] } },
{ "type": "Feature", "properties": { "id": 177, "type": 2, "existence": true }, "geometry": { "type": "LineString", "coordinates": [ [ 120.133456561408821, 30.372435469915615 ], [ 120.133456561408821, 30.372435469915505 ] ] } },
{ "type": "Feature", "properties": { "id": 178, "type": 2, "existence": true }, "geometry": { "type": "LineString", "coordinates": [ [ 120.133456561408821, 30.372435469915505 ], [ 120.133418849402688, 30.370924138000532 ] ] } },
{ "type": "Feature", "properties": { "id": 179, "type": 2, "existence": true }, "geometry": { "type": "LineString", "coordinates": [ [ 120.13573522257434, 30.36979599431487 ], [ 120.132652245420786, 30.369854684090569 ] ] } },
{ "type": "Feature", "properties": { "id": 180, "type": 2, "existence": true }, "geometry": { "type": "LineString", "coordinates": [ [ 120.137558719844151, 30.366044351240987 ], [ 120.136656043724543, 30.366149044259604 ] ] } },
{ "type": "Feature", "properties": { "id": 181, "type": 2, "existence": true }, "geometry": { "type": "LineString", "coordinates": [ [ 120.136656043724543, 30.366149044259604 ], [ 120.135924332436844, 30.366233908655374 ] ] } },
{ "type": "Feature", "properties": { "id": 182, "type": 2, "existence": true }, "geometry": { "type": "LineString", "coordinates": [ [ 120.12780143970258, 30.362417288849542 ], [ 120.127801439702608, 30.362417288849418 ] ] } },
{ "type": "Feature", "properties": { "id": 183, "type": 2, "existence": true }, "geometry": { "type": "LineString", "coordinates": [ [ 120.127801439702608, 30.362417288849418 ], [ 120.12810539883958, 30.360864494099378 ] ] } },
{ "type": "Feature", "properties": { "id": 184, "type": 2, "existence": true }, "geometry": { "type": "LineString", "coordinates": [ [ 120.12810539883958, 30.360864494099378 ], [ 120.12810539883958, 30.36086449409936 ] ] } },
{ "type": "Feature", "properties": { "id": 185, "type": 2, "existence": true }, "geometry": { "type": "LineString", "coordinates": [ [ 120.130497306518123, 30.362310003231812 ], [ 120.130478545667756, 30.360773590279639 ] ] } },
{ "type": "Feature", "properties": { "id": 186, "type": 2, "existence": true }, "geometry": { "type": "LineString", "coordinates": [ [ 120.130478545667756, 30.360773590279639 ], [ 120.130478545667756, 30.360773590279564 ] ] } },
{ "type": "Feature", "properties": { "id": 187, "type": 2, "existence": true }, "geometry": { "type": "LineString", "coordinates": [ [ 120.136656043724543, 30.366149044259657 ], [ 120.136656043724543, 30.366149044259604 ] ] } },
{ "type": "Feature", "properties": { "id": 188, "type": 2, "existence": true }, "geometry": { "type": "LineString", "coordinates": [ [ 120.136656043724543, 30.366149044259604 ], [ 120.136678330104075, 30.365217192174701 ] ] } },
{ "type": "Feature", "properties": { "id": 189, "type": 2, "existence": true }, "geometry": { "type": "LineString", "coordinates": [ [ 120.136678330104075, 30.365217192174701 ], [ 120.136678516366942, 30.365209404034999 ] ] } },
{ "type": "Feature", "properties": { "id": 190, "type": 2, "existence": true }, "geometry": { "type": "LineString", "coordinates": [ [ 120.125975350369913, 30.367588589383274 ], [ 120.129551929721487, 30.367019530864415 ] ] } },
{ "type": "Feature", "properties": { "id": 191, "type": 2, "existence": true }, "geometry": { "type": "LineString", "coordinates": [ [ 120.129551929721487, 30.367019530864415 ], [ 120.129551929721515, 30.367019530864411 ] ] } },
{ "type": "Feature", "properties": { "id": 192, "type": 2, "existence": true }, "geometry": { "type": "LineString", "coordinates": [ [ 120.129551929721515, 30.367019530864411 ], [ 120.132492777677612, 30.366177903139544 ] ] } },
{ "type": "Feature", "properties": { "id": 193, "type": 2, "existence": true }, "geometry": { "type": "LineString", "coordinates": [ [ 120.132492777677612, 30.366177903139544 ], [ 120.132520111021847, 30.366171427494848 ] ] } },
{ "type": "Feature", "properties": { "id": 194, "type": 2, "existence": true }, "geometry": { "type": "LineString", "coordinates": [ [ 120.132520111021847, 30.366171427494848 ], [ 120.136069169241395, 30.365330606853263 ] ] } },
{ "type": "Feature", "properties": { "id": 195, "type": 2, "existence": true }, "geometry": { "type": "LineString", "coordinates": [ [ 120.136069169241395, 30.365330606853263 ], [ 120.136069169241409, 30.365330606853263 ] ] } },
{ "type": "Feature", "properties": { "id": 196, "type": 2, "existence": true }, "geometry": { "type": "LineString", "coordinates": [ [ 120.136069169241409, 30.365330606853263 ], [ 120.136678330104075, 30.365217192174701 ] ] } },
{ "type": "Feature", "properties": { "id": 197, "type": 2, "existence": true }, "geometry": { "type": "LineString", "coordinates": [ [ 120.136678330104075, 30.365217192174701 ], [ 120.139659598255662, 30.364662134241996 ] ] } },
{ "type": "Feature", "properties": { "id": 198, "type": 2, "existence": true }, "geometry": { "type": "LineString", "coordinates": [ [ 120.139659598255662, 30.364662134241996 ], [ 120.139660182378975, 30.364647881415124 ] ] } },
{ "type": "Feature", "properties": { "id": 199, "type": 2, "existence": true }, "geometry": { "type": "LineString", "coordinates": [ [ 120.130729398331937, 30.35776537574236 ], [ 120.130667806479778, 30.356524097271972 ] ] } },
{ "type": "Feature", "properties": { "id": 200, "type": 2, "existence": true }, "geometry": { "type": "LineString", "coordinates": [ [ 120.136407718969963, 30.358320935573772 ], [ 120.136637548400699, 30.355767102666846 ] ] } },
{ "type": "Feature", "properties": { "id": 201, "type": 2, "existence": true }, "geometry": { "type": "LineString", "coordinates": [ [ 120.128341697496694, 30.36441020575694 ], [ 120.128341559816704, 30.364405752080575 ] ] } },
{ "type": "Feature", "properties": { "id": 202, "type": 2, "existence": true }, "geometry": { "type": "LineString", "coordinates": [ [ 120.128341559816704, 30.364405752080575 ], [ 120.128279500757685, 30.362398263771865 ] ] } },
{ "type": "Feature", "properties": { "id": 203, "type": 2, "existence": true }, "geometry": { "type": "LineString", "coordinates": [ [ 120.128315565824664, 30.363564897642618 ], [ 120.129362370367502, 30.363463562478902 ] ] } },
{ "type": "Feature", "properties": { "id": 204, "type": 2, "existence": true }, "geometry": { "type": "LineString", "coordinates": [ [ 120.129362370367502, 30.363463562478902 ], [ 120.129362370367517, 30.363463562478898 ] ] } },
{ "type": "Feature", "properties": { "id": 205, "type": 2, "existence": true }, "geometry": { "type": "LineString", "coordinates": [ [ 120.126243364435368, 30.366273787642569 ], [ 120.129441280738206, 30.365553658037015 ] ] } },
{ "type": "Feature", "properties": { "id": 206, "type": 2, "existence": true }, "geometry": { "type": "LineString", "coordinates": [ [ 120.129441280738206, 30.365553658037015 ], [ 120.129441280738234, 30.365553658037012 ] ] } },
{ "type": "Feature", "properties": { "id": 207, "type": 2, "existence": true }, "geometry": { "type": "LineString", "coordinates": [ [ 120.129441280738234, 30.365553658037012 ], [ 120.13248858889682, 30.365290341522364 ] ] } },
{ "type": "Feature", "properties": { "id": 208, "type": 2, "existence": true }, "geometry": { "type": "LineString", "coordinates": [ [ 120.13248858889682, 30.365290341522364 ], [ 120.132492244682453, 30.365290025627587 ] ] } },
{ "type": "Feature", "properties": { "id": 209, "type": 2, "existence": true }, "geometry": { "type": "LineString", "coordinates": [ [ 120.132492244682453, 30.365290025627587 ], [ 120.13440341562692, 30.364872903034367 ] ] } },
{ "type": "Feature", "properties": { "id": 210, "type": 2, "existence": true }, "geometry": { "type": "LineString", "coordinates": [ [ 120.13440341562692, 30.364872903034367 ], [ 120.136205627187195, 30.364479561370338 ] ] } },
{ "type": "Feature", "properties": { "id": 211, "type": 2, "existence": true }, "geometry": { "type": "LineString", "coordinates": [ [ 120.136205627187195, 30.364479561370338 ], [ 120.136205627187223, 30.364479561370331 ] ] } },
{ "type": "Feature", "properties": { "id": 212, "type": 2, "existence": true }, "geometry": { "type": "LineString", "coordinates": [ [ 120.132521436335082, 30.366772319090501 ], [ 120.132541531680758, 30.366770163844613 ] ] } },
{ "type": "Feature", "properties": { "id": 213, "type": 2, "existence": true }, "geometry": { "type": "LineString", "coordinates": [ [ 120.132541531680758, 30.366770163844613 ], [ 120.134124861426244, 30.366600350148474 ] ] } },
{ "type": "Feature", "properties": { "id": 214, "type": 2, "existence": true }, "geometry": { "type": "LineString", "coordinates": [ [ 120.134124861426244, 30.366600350148474 ], [ 120.13428502960528, 30.367897692855195 ] ] } },
{ "type": "Feature", "properties": { "id": 215, "type": 2, "existence": true }, "geometry": { "type": "LineString", "coordinates": [ [ 120.1335161717152, 30.365046231089252 ], [ 120.13343564031004, 30.36410347519228 ] ] } },
{ "type": "Feature", "properties": { "id": 216, "type": 2, "existence": true }, "geometry": { "type": "LineString", "coordinates": [ [ 120.137203180810161, 30.354757314906749 ], [ 120.137211319469401, 30.354756559129275 ] ] } },
{ "type": "Feature", "properties": { "id": 217, "type": 2, "existence": true }, "geometry": { "type": "LineString", "coordinates": [ [ 120.137211319469401, 30.354756559129275 ], [ 120.138772375379176, 30.354611595338913 ] ] } },
{ "type": "Feature", "properties": { "id": 218, "type": 2, "existence": true }, "geometry": { "type": "LineString", "coordinates": [ [ 120.138772375379176, 30.354611595338913 ], [ 120.140469475192162, 30.35445399815103 ] ] } },
{ "type": "Feature", "properties": { "id": 219, "type": 2, "existence": true }, "geometry": { "type": "LineString", "coordinates": [ [ 120.140469475192162, 30.35445399815103 ], [ 120.14055530582209, 30.353380036065417 ] ] } },
{ "type": "Feature", "properties": { "id": 220, "type": 2, "existence": true }, "geometry": { "type": "LineString", "coordinates": [ [ 120.14055530582209, 30.353380036065417 ], [ 120.14055530582209, 30.353380036065403 ] ] } },
{ "type": "Feature", "properties": { "id": 221, "type": 2, "existence": true }, "geometry": { "type": "LineString", "coordinates": [ [ 120.14055530582209, 30.353380036065403 ], [ 120.140931021375664, 30.351937516614882 ] ] } },
{ "type": "Feature", "properties": { "id": 222, "type": 2, "existence": true }, "geometry": { "type": "LineString", "coordinates": [ [ 120.140931021375664, 30.351937516614882 ], [ 120.141146945779042, 30.351108498096096 ] ] } },
{ "type": "Feature", "properties": { "id": 223, "type": 2, "existence": true }, "geometry": { "type": "LineString", "coordinates": [ [ 120.140401834440695, 30.355360746483484 ], [ 120.140401601686335, 30.355367973493191 ] ] } },
{ "type": "Feature", "properties": { "id": 224, "type": 2, "existence": true }, "geometry": { "type": "LineString", "coordinates": [ [ 120.140401601686335, 30.355367973493191 ], [ 120.140312895315347, 30.358122301271486 ] ] } },
{ "type": "Feature", "properties": { "id": 225, "type": 2, "existence": true }, "geometry": { "type": "LineString", "coordinates": [ [ 120.140312895315347, 30.358122301271486 ], [ 120.140269807173013, 30.359460185642433 ] ] } },
{ "type": "Feature", "properties": { "id": 226, "type": 2, "existence": true }, "geometry": { "type": "LineString", "coordinates": [ [ 120.137400049201119, 30.359467100721815 ], [ 120.136886350010059, 30.364364177675156 ] ] } },
{ "type": "Feature", "properties": { "id": 227, "type": 2, "existence": true }, "geometry": { "type": "LineString", "coordinates": [ [ 120.136886350010059, 30.364364177675156 ], [ 120.140307633074826, 30.363560441980098 ] ] } },
{ "type": "Feature", "properties": { "id": 228, "type": 2, "existence": true }, "geometry": { "type": "LineString", "coordinates": [ [ 120.140307633074826, 30.363560441980098 ], [ 120.140269807173013, 30.359460185642433 ] ] } },
{ "type": "Feature", "properties": { "id": 229, "type": 2, "existence": true }, "geometry": { "type": "LineString", "coordinates": [ [ 120.137400049201119, 30.359467100721815 ], [ 120.137771122172808, 30.358274255100753 ] ] } },
{ "type": "Feature", "properties": { "id": 230, "type": 2, "existence": true }, "geometry": { "type": "LineString", "coordinates": [ [ 120.138569655195965, 30.358226516713501 ], [ 120.138569655195965, 30.358226516713422 ] ] } },
{ "type": "Feature", "properties": { "id": 231, "type": 2, "existence": true }, "geometry": { "type": "LineString", "coordinates": [ [ 120.138569655195965, 30.358226516713422 ], [ 120.138682419884844, 30.355539011300607 ] ] } },
{ "type": "Feature", "properties": { "id": 232, "type": 2, "existence": true }, "geometry": { "type": "LineString", "coordinates": [ [ 120.134319005615339, 30.364050967866319 ], [ 120.13440341562692, 30.364872903034367 ] ] } },
{ "type": "Feature", "properties": { "id": 233, "type": 2, "existence": true }, "geometry": { "type": "LineString", "coordinates": [ [ 120.13440341562692, 30.364872903034367 ], [ 120.134403415626934, 30.364872903034438 ] ] } },
{ "type": "Feature", "properties": { "id": 234, "type": 2, "existence": true }, "geometry": { "type": "LineString", "coordinates": [ [ 120.136856273296416, 30.350509194175288 ], [ 120.136856273296402, 30.350509194175359 ] ] } },
{ "type": "Feature", "properties": { "id": 235, "type": 2, "existence": true }, "geometry": { "type": "LineString", "coordinates": [ [ 120.136856273296402, 30.350509194175359 ], [ 120.136763113759002, 30.35107058509908 ] ] } },
{ "type": "Feature", "properties": { "id": 236, "type": 2, "existence": true }, "geometry": { "type": "LineString", "coordinates": [ [ 120.136763113759002, 30.35107058509908 ], [ 120.137516733713952, 30.351148961574442 ] ] } },
{ "type": "Feature", "properties": { "id": 237, "type": 2, "existence": true }, "geometry": { "type": "LineString", "coordinates": [ [ 120.137516733713952, 30.351148961574442 ], [ 120.138250276887561, 30.351225250064545 ] ] } },
{ "type": "Feature", "properties": { "id": 238, "type": 2, "existence": true }, "geometry": { "type": "LineString", "coordinates": [ [ 120.138250276887561, 30.351225250064545 ], [ 120.138316561406441, 30.350658966460401 ] ] } },
{ "type": "Feature", "properties": { "id": 239, "type": 2, "existence": true }, "geometry": { "type": "LineString", "coordinates": [ [ 120.124660648407144, 30.37600693685647 ], [ 120.124660648407158, 30.376006936856356 ] ] } },
{ "type": "Feature", "properties": { "id": 240, "type": 2, "existence": true }, "geometry": { "type": "LineString", "coordinates": [ [ 120.124660648407158, 30.376006936856356 ], [ 120.125503710967337, 30.370482765794009 ] ] } },
{ "type": "Feature", "properties": { "id": 241, "type": 2, "existence": true }, "geometry": { "type": "LineString", "coordinates": [ [ 120.125503710967337, 30.370482765794009 ], [ 120.125975350369913, 30.367588589383274 ] ] } },
{ "type": "Feature", "properties": { "id": 242, "type": 2, "existence": true }, "geometry": { "type": "LineString", "coordinates": [ [ 120.125975350369913, 30.367588589383274 ], [ 120.126243364435368, 30.366273787642569 ] ] } },
{ "type": "Feature", "properties": { "id": 243, "type": 2, "existence": true }, "geometry": { "type": "LineString", "coordinates": [ [ 120.126243364435368, 30.366273787642569 ], [ 120.126509576543754, 30.362468700267812 ] ] } },
{ "type": "Feature", "properties": { "id": 244, "type": 2, "existence": true }, "geometry": { "type": "LineString", "coordinates": [ [ 120.126509576543754, 30.362468700267812 ], [ 120.127082631976009, 30.360903671369499 ] ] } },
{ "type": "Feature", "properties": { "id": 245, "type": 2, "existence": true }, "geometry": { "type": "LineString", "coordinates": [ [ 120.127082631976009, 30.360903671369499 ], [ 120.128697632969761, 30.358358968558548 ] ] } },
{ "type": "Feature", "properties": { "id": 246, "type": 2, "existence": true }, "geometry": { "type": "LineString", "coordinates": [ [ 120.128697632969761, 30.358358968558548 ], [ 120.130032711094941, 30.356395858394478 ] ] } },
{ "type": "Feature", "properties": { "id": 247, "type": 2, "existence": true }, "geometry": { "type": "LineString", "coordinates": [ [ 120.130032711094941, 30.356395858394478 ], [ 120.130282281613177, 30.35593320046496 ] ] } },
{ "type": "Feature", "properties": { "id": 248, "type": 2, "existence": true }, "geometry": { "type": "LineString", "coordinates": [ [ 120.130282281613177, 30.35593320046496 ], [ 120.131372959948408, 30.350783253249574 ] ] } },
{ "type": "Feature", "properties": { "id": 249, "type": 2, "existence": true }, "geometry": { "type": "LineString", "coordinates": [ [ 120.131372959948408, 30.350783253249574 ], [ 120.131605039982105, 30.350017850707331 ] ] } },
{ "type": "Feature", "properties": { "id": 250, "type": 2, "existence": true }, "geometry": { "type": "LineString", "coordinates": [ [ 120.12564704636759, 30.369603199897824 ], [ 120.126332846383946, 30.369513561036392 ] ] } },
{ "type": "Feature", "properties": { "id": 251, "type": 2, "existence": true }, "geometry": { "type": "LineString", "coordinates": [ [ 120.126332846383946, 30.369513561036392 ], [ 120.129107535062985, 30.369150889808509 ] ] } },
{ "type": "Feature", "properties": { "id": 252, "type": 2, "existence": true }, "geometry": { "type": "LineString", "coordinates": [ [ 120.129107535062985, 30.369150889808509 ], [ 120.129759414080766, 30.368957528098466 ] ] } },
{ "type": "Feature", "properties": { "id": 253, "type": 2, "existence": true }, "geometry": { "type": "LineString", "coordinates": [ [ 120.129759414080766, 30.368957528098466 ], [ 120.130794419991375, 30.368650522492636 ] ] } },
{ "type": "Feature", "properties": { "id": 254, "type": 2, "existence": true }, "geometry": { "type": "LineString", "coordinates": [ [ 120.130794419991375, 30.368650522492636 ], [ 120.132589752016926, 30.368117987373257 ] ] } },
{ "type": "Feature", "properties": { "id": 255, "type": 2, "existence": true }, "geometry": { "type": "LineString", "coordinates": [ [ 120.132589752016926, 30.368117987373257 ], [ 120.132602484363133, 30.368114210678243 ] ] } },
{ "type": "Feature", "properties": { "id": 256, "type": 2, "existence": true }, "geometry": { "type": "LineString", "coordinates": [ [ 120.132602484363133, 30.368114210678243 ], [ 120.135686475447727, 30.367717348222964 ] ] } },
{ "type": "Feature", "properties": { "id": 257, "type": 2, "existence": true }, "geometry": { "type": "LineString", "coordinates": [ [ 120.135686475447727, 30.367717348222964 ], [ 120.135724169856303, 30.367712497529453 ] ] } },
{ "type": "Feature", "properties": { "id": 258, "type": 2, "existence": true }, "geometry": { "type": "LineString", "coordinates": [ [ 120.135724169856303, 30.367712497529453 ], [ 120.13761116863202, 30.367408810590849 ] ] } },
{ "type": "Feature", "properties": { "id": 259, "type": 2, "existence": true }, "geometry": { "type": "LineString", "coordinates": [ [ 120.13761116863202, 30.367408810590849 ], [ 120.138528595027324, 30.367261163217162 ] ] } },
{ "type": "Feature", "properties": { "id": 260, "type": 2, "existence": true }, "geometry": { "type": "LineString", "coordinates": [ [ 120.138528595027324, 30.367261163217162 ], [ 120.139796132705058, 30.367057170166468 ] ] } },
{ "type": "Feature", "properties": { "id": 261, "type": 2, "existence": true }, "geometry": { "type": "LineString", "coordinates": [ [ 120.139796132705058, 30.367057170166468 ], [ 120.140749015033663, 30.36690381663972 ] ] } },
{ "type": "Feature", "properties": { "id": 262, "type": 2, "existence": true }, "geometry": { "type": "LineString", "coordinates": [ [ 120.140749015033663, 30.36690381663972 ], [ 120.140749015033748, 30.366903816639706 ] ] } },
{ "type": "Feature", "properties": { "id": 263, "type": 2, "existence": true }, "geometry": { "type": "LineString", "coordinates": [ [ 120.137592638571732, 30.36504696455944 ], [ 120.137558719844151, 30.366044351240987 ] ] } },
{ "type": "Feature", "properties": { "id": 264, "type": 2, "existence": true }, "geometry": { "type": "LineString", "coordinates": [ [ 120.137558719844151, 30.366044351240987 ], [ 120.13761116863202, 30.367408810590849 ] ] } },
{ "type": "Feature", "properties": { "id": 265, "type": 2, "existence": true }, "geometry": { "type": "LineString", "coordinates": [ [ 120.13761116863202, 30.367408810590849 ], [ 120.13761116863202, 30.367408810590916 ] ] } },
{ "type": "Feature", "properties": { "id": 266, "type": 2, "existence": true }, "geometry": { "type": "LineString", "coordinates": [ [ 120.13852859502731, 30.367261163217279 ], [ 120.138528595027324, 30.367261163217162 ] ] } },
{ "type": "Feature", "properties": { "id": 267, "type": 2, "existence": true }, "geometry": { "type": "LineString", "coordinates": [ [ 120.138528595027324, 30.367261163217162 ], [ 120.138716191883191, 30.364837779358197 ] ] } },
{ "type": "Feature", "properties": { "id": 268, "type": 2, "existence": true }, "geometry": { "type": "LineString", "coordinates": [ [ 120.136935242138975, 30.358017624779848 ], [ 120.136935242138989, 30.358017624779848 ] ] } },
{ "type": "Feature", "properties": { "id": 269, "type": 2, "existence": true }, "geometry": { "type": "LineString", "coordinates": [ [ 120.136935242138989, 30.358017624779848 ], [ 120.138208140598863, 30.357934874037255 ] ] } },
{ "type": "Feature", "properties": { "id": 270, "type": 2, "existence": true }, "geometry": { "type": "LineString", "coordinates": [ [ 120.138208140598863, 30.357934874037255 ], [ 120.138380549476111, 30.355572682870918 ] ] } },
{ "type": "Feature", "properties": { "id": 271, "type": 2, "existence": true }, "geometry": { "type": "LineString", "coordinates": [ [ 120.138380549476111, 30.355572682870918 ], [ 120.138380724094759, 30.355570290403477 ] ] } },
{ "type": "Feature", "properties": { "id": 272, "type": 2, "existence": true }, "geometry": { "type": "LineString", "coordinates": [ [ 120.127653953370782, 30.360881786799951 ], [ 120.128578940110515, 30.359591484574366 ] ] } },
{ "type": "Feature", "properties": { "id": 273, "type": 2, "existence": true }, "geometry": { "type": "LineString", "coordinates": [ [ 120.128578940110515, 30.359591484574366 ], [ 120.133231939445025, 30.359477492603769 ] ] } },
{ "type": "Feature", "properties": { "id": 274, "type": 2, "existence": true }, "geometry": { "type": "LineString", "coordinates": [ [ 120.133231939445025, 30.359477492603769 ], [ 120.133247704960013, 30.359477106370719 ] ] } },
{ "type": "Feature", "properties": { "id": 275, "type": 2, "existence": true }, "geometry": { "type": "LineString", "coordinates": [ [ 120.140175244542888, 30.373707407341385 ], [ 120.140175244542888, 30.373707407341371 ] ] } },
{ "type": "Feature", "properties": { "id": 276, "type": 2, "existence": true }, "geometry": { "type": "LineString", "coordinates": [ [ 120.140175244542888, 30.373707407341371 ], [ 120.140131315516754, 30.37293682089836 ] ] } },
{ "type": "Feature", "properties": { "id": 277, "type": 2, "existence": true }, "geometry": { "type": "LineString", "coordinates": [ [ 120.140131315516754, 30.37293682089836 ], [ 120.140005798502003, 30.370735048665601 ] ] } },
{ "type": "Feature", "properties": { "id": 278, "type": 2, "existence": true }, "geometry": { "type": "LineString", "coordinates": [ [ 120.140005798502003, 30.370735048665601 ], [ 120.13981558459173, 30.367398387841426 ] ] } },
{ "type": "Feature", "properties": { "id": 279, "type": 2, "existence": true }, "geometry": { "type": "LineString", "coordinates": [ [ 120.13981558459173, 30.367398387841426 ], [ 120.139796132705058, 30.367057170166468 ] ] } },
{ "type": "Feature", "properties": { "id": 280, "type": 2, "existence": true }, "geometry": { "type": "LineString", "coordinates": [ [ 120.139796132705058, 30.367057170166468 ], [ 120.139659598255662, 30.364662134241996 ] ] } },
{ "type": "Feature", "properties": { "id": 281, "type": 2, "existence": true }, "geometry": { "type": "LineString", "coordinates": [ [ 120.132615092479227, 30.368814458520148 ], [ 120.135661372597426, 30.368325460026639 ] ] } },
{ "type": "Feature", "properties": { "id": 282, "type": 2, "existence": true }, "geometry": { "type": "LineString", "coordinates": [ [ 120.135661372597426, 30.368325460026639 ], [ 120.137767497945319, 30.367987378142406 ] ] } },
{ "type": "Feature", "properties": { "id": 283, "type": 2, "existence": true }, "geometry": { "type": "LineString", "coordinates": [ [ 120.137767497945319, 30.367987378142406 ], [ 120.137767876508974, 30.367987317374173 ] ] } },
{ "type": "Feature", "properties": { "id": 284, "type": 2, "existence": true }, "geometry": { "type": "LineString", "coordinates": [ [ 120.13683571169463, 30.37082063395485 ], [ 120.13683571169463, 30.370820633954754 ] ] } },
{ "type": "Feature", "properties": { "id": 285, "type": 2, "existence": true }, "geometry": { "type": "LineString", "coordinates": [ [ 120.13683571169463, 30.370820633954754 ], [ 120.136740421644504, 30.369323088997614 ] ] } },
{ "type": "Feature", "properties": { "id": 286, "type": 2, "existence": true }, "geometry": { "type": "LineString", "coordinates": [ [ 120.136740421644504, 30.369323088997614 ], [ 120.136666673304262, 30.368164085986223 ] ] } },
{ "type": "Feature", "properties": { "id": 287, "type": 2, "existence": true }, "geometry": { "type": "LineString", "coordinates": [ [ 120.136796214806168, 30.370175930825212 ], [ 120.137832337284081, 30.370116716964471 ] ] } },
{ "type": "Feature", "properties": { "id": 288, "type": 2, "existence": true }, "geometry": { "type": "LineString", "coordinates": [ [ 120.137832337284081, 30.370116716964471 ], [ 120.137834061921581, 30.370116618402335 ] ] } },
{ "type": "Feature", "properties": { "id": 289, "type": 2, "existence": true }, "geometry": { "type": "LineString", "coordinates": [ [ 120.137231284973836, 30.369260296622258 ], [ 120.137297331654622, 30.368062850718559 ] ] } },
{ "type": "Feature", "properties": { "id": 290, "type": 2, "existence": true }, "geometry": { "type": "LineString", "coordinates": [ [ 120.135864275182598, 30.372365748474181 ], [ 120.137899475373018, 30.372321547271721 ] ] } },
{ "type": "Feature", "properties": { "id": 291, "type": 2, "existence": true }, "geometry": { "type": "LineString", "coordinates": [ [ 120.137899475373018, 30.372321547271721 ], [ 120.14009352398898, 30.372273896142588 ] ] } },
{ "type": "Feature", "properties": { "id": 292, "type": 2, "existence": true }, "geometry": { "type": "LineString", "coordinates": [ [ 120.125072751660355, 30.373306628512751 ], [ 120.126036251514932, 30.373282966921508 ] ] } },
{ "type": "Feature", "properties": { "id": 293, "type": 2, "existence": true }, "geometry": { "type": "LineString", "coordinates": [ [ 120.126036251514932, 30.373282966921508 ], [ 120.129367283583264, 30.373201163567987 ] ] } },
{ "type": "Feature", "properties": { "id": 294, "type": 2, "existence": true }, "geometry": { "type": "LineString", "coordinates": [ [ 120.129367283583264, 30.373201163567987 ], [ 120.132768621593527, 30.373117633643933 ] ] } },
{ "type": "Feature", "properties": { "id": 295, "type": 2, "existence": true }, "geometry": { "type": "LineString", "coordinates": [ [ 120.132768621593527, 30.373117633643933 ], [ 120.135871675804538, 30.373041428961596 ] ] } },
{ "type": "Feature", "properties": { "id": 296, "type": 2, "existence": true }, "geometry": { "type": "LineString", "coordinates": [ [ 120.135871675804538, 30.373041428961596 ], [ 120.137919864461225, 30.372991129625738 ] ] } },
{ "type": "Feature", "properties": { "id": 297, "type": 2, "existence": true }, "geometry": { "type": "LineString", "coordinates": [ [ 120.137919864461225, 30.372991129625738 ], [ 120.140131315516754, 30.37293682089836 ] ] } },
{ "type": "Feature", "properties": { "id": 298, "type": 2, "existence": true }, "geometry": { "type": "LineString", "coordinates": [ [ 120.140131315516754, 30.37293682089836 ], [ 120.140131315516783, 30.37293682089836 ] ] } },
{ "type": "Feature", "properties": { "id": 299, "type": 2, "existence": true }, "geometry": { "type": "LineString", "coordinates": [ [ 120.138894373508265, 30.35198529443386 ], [ 120.138828315819538, 30.35340734384565 ] ] } },
{ "type": "Feature", "properties": { "id": 300, "type": 2, "existence": true }, "geometry": { "type": "LineString", "coordinates": [ [ 120.138828315819538, 30.35340734384565 ], [ 120.13878965868571, 30.354239530915098 ] ] } },
{ "type": "Feature", "properties": { "id": 301, "type": 2, "existence": true }, "geometry": { "type": "LineString", "coordinates": [ [ 120.13878965868571, 30.354239530915098 ], [ 120.138772375379176, 30.354611595338913 ] ] } },
{ "type": "Feature", "properties": { "id": 302, "type": 2, "existence": true }, "geometry": { "type": "LineString", "coordinates": [ [ 120.138772375379176, 30.354611595338913 ], [ 120.138772375379176, 30.354611595338952 ] ] } },
{ "type": "Feature", "properties": { "id": 303, "type": 2, "existence": true }, "geometry": { "type": "LineString", "coordinates": [ [ 120.135518463279936, 30.354369202366058 ], [ 120.13724992316719, 30.354300566626517 ] ] } },
{ "type": "Feature", "properties": { "id": 304, "type": 2, "existence": true }, "geometry": { "type": "LineString", "coordinates": [ [ 120.13724992316719, 30.354300566626517 ], [ 120.13878965868571, 30.354239530915098 ] ] } },
{ "type": "Feature", "properties": { "id": 305, "type": 2, "existence": true }, "geometry": { "type": "LineString", "coordinates": [ [ 120.13878965868571, 30.354239530915098 ], [ 120.138789658685823, 30.354239530915095 ] ] } },
{ "type": "Feature", "properties": { "id": 306, "type": 2, "existence": true }, "geometry": { "type": "LineString", "coordinates": [ [ 120.135537691341028, 30.354972901148585 ], [ 120.135518463279936, 30.354369202366058 ] ] } },
{ "type": "Feature", "properties": { "id": 307, "type": 2, "existence": true }, "geometry": { "type": "LineString", "coordinates": [ [ 120.135537691341028, 30.354972901148585 ], [ 120.133445996754631, 30.355093511252928 ] ] } },
{ "type": "Feature", "properties": { "id": 308, "type": 2, "existence": true }, "geometry": { "type": "LineString", "coordinates": [ [ 120.133445996754631, 30.355093511252928 ], [ 120.130702224886591, 30.35525172106685 ] ] } },
{ "type": "Feature", "properties": { "id": 309, "type": 2, "existence": true }, "geometry": { "type": "LineString", "coordinates": [ [ 120.130702224886591, 30.35525172106685 ], [ 120.131558830848576, 30.351349405017174 ] ] } },
{ "type": "Feature", "properties": { "id": 310, "type": 2, "existence": true }, "geometry": { "type": "LineString", "coordinates": [ [ 120.131558830848576, 30.351349405017174 ], [ 120.133028469737297, 30.351358332308216 ] ] } },
{ "type": "Feature", "properties": { "id": 311, "type": 2, "existence": true }, "geometry": { "type": "LineString", "coordinates": [ [ 120.133028469737297, 30.351358332308216 ], [ 120.133048650105366, 30.351358454893443 ] ] } },
{ "type": "Feature", "properties": { "id": 312, "type": 2, "existence": true }, "geometry": { "type": "LineString", "coordinates": [ [ 120.133048650105366, 30.351358454893443 ], [ 120.135335437155504, 30.351272839284604 ] ] } },
{ "type": "Feature", "properties": { "id": 313, "type": 2, "existence": true }, "geometry": { "type": "LineString", "coordinates": [ [ 120.135335437155504, 30.351272839284604 ], [ 120.137396525375934, 30.35256887997712 ] ] } },
{ "type": "Feature", "properties": { "id": 314, "type": 2, "existence": true }, "geometry": { "type": "LineString", "coordinates": [ [ 120.137396525375934, 30.35256887997712 ], [ 120.137396525375948, 30.352568879977127 ] ] } },
{ "type": "Feature", "properties": { "id": 315, "type": 2, "existence": true }, "geometry": { "type": "LineString", "coordinates": [ [ 120.137396525375948, 30.352568879977127 ], [ 120.138894373508265, 30.35198529443386 ] ] } },
{ "type": "Feature", "properties": { "id": 316, "type": 2, "existence": true }, "geometry": { "type": "LineString", "coordinates": [ [ 120.138894373508265, 30.35198529443386 ], [ 120.140931021375664, 30.351937516614882 ] ] } },
{ "type": "Feature", "properties": { "id": 317, "type": 2, "existence": true }, "geometry": { "type": "LineString", "coordinates": [ [ 120.140931021375664, 30.351937516614882 ], [ 120.14093289508628, 30.351937472659415 ] ] } },
{ "type": "Feature", "properties": { "id": 318, "type": 2, "existence": true }, "geometry": { "type": "LineString", "coordinates": [ [ 120.130667806479778, 30.356524097271972 ], [ 120.133564846651197, 30.356156737374402 ] ] } },
{ "type": "Feature", "properties": { "id": 319, "type": 2, "existence": true }, "geometry": { "type": "LineString", "coordinates": [ [ 120.133564846651197, 30.356156737374402 ], [ 120.136637548400699, 30.355767102666846 ] ] } },
{ "type": "Feature", "properties": { "id": 320, "type": 2, "existence": true }, "geometry": { "type": "LineString", "coordinates": [ [ 120.136637548400699, 30.355767102666846 ], [ 120.137130422497549, 30.355712125947278 ] ] } },
{ "type": "Feature", "properties": { "id": 321, "type": 2, "existence": true }, "geometry": { "type": "LineString", "coordinates": [ [ 120.137130422497549, 30.355712125947278 ], [ 120.138380549476111, 30.355572682870918 ] ] } },
{ "type": "Feature", "properties": { "id": 322, "type": 2, "existence": true }, "geometry": { "type": "LineString", "coordinates": [ [ 120.138380549476111, 30.355572682870918 ], [ 120.138682419884844, 30.355539011300607 ] ] } },
{ "type": "Feature", "properties": { "id": 323, "type": 2, "existence": true }, "geometry": { "type": "LineString", "coordinates": [ [ 120.138682419884844, 30.355539011300607 ], [ 120.140401601686335, 30.355367973493191 ] ] } },
{ "type": "Feature", "properties": { "id": 324, "type": 2, "existence": true }, "geometry": { "type": "LineString", "coordinates": [ [ 120.140401601686335, 30.355367973493191 ], [ 120.140631206684589, 30.355345130571379 ] ] } },
{ "type": "Feature", "properties": { "id": 325, "type": 13, "existence": true }, "geometry": { "type": "Point", "coordinates": [ 120.124111861000074, 30.376017895000189 ] } },
{ "type": "Feature", "properties": { "id": 326, "type": 13, "existence": true }, "geometry": { "type": "Point", "coordinates": [ 120.124660648407144, 30.37600693685647 ] } },
{ "type": "Feature", "properties": { "id": 327, "type": 13, "existence": true }, "geometry": { "type": "Point", "coordinates": [ 120.124660648407158, 30.376006936856356 ] } },
{ "type": "Feature", "properties": { "id": 328, "type": 13, "existence": true }, "geometry": { "type": "Point", "coordinates": [ 120.124976441000058, 30.370167976000118 ] } },
{ "type": "Feature", "properties": { "id": 329, "type": 13, "existence": true }, "geometry": { "type": "Point", "coordinates": [ 120.125072751660355, 30.373306628512751 ] } },
{ "type": "Feature", "properties": { "id": 330, "type": 13, "existence": true }, "geometry": { "type": "Point", "coordinates": [ 120.125503710967337, 30.370482765794009 ] } },
{ "type": "Feature", "properties": { "id": 331, "type": 13, "existence": true }, "geometry": { "type": "Point", "coordinates": [ 120.125512175173526, 30.366396148789363 ] } },
{ "type": "Feature", "properties": { "id": 332, "type": 13, "existence": true }, "geometry": { "type": "Point", "coordinates": [ 120.125585658816931, 30.369979899555062 ] } },
{ "type": "Feature", "properties": { "id": 333, "type": 13, "existence": true }, "geometry": { "type": "Point", "coordinates": [ 120.12564704636759, 30.369603199897824 ] } },
{ "type": "Feature", "properties": { "id": 334, "type": 13, "existence": true }, "geometry": { "type": "Point", "coordinates": [ 120.125927178000097, 30.363100594000173 ] } },
{ "type": "Feature", "properties": { "id": 335, "type": 13, "existence": true }, "geometry": { "type": "Point", "coordinates": [ 120.125975350369913, 30.367588589383274 ] } },
{ "type": "Feature", "properties": { "id": 336, "type": 13, "existence": true }, "geometry": { "type": "Point", "coordinates": [ 120.126003788774369, 30.37265128379488 ] } },
{ "type": "Feature", "properties": { "id": 337, "type": 13, "existence": true }, "geometry": { "type": "Point", "coordinates": [ 120.126036251514932, 30.373282966921508 ] } },
{ "type": "Feature", "properties": { "id": 338, "type": 13, "existence": true }, "geometry": { "type": "Point", "coordinates": [ 120.126131962407385, 30.375198258855448 ] } },
{ "type": "Feature", "properties": { "id": 339, "type": 13, "existence": true }, "geometry": { "type": "Point", "coordinates": [ 120.126134675488444, 30.375198170697558 ] } },
{ "type": "Feature", "properties": { "id": 340, "type": 13, "existence": true }, "geometry": { "type": "Point", "coordinates": [ 120.126174685021738, 30.375976704692107 ] } },
{ "type": "Feature", "properties": { "id": 341, "type": 13, "existence": true }, "geometry": { "type": "Point", "coordinates": [ 120.126220420701387, 30.370412534173891 ] } },
{ "type": "Feature", "properties": { "id": 342, "type": 13, "existence": true }, "geometry": { "type": "Point", "coordinates": [ 120.126227946000199, 30.361428543000102 ] } },
{ "type": "Feature", "properties": { "id": 343, "type": 13, "existence": true }, "geometry": { "type": "Point", "coordinates": [ 120.126243364435368, 30.366273787642569 ] } },
{ "type": "Feature", "properties": { "id": 344, "type": 13, "existence": true }, "geometry": { "type": "Point", "coordinates": [ 120.12627185336892, 30.369881011113048 ] } },
{ "type": "Feature", "properties": { "id": 345, "type": 13, "existence": true }, "geometry": { "type": "Point", "coordinates": [ 120.126277076252222, 30.369827036021832 ] } },
{ "type": "Feature", "properties": { "id": 346, "type": 13, "existence": true }, "geometry": { "type": "Point", "coordinates": [ 120.126332846383946, 30.369513561036392 ] } },
{ "type": "Feature", "properties": { "id": 347, "type": 13, "existence": true }, "geometry": { "type": "Point", "coordinates": [ 120.126509576543754, 30.362468700267812 ] } },
{ "type": "Feature", "properties": { "id": 348, "type": 13, "existence": true }, "geometry": { "type": "Point", "coordinates": [ 120.126612129706473, 30.367943754174746 ] } },
{ "type": "Feature", "properties": { "id": 349, "type": 13, "existence": true }, "geometry": { "type": "Point", "coordinates": [ 120.126824967000061, 30.359872904000099 ] } },
{ "type": "Feature", "properties": { "id": 350, "type": 13, "existence": true }, "geometry": { "type": "Point", "coordinates": [ 120.126852256979078, 30.364493547613563 ] } },
{ "type": "Feature", "properties": { "id": 351, "type": 13, "existence": true }, "geometry": { "type": "Point", "coordinates": [ 120.127082631976009, 30.360903671369499 ] } },
{ "type": "Feature", "properties": { "id": 352, "type": 13, "existence": true }, "geometry": { "type": "Point", "coordinates": [ 120.127142715656078, 30.362443503651946 ] } },
{ "type": "Feature", "properties": { "id": 353, "type": 13, "existence": true }, "geometry": { "type": "Point", "coordinates": [ 120.127142715656092, 30.362443503651914 ] } },
{ "type": "Feature", "properties": { "id": 354, "type": 13, "existence": true }, "geometry": { "type": "Point", "coordinates": [ 120.127653953370782, 30.360881786799951 ] } },
{ "type": "Feature", "properties": { "id": 355, "type": 13, "existence": true }, "geometry": { "type": "Point", "coordinates": [ 120.12780143970258, 30.362417288849542 ] } },
{ "type": "Feature", "properties": { "id": 356, "type": 13, "existence": true }, "geometry": { "type": "Point", "coordinates": [ 120.127801439702608, 30.362417288849418 ] } },
{ "type": "Feature", "properties": { "id": 357, "type": 13, "existence": true }, "geometry": { "type": "Point", "coordinates": [ 120.12810539883958, 30.36086449409936 ] } },
{ "type": "Feature", "properties": { "id": 358, "type": 13, "existence": true }, "geometry": { "type": "Point", "coordinates": [ 120.12810539883958, 30.360864494099378 ] } },
{ "type": "Feature", "properties": { "id": 359, "type": 13, "existence": true }, "geometry": { "type": "Point", "coordinates": [ 120.128279500757685, 30.362398263771865 ] } },
{ "type": "Feature", "properties": { "id": 360, "type": 13, "existence": true }, "geometry": { "type": "Point", "coordinates": [ 120.128315565824664, 30.363564897642618 ] } },
{ "type": "Feature", "properties": { "id": 361, "type": 13, "existence": true }, "geometry": { "type": "Point", "coordinates": [ 120.128341559816704, 30.364405752080575 ] } },
{ "type": "Feature", "properties": { "id": 362, "type": 13, "existence": true }, "geometry": { "type": "Point", "coordinates": [ 120.128341697496694, 30.36441020575694 ] } },
{ "type": "Feature", "properties": { "id": 363, "type": 13, "existence": true }, "geometry": { "type": "Point", "coordinates": [ 120.128578940110515, 30.359591484574366 ] } },
{ "type": "Feature", "properties": { "id": 364, "type": 13, "existence": true }, "geometry": { "type": "Point", "coordinates": [ 120.128639969823439, 30.370175438392096 ] } },
{ "type": "Feature", "properties": { "id": 365, "type": 13, "existence": true }, "geometry": { "type": "Point", "coordinates": [ 120.128697632969761, 30.358358968558548 ] } },
{ "type": "Feature", "properties": { "id": 366, "type": 13, "existence": true }, "geometry": { "type": "Point", "coordinates": [ 120.128745221944129, 30.372571898664482 ] } },
{ "type": "Feature", "properties": { "id": 367, "type": 13, "existence": true }, "geometry": { "type": "Point", "coordinates": [ 120.12874557951784, 30.372580040174455 ] } },
{ "type": "Feature", "properties": { "id": 368, "type": 13, "existence": true }, "geometry": { "type": "Point", "coordinates": [ 120.129107535062985, 30.369150889808509 ] } },
{ "type": "Feature", "properties": { "id": 369, "type": 13, "existence": true }, "geometry": { "type": "Point", "coordinates": [ 120.129239855742412, 30.369453288203033 ] } },
{ "type": "Feature", "properties": { "id": 370, "type": 13, "existence": true }, "geometry": { "type": "Point", "coordinates": [ 120.129262335316042, 30.370114451726423 ] } },
{ "type": "Feature", "properties": { "id": 371, "type": 13, "existence": true }, "geometry": { "type": "Point", "coordinates": [ 120.129262335316184, 30.370114451726408 ] } },
{ "type": "Feature", "properties": { "id": 372, "type": 13, "existence": true }, "geometry": { "type": "Point", "coordinates": [ 120.12932058640115, 30.362356832379305 ] } },
{ "type": "Feature", "properties": { "id": 373, "type": 13, "existence": true }, "geometry": { "type": "Point", "coordinates": [ 120.129345297754782, 30.37255452195182 ] } },
{ "type": "Feature", "properties": { "id": 374, "type": 13, "existence": true }, "geometry": { "type": "Point", "coordinates": [ 120.129362370367502, 30.363463562478902 ] } },
{ "type": "Feature", "properties": { "id": 375, "type": 13, "existence": true }, "geometry": { "type": "Point", "coordinates": [ 120.129362370367517, 30.363463562478898 ] } },
{ "type": "Feature", "properties": { "id": 376, "type": 13, "existence": true }, "geometry": { "type": "Point", "coordinates": [ 120.129367283583264, 30.373201163567987 ] } },
{ "type": "Feature", "properties": { "id": 377, "type": 13, "existence": true }, "geometry": { "type": "Point", "coordinates": [ 120.129395596281938, 30.364343615830705 ] } },
{ "type": "Feature", "properties": { "id": 378, "type": 13, "existence": true }, "geometry": { "type": "Point", "coordinates": [ 120.129395596281967, 30.364343615830702 ] } },
{ "type": "Feature", "properties": { "id": 379, "type": 13, "existence": true }, "geometry": { "type": "Point", "coordinates": [ 120.129431539542921, 30.375091043571356 ] } },
{ "type": "Feature", "properties": { "id": 380, "type": 13, "existence": true }, "geometry": { "type": "Point", "coordinates": [ 120.129431698700614, 30.375095724676953 ] } },
{ "type": "Feature", "properties": { "id": 381, "type": 13, "existence": true }, "geometry": { "type": "Point", "coordinates": [ 120.129441280738206, 30.365553658037015 ] } },
{ "type": "Feature", "properties": { "id": 382, "type": 13, "existence": true }, "geometry": { "type": "Point", "coordinates": [ 120.129441280738234, 30.365553658037012 ] } },
{ "type": "Feature", "properties": { "id": 383, "type": 13, "existence": true }, "geometry": { "type": "Point", "coordinates": [ 120.12946649646085, 30.366221545785493 ] } },
{ "type": "Feature", "properties": { "id": 384, "type": 13, "existence": true }, "geometry": { "type": "Point", "coordinates": [ 120.129542331000039, 30.356327851000117 ] } },
{ "type": "Feature", "properties": { "id": 385, "type": 13, "existence": true }, "geometry": { "type": "Point", "coordinates": [ 120.129551929721487, 30.367019530864415 ] } },
{ "type": "Feature", "properties": { "id": 386, "type": 13, "existence": true }, "geometry": { "type": "Point", "coordinates": [ 120.129551929721515, 30.367019530864411 ] } },
{ "type": "Feature", "properties": { "id": 387, "type": 13, "existence": true }, "geometry": { "type": "Point", "coordinates": [ 120.129598370978229, 30.367453313089889 ] } },
{ "type": "Feature", "properties": { "id": 388, "type": 13, "existence": true }, "geometry": { "type": "Point", "coordinates": [ 120.129759414080766, 30.368957528098466 ] } },
{ "type": "Feature", "properties": { "id": 389, "type": 13, "existence": true }, "geometry": { "type": "Point", "coordinates": [ 120.129794420896687, 30.369284507503895 ] } },
{ "type": "Feature", "properties": { "id": 390, "type": 13, "existence": true }, "geometry": { "type": "Point", "coordinates": [ 120.129794420896701, 30.369284507504062 ] } },
{ "type": "Feature", "properties": { "id": 391, "type": 13, "existence": true }, "geometry": { "type": "Point", "coordinates": [ 120.12982261500008, 30.355646083000181 ] } },
{ "type": "Feature", "properties": { "id": 392, "type": 13, "existence": true }, "geometry": { "type": "Point", "coordinates": [ 120.130032711094941, 30.356395858394478 ] } },
{ "type": "Feature", "properties": { "id": 393, "type": 13, "existence": true }, "geometry": { "type": "Point", "coordinates": [ 120.130282281613177, 30.35593320046496 ] } },
{ "type": "Feature", "properties": { "id": 394, "type": 13, "existence": true }, "geometry": { "type": "Point", "coordinates": [ 120.130478545667756, 30.360773590279564 ] } },
{ "type": "Feature", "properties": { "id": 395, "type": 13, "existence": true }, "geometry": { "type": "Point", "coordinates": [ 120.130478545667756, 30.360773590279639 ] } },
{ "type": "Feature", "properties": { "id": 396, "type": 13, "existence": true }, "geometry": { "type": "Point", "coordinates": [ 120.130497306518123, 30.362310003231812 ] } },
{ "type": "Feature", "properties": { "id": 397, "type": 13, "existence": true }, "geometry": { "type": "Point", "coordinates": [ 120.130523963600126, 30.367301299703058 ] } },
{ "type": "Feature", "properties": { "id": 398, "type": 13, "existence": true }, "geometry": { "type": "Point", "coordinates": [ 120.130667806479778, 30.356524097271972 ] } },
{ "type": "Feature", "properties": { "id": 399, "type": 13, "existence": true }, "geometry": { "type": "Point", "coordinates": [ 120.130702224886591, 30.35525172106685 ] } },
{ "type": "Feature", "properties": { "id": 400, "type": 13, "existence": true }, "geometry": { "type": "Point", "coordinates": [ 120.130729398331937, 30.35776537574236 ] } },
{ "type": "Feature", "properties": { "id": 401, "type": 13, "existence": true }, "geometry": { "type": "Point", "coordinates": [ 120.130794419991375, 30.368650522492636 ] } },
{ "type": "Feature", "properties": { "id": 402, "type": 13, "existence": true }, "geometry": { "type": "Point", "coordinates": [ 120.13085669756083, 30.368961205910409 ] } },
{ "type": "Feature", "properties": { "id": 403, "type": 13, "existence": true }, "geometry": { "type": "Point", "coordinates": [ 120.131019845775313, 30.349955226409065 ] } },
{ "type": "Feature", "properties": { "id": 404, "type": 13, "existence": true }, "geometry": { "type": "Point", "coordinates": [ 120.131019845775427, 30.349955226409065 ] } },
{ "type": "Feature", "properties": { "id": 405, "type": 13, "existence": true }, "geometry": { "type": "Point", "coordinates": [ 120.131348126962735, 30.369797821783152 ] } },
{ "type": "Feature", "properties": { "id": 406, "type": 13, "existence": true }, "geometry": { "type": "Point", "coordinates": [ 120.131372959948408, 30.350783253249574 ] } },
{ "type": "Feature", "properties": { "id": 407, "type": 13, "existence": true }, "geometry": { "type": "Point", "coordinates": [ 120.13147731448089, 30.37067133032582 ] } },
{ "type": "Feature", "properties": { "id": 408, "type": 13, "existence": true }, "geometry": { "type": "Point", "coordinates": [ 120.131558830848576, 30.351349405017174 ] } },
{ "type": "Feature", "properties": { "id": 409, "type": 13, "existence": true }, "geometry": { "type": "Point", "coordinates": [ 120.131605039982105, 30.350017850707331 ] } },
{ "type": "Feature", "properties": { "id": 410, "type": 13, "existence": true }, "geometry": { "type": "Point", "coordinates": [ 120.132379283478826, 30.362235107447304 ] } },
{ "type": "Feature", "properties": { "id": 411, "type": 13, "existence": true }, "geometry": { "type": "Point", "coordinates": [ 120.132379283478855, 30.362235107447219 ] } },
{ "type": "Feature", "properties": { "id": 412, "type": 13, "existence": true }, "geometry": { "type": "Point", "coordinates": [ 120.132448226827009, 30.364162167152656 ] } },
{ "type": "Feature", "properties": { "id": 413, "type": 13, "existence": true }, "geometry": { "type": "Point", "coordinates": [ 120.13248858889682, 30.365290341522364 ] } },
{ "type": "Feature", "properties": { "id": 414, "type": 13, "existence": true }, "geometry": { "type": "Point", "coordinates": [ 120.132492244682453, 30.365290025627587 ] } },
{ "type": "Feature", "properties": { "id": 415, "type": 13, "existence": true }, "geometry": { "type": "Point", "coordinates": [ 120.132492777677612, 30.366177903139544 ] } },
{ "type": "Feature", "properties": { "id": 416, "type": 13, "existence": true }, "geometry": { "type": "Point", "coordinates": [ 120.132520111021847, 30.366171427494848 ] } },
{ "type": "Feature", "properties": { "id": 417, "type": 13, "existence": true }, "geometry": { "type": "Point", "coordinates": [ 120.132521436335082, 30.366772319090501 ] } },
{ "type": "Feature", "properties": { "id": 418, "type": 13, "existence": true }, "geometry": { "type": "Point", "coordinates": [ 120.132541531680758, 30.366770163844613 ] } },
{ "type": "Feature", "properties": { "id": 419, "type": 13, "existence": true }, "geometry": { "type": "Point", "coordinates": [ 120.132589752016926, 30.368117987373257 ] } },
{ "type": "Feature", "properties": { "id": 420, "type": 13, "existence": true }, "geometry": { "type": "Point", "coordinates": [ 120.132600927361963, 30.368430353362218 ] } },
{ "type": "Feature", "properties": { "id": 421, "type": 13, "existence": true }, "geometry": { "type": "Point", "coordinates": [ 120.132601368889368, 30.368430218984315 ] } },
{ "type": "Feature", "properties": { "id": 422, "type": 13, "existence": true }, "geometry": { "type": "Point", "coordinates": [ 120.132602484363133, 30.368114210678243 ] } },
{ "type": "Feature", "properties": { "id": 423, "type": 13, "existence": true }, "geometry": { "type": "Point", "coordinates": [ 120.132615092479227, 30.368814458520148 ] } },
{ "type": "Feature", "properties": { "id": 424, "type": 13, "existence": true }, "geometry": { "type": "Point", "coordinates": [ 120.132628686650719, 30.360691228739256 ] } },
{ "type": "Feature", "properties": { "id": 425, "type": 13, "existence": true }, "geometry": { "type": "Point", "coordinates": [ 120.13264281907469, 30.369601283317238 ] } },
{ "type": "Feature", "properties": { "id": 426, "type": 13, "existence": true }, "geometry": { "type": "Point", "coordinates": [ 120.132643192872365, 30.369601226573536 ] } },
{ "type": "Feature", "properties": { "id": 427, "type": 13, "existence": true }, "geometry": { "type": "Point", "coordinates": [ 120.132652245420786, 30.369854684090569 ] } },
{ "type": "Feature", "properties": { "id": 428, "type": 13, "existence": true }, "geometry": { "type": "Point", "coordinates": [ 120.132679443978688, 30.37062499885441 ] } },
{ "type": "Feature", "properties": { "id": 429, "type": 13, "existence": true }, "geometry": { "type": "Point", "coordinates": [ 120.132679757732262, 30.370624986761982 ] } },
{ "type": "Feature", "properties": { "id": 430, "type": 13, "existence": true }, "geometry": { "type": "Point", "coordinates": [ 120.13269074233699, 30.370932538903276 ] } },
{ "type": "Feature", "properties": { "id": 431, "type": 13, "existence": true }, "geometry": { "type": "Point", "coordinates": [ 120.132744953423568, 30.372456076324344 ] } },
{ "type": "Feature", "properties": { "id": 432, "type": 13, "existence": true }, "geometry": { "type": "Point", "coordinates": [ 120.132768621593527, 30.373117633643933 ] } },
{ "type": "Feature", "properties": { "id": 433, "type": 13, "existence": true }, "geometry": { "type": "Point", "coordinates": [ 120.132835266331369, 30.374980444085541 ] } },
{ "type": "Feature", "properties": { "id": 434, "type": 13, "existence": true }, "geometry": { "type": "Point", "coordinates": [ 120.132858932562456, 30.360683851741435 ] } },
{ "type": "Feature", "properties": { "id": 435, "type": 13, "existence": true }, "geometry": { "type": "Point", "coordinates": [ 120.132866128753449, 30.375843090469409 ] } },
{ "type": "Feature", "properties": { "id": 436, "type": 13, "existence": true }, "geometry": { "type": "Point", "coordinates": [ 120.132866128753449, 30.375843090469516 ] } },
{ "type": "Feature", "properties": { "id": 437, "type": 13, "existence": true }, "geometry": { "type": "Point", "coordinates": [ 120.132892089035636, 30.35013827634981 ] } },
{ "type": "Feature", "properties": { "id": 438, "type": 13, "existence": true }, "geometry": { "type": "Point", "coordinates": [ 120.133028469737297, 30.351358332308216 ] } },
{ "type": "Feature", "properties": { "id": 439, "type": 13, "existence": true }, "geometry": { "type": "Point", "coordinates": [ 120.133048650105366, 30.351358454893443 ] } },
{ "type": "Feature", "properties": { "id": 440, "type": 13, "existence": true }, "geometry": { "type": "Point", "coordinates": [ 120.133231939445025, 30.359477492603769 ] } },
{ "type": "Feature", "properties": { "id": 441, "type": 13, "existence": true }, "geometry": { "type": "Point", "coordinates": [ 120.133247704960013, 30.359477106370719 ] } },
{ "type": "Feature", "properties": { "id": 442, "type": 13, "existence": true }, "geometry": { "type": "Point", "coordinates": [ 120.133325300636443, 30.353494359479214 ] } },
{ "type": "Feature", "properties": { "id": 443, "type": 13, "existence": true }, "geometry": { "type": "Point", "coordinates": [ 120.133418849402688, 30.370924138000532 ] } },
{ "type": "Feature", "properties": { "id": 444, "type": 13, "existence": true }, "geometry": { "type": "Point", "coordinates": [ 120.13343564031004, 30.36410347519228 ] } },
{ "type": "Feature", "properties": { "id": 445, "type": 13, "existence": true }, "geometry": { "type": "Point", "coordinates": [ 120.133445996754631, 30.355093511252928 ] } },
{ "type": "Feature", "properties": { "id": 446, "type": 13, "existence": true }, "geometry": { "type": "Point", "coordinates": [ 120.133456561408821, 30.372435469915505 ] } },
{ "type": "Feature", "properties": { "id": 447, "type": 13, "existence": true }, "geometry": { "type": "Point", "coordinates": [ 120.133456561408821, 30.372435469915615 ] } },
{ "type": "Feature", "properties": { "id": 448, "type": 13, "existence": true }, "geometry": { "type": "Point", "coordinates": [ 120.1335161717152, 30.365046231089252 ] } },
{ "type": "Feature", "properties": { "id": 449, "type": 13, "existence": true }, "geometry": { "type": "Point", "coordinates": [ 120.133564846651197, 30.356156737374402 ] } },
{ "type": "Feature", "properties": { "id": 450, "type": 13, "existence": true }, "geometry": { "type": "Point", "coordinates": [ 120.133566110106017, 30.356168040187526 ] } },
{ "type": "Feature", "properties": { "id": 451, "type": 13, "existence": true }, "geometry": { "type": "Point", "coordinates": [ 120.133584751538933, 30.358336446383817 ] } },
{ "type": "Feature", "properties": { "id": 452, "type": 13, "existence": true }, "geometry": { "type": "Point", "coordinates": [ 120.134124861426244, 30.366600350148474 ] } },
{ "type": "Feature", "properties": { "id": 453, "type": 13, "existence": true }, "geometry": { "type": "Point", "coordinates": [ 120.13428502960528, 30.367897692855195 ] } },
{ "type": "Feature", "properties": { "id": 454, "type": 13, "existence": true }, "geometry": { "type": "Point", "coordinates": [ 120.134319005615339, 30.364050967866319 ] } },
{ "type": "Feature", "properties": { "id": 455, "type": 13, "existence": true }, "geometry": { "type": "Point", "coordinates": [ 120.134331219439105, 30.362157427550869 ] } },
{ "type": "Feature", "properties": { "id": 456, "type": 13, "existence": true }, "geometry": { "type": "Point", "coordinates": [ 120.13440341562692, 30.364872903034367 ] } },
{ "type": "Feature", "properties": { "id": 457, "type": 13, "existence": true }, "geometry": { "type": "Point", "coordinates": [ 120.134403415626934, 30.364872903034438 ] } },
{ "type": "Feature", "properties": { "id": 458, "type": 13, "existence": true }, "geometry": { "type": "Point", "coordinates": [ 120.135335437155504, 30.351272839284604 ] } },
{ "type": "Feature", "properties": { "id": 459, "type": 13, "existence": true }, "geometry": { "type": "Point", "coordinates": [ 120.135518463279936, 30.354369202366058 ] } },
{ "type": "Feature", "properties": { "id": 460, "type": 13, "existence": true }, "geometry": { "type": "Point", "coordinates": [ 120.135537691341028, 30.354972901148585 ] } },
{ "type": "Feature", "properties": { "id": 461, "type": 13, "existence": true }, "geometry": { "type": "Point", "coordinates": [ 120.135644104222024, 30.367981604291231 ] } },
{ "type": "Feature", "properties": { "id": 462, "type": 13, "existence": true }, "geometry": { "type": "Point", "coordinates": [ 120.135661372597426, 30.368325460026639 ] } },
{ "type": "Feature", "properties": { "id": 463, "type": 13, "existence": true }, "geometry": { "type": "Point", "coordinates": [ 120.135686475447727, 30.367717348222964 ] } },
{ "type": "Feature", "properties": { "id": 464, "type": 13, "existence": true }, "geometry": { "type": "Point", "coordinates": [ 120.135718041364271, 30.36945387425385 ] } },
{ "type": "Feature", "properties": { "id": 465, "type": 13, "existence": true }, "geometry": { "type": "Point", "coordinates": [ 120.135724169856303, 30.367712497529453 ] } },
{ "type": "Feature", "properties": { "id": 466, "type": 13, "existence": true }, "geometry": { "type": "Point", "coordinates": [ 120.13573522257434, 30.36979599431487 ] } },
{ "type": "Feature", "properties": { "id": 467, "type": 13, "existence": true }, "geometry": { "type": "Point", "coordinates": [ 120.135788100175759, 30.370848917134428 ] } },
{ "type": "Feature", "properties": { "id": 468, "type": 13, "existence": true }, "geometry": { "type": "Point", "coordinates": [ 120.135864275182598, 30.372365748474181 ] } },
{ "type": "Feature", "properties": { "id": 469, "type": 13, "existence": true }, "geometry": { "type": "Point", "coordinates": [ 120.135871675804538, 30.373041428961596 ] } },
{ "type": "Feature", "properties": { "id": 470, "type": 13, "existence": true }, "geometry": { "type": "Point", "coordinates": [ 120.135891825709109, 30.3748811253339 ] } },
{ "type": "Feature", "properties": { "id": 471, "type": 13, "existence": true }, "geometry": { "type": "Point", "coordinates": [ 120.135891825709223, 30.3748811253339 ] } },
{ "type": "Feature", "properties": { "id": 472, "type": 13, "existence": true }, "geometry": { "type": "Point", "coordinates": [ 120.135924332436844, 30.366233908655374 ] } },
{ "type": "Feature", "properties": { "id": 473, "type": 13, "existence": true }, "geometry": { "type": "Point", "coordinates": [ 120.136069169241395, 30.365330606853263 ] } },
{ "type": "Feature", "properties": { "id": 474, "type": 13, "existence": true }, "geometry": { "type": "Point", "coordinates": [ 120.136069169241409, 30.365330606853263 ] } },
{ "type": "Feature", "properties": { "id": 475, "type": 13, "existence": true }, "geometry": { "type": "Point", "coordinates": [ 120.136205627187195, 30.364479561370338 ] } },
{ "type": "Feature", "properties": { "id": 476, "type": 13, "existence": true }, "geometry": { "type": "Point", "coordinates": [ 120.136205627187223, 30.364479561370331 ] } },
{ "type": "Feature", "properties": { "id": 477, "type": 13, "existence": true }, "geometry": { "type": "Point", "coordinates": [ 120.136407718969963, 30.358320935573772 ] } },
{ "type": "Feature", "properties": { "id": 478, "type": 13, "existence": true }, "geometry": { "type": "Point", "coordinates": [ 120.136592390250371, 30.362067441240868 ] } },
{ "type": "Feature", "properties": { "id": 479, "type": 13, "existence": true }, "geometry": { "type": "Point", "coordinates": [ 120.136637548400699, 30.355767102666846 ] } },
{ "type": "Feature", "properties": { "id": 480, "type": 13, "existence": true }, "geometry": { "type": "Point", "coordinates": [ 120.136656043724543, 30.366149044259604 ] } },
{ "type": "Feature", "properties": { "id": 481, "type": 13, "existence": true }, "geometry": { "type": "Point", "coordinates": [ 120.136656043724543, 30.366149044259657 ] } },
{ "type": "Feature", "properties": { "id": 482, "type": 13, "existence": true }, "geometry": { "type": "Point", "coordinates": [ 120.136666673304262, 30.368164085986223 ] } },
{ "type": "Feature", "properties": { "id": 483, "type": 13, "existence": true }, "geometry": { "type": "Point", "coordinates": [ 120.136678330104075, 30.365217192174701 ] } },
{ "type": "Feature", "properties": { "id": 484, "type": 13, "existence": true }, "geometry": { "type": "Point", "coordinates": [ 120.136678516366942, 30.365209404034999 ] } },
{ "type": "Feature", "properties": { "id": 485, "type": 13, "existence": true }, "geometry": { "type": "Point", "coordinates": [ 120.136719995906958, 30.360560144633389 ] } },
{ "type": "Feature", "properties": { "id": 486, "type": 13, "existence": true }, "geometry": { "type": "Point", "coordinates": [ 120.136719995907129, 30.360560144633382 ] } },
{ "type": "Feature", "properties": { "id": 487, "type": 13, "existence": true }, "geometry": { "type": "Point", "coordinates": [ 120.136740421644504, 30.369323088997614 ] } },
{ "type": "Feature", "properties": { "id": 488, "type": 13, "existence": true }, "geometry": { "type": "Point", "coordinates": [ 120.136763113759002, 30.35107058509908 ] } },
{ "type": "Feature", "properties": { "id": 489, "type": 13, "existence": true }, "geometry": { "type": "Point", "coordinates": [ 120.136796214806168, 30.370175930825212 ] } },
{ "type": "Feature", "properties": { "id": 490, "type": 13, "existence": true }, "geometry": { "type": "Point", "coordinates": [ 120.136812411624248, 30.359468516715996 ] } },
{ "type": "Feature", "properties": { "id": 491, "type": 13, "existence": true }, "geometry": { "type": "Point", "coordinates": [ 120.13683571169463, 30.370820633954754 ] } },
{ "type": "Feature", "properties": { "id": 492, "type": 13, "existence": true }, "geometry": { "type": "Point", "coordinates": [ 120.13683571169463, 30.37082063395485 ] } },
{ "type": "Feature", "properties": { "id": 493, "type": 13, "existence": true }, "geometry": { "type": "Point", "coordinates": [ 120.136856273296402, 30.350509194175359 ] } },
{ "type": "Feature", "properties": { "id": 494, "type": 13, "existence": true }, "geometry": { "type": "Point", "coordinates": [ 120.136856273296416, 30.350509194175288 ] } },
{ "type": "Feature", "properties": { "id": 495, "type": 13, "existence": true }, "geometry": { "type": "Point", "coordinates": [ 120.136873029000071, 30.375763081000059 ] } },
{ "type": "Feature", "properties": { "id": 496, "type": 13, "existence": true }, "geometry": { "type": "Point", "coordinates": [ 120.136886350010059, 30.364364177675156 ] } },
{ "type": "Feature", "properties": { "id": 497, "type": 13, "existence": true }, "geometry": { "type": "Point", "coordinates": [ 120.136909797810191, 30.358318176898841 ] } },
{ "type": "Feature", "properties": { "id": 498, "type": 13, "existence": true }, "geometry": { "type": "Point", "coordinates": [ 120.136935242138975, 30.358017624779848 ] } },
{ "type": "Feature", "properties": { "id": 499, "type": 13, "existence": true }, "geometry": { "type": "Point", "coordinates": [ 120.136935242138989, 30.358017624779848 ] } },
{ "type": "Feature", "properties": { "id": 500, "type": 13, "existence": true }, "geometry": { "type": "Point", "coordinates": [ 120.137049246763695, 30.358317410695804 ] } },
{ "type": "Feature", "properties": { "id": 501, "type": 13, "existence": true }, "geometry": { "type": "Point", "coordinates": [ 120.137130422497549, 30.355712125947278 ] } },
{ "type": "Feature", "properties": { "id": 502, "type": 13, "existence": true }, "geometry": { "type": "Point", "coordinates": [ 120.137203180810161, 30.354757314906749 ] } },
{ "type": "Feature", "properties": { "id": 503, "type": 13, "existence": true }, "geometry": { "type": "Point", "coordinates": [ 120.137211319469401, 30.354756559129275 ] } },
{ "type": "Feature", "properties": { "id": 504, "type": 13, "existence": true }, "geometry": { "type": "Point", "coordinates": [ 120.137231284973836, 30.369260296622258 ] } },
{ "type": "Feature", "properties": { "id": 505, "type": 13, "existence": true }, "geometry": { "type": "Point", "coordinates": [ 120.13724992316719, 30.354300566626517 ] } },
{ "type": "Feature", "properties": { "id": 506, "type": 13, "existence": true }, "geometry": { "type": "Point", "coordinates": [ 120.137297331654622, 30.368062850718559 ] } },
{ "type": "Feature", "properties": { "id": 507, "type": 13, "existence": true }, "geometry": { "type": "Point", "coordinates": [ 120.137323527790727, 30.353431138089231 ] } },
{ "type": "Feature", "properties": { "id": 508, "type": 13, "existence": true }, "geometry": { "type": "Point", "coordinates": [ 120.137396525375934, 30.35256887997712 ] } },
{ "type": "Feature", "properties": { "id": 509, "type": 13, "existence": true }, "geometry": { "type": "Point", "coordinates": [ 120.137396525375948, 30.352568879977127 ] } },
{ "type": "Feature", "properties": { "id": 510, "type": 13, "existence": true }, "geometry": { "type": "Point", "coordinates": [ 120.137400049201119, 30.359467100721815 ] } },
{ "type": "Feature", "properties": { "id": 511, "type": 13, "existence": true }, "geometry": { "type": "Point", "coordinates": [ 120.137516733713952, 30.351148961574442 ] } },
{ "type": "Feature", "properties": { "id": 512, "type": 13, "existence": true }, "geometry": { "type": "Point", "coordinates": [ 120.137558719844151, 30.366044351240987 ] } },
{ "type": "Feature", "properties": { "id": 513, "type": 13, "existence": true }, "geometry": { "type": "Point", "coordinates": [ 120.137565279310138, 30.350575533919312 ] } },
{ "type": "Feature", "properties": { "id": 514, "type": 13, "existence": true }, "geometry": { "type": "Point", "coordinates": [ 120.137565279310138, 30.35057553391934 ] } },
{ "type": "Feature", "properties": { "id": 515, "type": 13, "existence": true }, "geometry": { "type": "Point", "coordinates": [ 120.137592638571732, 30.36504696455944 ] } },
{ "type": "Feature", "properties": { "id": 516, "type": 13, "existence": true }, "geometry": { "type": "Point", "coordinates": [ 120.13761116863202, 30.367408810590849 ] } },
{ "type": "Feature", "properties": { "id": 517, "type": 13, "existence": true }, "geometry": { "type": "Point", "coordinates": [ 120.13761116863202, 30.367408810590916 ] } },
{ "type": "Feature", "properties": { "id": 518, "type": 13, "existence": true }, "geometry": { "type": "Point", "coordinates": [ 120.137758321291017, 30.367686014701064 ] } },
{ "type": "Feature", "properties": { "id": 519, "type": 13, "existence": true }, "geometry": { "type": "Point", "coordinates": [ 120.137767497945319, 30.367987378142406 ] } },
{ "type": "Feature", "properties": { "id": 520, "type": 13, "existence": true }, "geometry": { "type": "Point", "coordinates": [ 120.137767876508974, 30.367987317374173 ] } },
{ "type": "Feature", "properties": { "id": 521, "type": 13, "existence": true }, "geometry": { "type": "Point", "coordinates": [ 120.137771122172808, 30.358274255100753 ] } },
{ "type": "Feature", "properties": { "id": 522, "type": 13, "existence": true }, "geometry": { "type": "Point", "coordinates": [ 120.1378040278924, 30.369187030019997 ] } },
{ "type": "Feature", "properties": { "id": 523, "type": 13, "existence": true }, "geometry": { "type": "Point", "coordinates": [ 120.137805915363288, 30.369186788570346 ] } },
{ "type": "Feature", "properties": { "id": 524, "type": 13, "existence": true }, "geometry": { "type": "Point", "coordinates": [ 120.137832337284081, 30.370116716964471 ] } },
{ "type": "Feature", "properties": { "id": 525, "type": 13, "existence": true }, "geometry": { "type": "Point", "coordinates": [ 120.137834061921581, 30.370116618402335 ] } },
{ "type": "Feature", "properties": { "id": 526, "type": 13, "existence": true }, "geometry": { "type": "Point", "coordinates": [ 120.137852935623386, 30.370793171172387 ] } },
{ "type": "Feature", "properties": { "id": 527, "type": 13, "existence": true }, "geometry": { "type": "Point", "coordinates": [ 120.137899475373018, 30.372321547271721 ] } },
{ "type": "Feature", "properties": { "id": 528, "type": 13, "existence": true }, "geometry": { "type": "Point", "coordinates": [ 120.137919864461225, 30.372991129625738 ] } },
{ "type": "Feature", "properties": { "id": 529, "type": 13, "existence": true }, "geometry": { "type": "Point", "coordinates": [ 120.137960104483227, 30.374312621218451 ] } },
{ "type": "Feature", "properties": { "id": 530, "type": 13, "existence": true }, "geometry": { "type": "Point", "coordinates": [ 120.138115245294216, 30.35062699272487 ] } },
{ "type": "Feature", "properties": { "id": 531, "type": 13, "existence": true }, "geometry": { "type": "Point", "coordinates": [ 120.138208140598863, 30.357934874037255 ] } },
{ "type": "Feature", "properties": { "id": 532, "type": 13, "existence": true }, "geometry": { "type": "Point", "coordinates": [ 120.138250276887561, 30.351225250064545 ] } },
{ "type": "Feature", "properties": { "id": 533, "type": 13, "existence": true }, "geometry": { "type": "Point", "coordinates": [ 120.138316561406441, 30.350658966460401 ] } },
{ "type": "Feature", "properties": { "id": 534, "type": 13, "existence": true }, "geometry": { "type": "Point", "coordinates": [ 120.138380549476111, 30.355572682870918 ] } },
{ "type": "Feature", "properties": { "id": 535, "type": 13, "existence": true }, "geometry": { "type": "Point", "coordinates": [ 120.138380724094759, 30.355570290403477 ] } },
{ "type": "Feature", "properties": { "id": 536, "type": 13, "existence": true }, "geometry": { "type": "Point", "coordinates": [ 120.13852859502731, 30.367261163217279 ] } },
{ "type": "Feature", "properties": { "id": 537, "type": 13, "existence": true }, "geometry": { "type": "Point", "coordinates": [ 120.138528595027324, 30.367261163217162 ] } },
{ "type": "Feature", "properties": { "id": 538, "type": 13, "existence": true }, "geometry": { "type": "Point", "coordinates": [ 120.138569655195965, 30.358226516713422 ] } },
{ "type": "Feature", "properties": { "id": 539, "type": 13, "existence": true }, "geometry": { "type": "Point", "coordinates": [ 120.138569655195965, 30.358226516713501 ] } },
{ "type": "Feature", "properties": { "id": 540, "type": 13, "existence": true }, "geometry": { "type": "Point", "coordinates": [ 120.138682419884844, 30.355539011300607 ] } },
{ "type": "Feature", "properties": { "id": 541, "type": 13, "existence": true }, "geometry": { "type": "Point", "coordinates": [ 120.138716191883191, 30.364837779358197 ] } },
{ "type": "Feature", "properties": { "id": 542, "type": 13, "existence": true }, "geometry": { "type": "Point", "coordinates": [ 120.138772375379176, 30.354611595338913 ] } },
{ "type": "Feature", "properties": { "id": 543, "type": 13, "existence": true }, "geometry": { "type": "Point", "coordinates": [ 120.138772375379176, 30.354611595338952 ] } },
{ "type": "Feature", "properties": { "id": 544, "type": 13, "existence": true }, "geometry": { "type": "Point", "coordinates": [ 120.13878965868571, 30.354239530915098 ] } },
{ "type": "Feature", "properties": { "id": 545, "type": 13, "existence": true }, "geometry": { "type": "Point", "coordinates": [ 120.138789658685823, 30.354239530915095 ] } },
{ "type": "Feature", "properties": { "id": 546, "type": 13, "existence": true }, "geometry": { "type": "Point", "coordinates": [ 120.138828315819538, 30.35340734384565 ] } },
{ "type": "Feature", "properties": { "id": 547, "type": 13, "existence": true }, "geometry": { "type": "Point", "coordinates": [ 120.138894373508265, 30.35198529443386 ] } },
{ "type": "Feature", "properties": { "id": 548, "type": 13, "existence": true }, "geometry": { "type": "Point", "coordinates": [ 120.139659598255662, 30.364662134241996 ] } },
{ "type": "Feature", "properties": { "id": 549, "type": 13, "existence": true }, "geometry": { "type": "Point", "coordinates": [ 120.139660182378975, 30.364647881415124 ] } },
{ "type": "Feature", "properties": { "id": 550, "type": 13, "existence": true }, "geometry": { "type": "Point", "coordinates": [ 120.139796132705058, 30.367057170166468 ] } },
{ "type": "Feature", "properties": { "id": 551, "type": 13, "existence": true }, "geometry": { "type": "Point", "coordinates": [ 120.13981558459173, 30.367398387841426 ] } },
{ "type": "Feature", "properties": { "id": 552, "type": 13, "existence": true }, "geometry": { "type": "Point", "coordinates": [ 120.140005798502003, 30.370735048665601 ] } },
{ "type": "Feature", "properties": { "id": 553, "type": 13, "existence": true }, "geometry": { "type": "Point", "coordinates": [ 120.14009352398898, 30.372273896142588 ] } },
{ "type": "Feature", "properties": { "id": 554, "type": 13, "existence": true }, "geometry": { "type": "Point", "coordinates": [ 120.140131315516754, 30.37293682089836 ] } },
{ "type": "Feature", "properties": { "id": 555, "type": 13, "existence": true }, "geometry": { "type": "Point", "coordinates": [ 120.140131315516783, 30.37293682089836 ] } },
{ "type": "Feature", "properties": { "id": 556, "type": 13, "existence": true }, "geometry": { "type": "Point", "coordinates": [ 120.140175244542888, 30.373707407341371 ] } },
{ "type": "Feature", "properties": { "id": 557, "type": 13, "existence": true }, "geometry": { "type": "Point", "coordinates": [ 120.140175244542888, 30.373707407341385 ] } },
{ "type": "Feature", "properties": { "id": 558, "type": 13, "existence": true }, "geometry": { "type": "Point", "coordinates": [ 120.140269807173013, 30.359460185642433 ] } },
{ "type": "Feature", "properties": { "id": 559, "type": 13, "existence": true }, "geometry": { "type": "Point", "coordinates": [ 120.140307633074826, 30.363560441980098 ] } },
{ "type": "Feature", "properties": { "id": 560, "type": 13, "existence": true }, "geometry": { "type": "Point", "coordinates": [ 120.140312895315347, 30.358122301271486 ] } },
{ "type": "Feature", "properties": { "id": 561, "type": 13, "existence": true }, "geometry": { "type": "Point", "coordinates": [ 120.140401601686335, 30.355367973493191 ] } },
{ "type": "Feature", "properties": { "id": 562, "type": 13, "existence": true }, "geometry": { "type": "Point", "coordinates": [ 120.140401834440695, 30.355360746483484 ] } },
{ "type": "Feature", "properties": { "id": 563, "type": 13, "existence": true }, "geometry": { "type": "Point", "coordinates": [ 120.140469475192162, 30.35445399815103 ] } },
{ "type": "Feature", "properties": { "id": 564, "type": 13, "existence": true }, "geometry": { "type": "Point", "coordinates": [ 120.140528018754026, 30.363894867293311 ] } },
{ "type": "Feature", "properties": { "id": 565, "type": 13, "existence": true }, "geometry": { "type": "Point", "coordinates": [ 120.140532777675958, 30.359459551978489 ] } },
{ "type": "Feature", "properties": { "id": 566, "type": 13, "existence": true }, "geometry": { "type": "Point", "coordinates": [ 120.140551813364027, 30.358108018127268 ] } },
{ "type": "Feature", "properties": { "id": 567, "type": 13, "existence": true }, "geometry": { "type": "Point", "coordinates": [ 120.14055530582209, 30.353380036065403 ] } },
{ "type": "Feature", "properties": { "id": 568, "type": 13, "existence": true }, "geometry": { "type": "Point", "coordinates": [ 120.14055530582209, 30.353380036065417 ] } },
{ "type": "Feature", "properties": { "id": 569, "type": 13, "existence": true }, "geometry": { "type": "Point", "coordinates": [ 120.140631206684589, 30.355345130571379 ] } },
{ "type": "Feature", "properties": { "id": 570, "type": 13, "existence": true }, "geometry": { "type": "Point", "coordinates": [ 120.14064699180426, 30.354795808407061 ] } },
{ "type": "Feature", "properties": { "id": 571, "type": 13, "existence": true }, "geometry": { "type": "Point", "coordinates": [ 120.140666536000026, 30.374710853000067 ] } },
{ "type": "Feature", "properties": { "id": 572, "type": 13, "existence": true }, "geometry": { "type": "Point", "coordinates": [ 120.140708857790401, 30.373561189683471 ] } },
{ "type": "Feature", "properties": { "id": 573, "type": 13, "existence": true }, "geometry": { "type": "Point", "coordinates": [ 120.140742170244494, 30.353653667124377 ] } },
{ "type": "Feature", "properties": { "id": 574, "type": 13, "existence": true }, "geometry": { "type": "Point", "coordinates": [ 120.140749015033663, 30.36690381663972 ] } },
{ "type": "Feature", "properties": { "id": 575, "type": 13, "existence": true }, "geometry": { "type": "Point", "coordinates": [ 120.140749015033748, 30.366903816639706 ] } },
{ "type": "Feature", "properties": { "id": 576, "type": 13, "existence": true }, "geometry": { "type": "Point", "coordinates": [ 120.140775482698587, 30.367264184077669 ] } },
{ "type": "Feature", "properties": { "id": 577, "type": 13, "existence": true }, "geometry": { "type": "Point", "coordinates": [ 120.140803576617301, 30.353376110319292 ] } },
{ "type": "Feature", "properties": { "id": 578, "type": 13, "existence": true }, "geometry": { "type": "Point", "coordinates": [ 120.140803576617486, 30.353376110319289 ] } },
{ "type": "Feature", "properties": { "id": 579, "type": 13, "existence": true }, "geometry": { "type": "Point", "coordinates": [ 120.140931021375664, 30.351937516614882 ] } },
{ "type": "Feature", "properties": { "id": 580, "type": 13, "existence": true }, "geometry": { "type": "Point", "coordinates": [ 120.14093289508628, 30.351937472659415 ] } },
{ "type": "Feature", "properties": { "id": 581, "type": 13, "existence": true }, "geometry": { "type": "Point", "coordinates": [ 120.140946803891097, 30.370709643614191 ] } },
{ "type": "Feature", "properties": { "id": 582, "type": 13, "existence": true }, "geometry": { "type": "Point", "coordinates": [ 120.141146945779042, 30.351108498096096 ] } },
{ "type": "Feature", "properties": { "id": 583, "type": 13, "existence": true }, "geometry": { "type": "Point", "coordinates": [ 120.14121806244566, 30.351502634375095 ] } },
{ "type": "Feature", "properties": { "id": 584, "type": 13, "existence": true }, "geometry": { "type": "Point", "coordinates": [ 120.141351312262032, 30.351140956302174 ] } },
{ "type": "Feature", "properties": { "id": 585, "type": 1, "existence": true }, "geometry": { "type": "Polygon", "coordinates": [ [ [ 120.140551813364027, 30.358108018127268 ], [ 120.140312895315347, 30.358122301271486 ], [ 120.140269807173013, 30.359460185642433 ], [ 120.140532777675958, 30.359459551978489 ], [ 120.140551813364027, 30.358108018127268 ] ] ] } },
{ "type": "Feature", "properties": { "id": 586, "type": 1, "existence": true }, "geometry": { "type": "Polygon", "coordinates": [ [ [ 120.140312895315347, 30.358122301271486 ], [ 120.140551813364027, 30.358108018127268 ], [ 120.14064699180426, 30.354795808407061 ], [ 120.140742170244494, 30.353653667124377 ], [ 120.140803576617301, 30.353376110319292 ], [ 120.14055530582209, 30.353380036065417 ], [ 120.140469475192162, 30.35445399815103 ], [ 120.138772375379176, 30.354611595338913 ], [ 120.137211319469401, 30.354756559129275 ], [ 120.137130422497549, 30.355712125947278 ], [ 120.138380549476111, 30.355572682870918 ], [ 120.138682419884844, 30.355539011300607 ], [ 120.140401601686335, 30.355367973493191 ], [ 120.140312895315347, 30.358122301271486 ] ] ] } },
{ "type": "Feature", "properties": { "id": 587, "type": 1, "existence": true }, "geometry": { "type": "Polygon", "coordinates": [ [ [ 120.140312895315347, 30.358122301271486 ], [ 120.138569655195965, 30.358226516713422 ], [ 120.137049246763695, 30.358317410695804 ], [ 120.136909797810191, 30.358318176898841 ], [ 120.136812411624248, 30.359468516715996 ], [ 120.137400049201119, 30.359467100721815 ], [ 120.140269807173013, 30.359460185642433 ], [ 120.140312895315347, 30.358122301271486 ] ] ] } },
{ "type": "Feature", "properties": { "id": 588, "type": 1, "existence": true }, "geometry": { "type": "Polygon", "coordinates": [ [ [ 120.138569655195965, 30.358226516713422 ], [ 120.140312895315347, 30.358122301271486 ], [ 120.140401601686335, 30.355367973493191 ], [ 120.138682419884844, 30.355539011300607 ], [ 120.138569655195965, 30.358226516713422 ] ] ] } },
{ "type": "Feature", "properties": { "id": 589, "type": 1, "existence": true }, "geometry": { "type": "Polygon", "coordinates": [ [ [ 120.137049246763695, 30.358317410695804 ], [ 120.138569655195965, 30.358226516713422 ], [ 120.138682419884844, 30.355539011300607 ], [ 120.138380549476111, 30.355572682870918 ], [ 120.138208140598863, 30.357934874037255 ], [ 120.136935242138989, 30.358017624779848 ], [ 120.136909797810191, 30.358318176898841 ], [ 120.137049246763695, 30.358317410695804 ] ] ] } },
{ "type": "Feature", "properties": { "id": 590, "type": 1, "existence": true }, "geometry": { "type": "Polygon", "coordinates": [ [ [ 120.136909797810191, 30.358318176898841 ], [ 120.136407718969963, 30.358320935573772 ], [ 120.133584751538933, 30.358336446383817 ], [ 120.133231939445025, 30.359477492603769 ], [ 120.133247704960013, 30.359477106370719 ], [ 120.136812411624248, 30.359468516715996 ], [ 120.136909797810191, 30.358318176898841 ] ] ] } },
{ "type": "Feature", "properties": { "id": 591, "type": 1, "existence": true }, "geometry": { "type": "Polygon", "coordinates": [ [ [ 120.136407718969963, 30.358320935573772 ], [ 120.136909797810191, 30.358318176898841 ], [ 120.136935242138989, 30.358017624779848 ], [ 120.137130422497549, 30.355712125947278 ], [ 120.136637548400699, 30.355767102666846 ], [ 120.136407718969963, 30.358320935573772 ] ] ] } },
{ "type": "Feature", "properties": { "id": 592, "type": 1, "existence": true }, "geometry": { "type": "Polygon", "coordinates": [ [ [ 120.133584751538933, 30.358336446383817 ], [ 120.136407718969963, 30.358320935573772 ], [ 120.136637548400699, 30.355767102666846 ], [ 120.133564846651197, 30.356156737374402 ], [ 120.133566110106017, 30.356168040187526 ], [ 120.133584751538933, 30.358336446383817 ] ] ] } },
{ "type": "Feature", "properties": { "id": 593, "type": 1, "existence": true }, "geometry": { "type": "Polygon", "coordinates": [ [ [ 120.133584751538933, 30.358336446383817 ], [ 120.130729398331937, 30.35776537574236 ], [ 120.130667806479778, 30.356524097271972 ], [ 120.133564846651197, 30.356156737374402 ], [ 120.133445996754631, 30.355093511252928 ], [ 120.130702224886591, 30.35525172106685 ], [ 120.131558830848576, 30.351349405017174 ], [ 120.133028469737297, 30.351358332308216 ], [ 120.133048650105366, 30.351358454893443 ], [ 120.135335437155504, 30.351272839284604 ], [ 120.137396525375934, 30.35256887997712 ], [ 120.137516733713952, 30.351148961574442 ], [ 120.136763113759002, 30.35107058509908 ], [ 120.136856273296402, 30.350509194175359 ], [ 120.131605039982105, 30.350017850707331 ], [ 120.131372959948408, 30.350783253249574 ], [ 120.130282281613177, 30.35593320046496 ], [ 120.130032711094941, 30.356395858394478 ], [ 120.128697632969761, 30.358358968558548 ], [ 120.127082631976009, 30.360903671369499 ], [ 120.126509576543754, 30.362468700267812 ], [ 120.127142715656092, 30.362443503651914 ], [ 120.127653953370782, 30.360881786799951 ], [ 120.128578940110515, 30.359591484574366 ], [ 120.133231939445025, 30.359477492603769 ], [ 120.133584751538933, 30.358336446383817 ] ] ] } },
{ "type": "Feature", "properties": { "id": 594, "type": 1, "existence": true }, "geometry": { "type": "Polygon", "coordinates": [ [ [ 120.130729398331937, 30.35776537574236 ], [ 120.133584751538933, 30.358336446383817 ], [ 120.133566110106017, 30.356168040187526 ], [ 120.133564846651197, 30.356156737374402 ], [ 120.130667806479778, 30.356524097271972 ], [ 120.130729398331937, 30.35776537574236 ] ] ] } },
{ "type": "Feature", "properties": { "id": 595, "type": 1, "existence": true }, "geometry": { "type": "Polygon", "coordinates": [ [ [ 120.140532777675958, 30.359459551978489 ], [ 120.140269807173013, 30.359460185642433 ], [ 120.140307633074826, 30.363560441980098 ], [ 120.136886350010059, 30.364364177675156 ], [ 120.137400049201119, 30.359467100721815 ], [ 120.136812411624248, 30.359468516715996 ], [ 120.136719995906958, 30.360560144633389 ], [ 120.136592390250371, 30.362067441240868 ], [ 120.136205627187195, 30.364479561370338 ], [ 120.136069169241395, 30.365330606853263 ], [ 120.136069169241409, 30.365330606853263 ], [ 120.136678330104075, 30.365217192174701 ], [ 120.139659598255662, 30.364662134241996 ], [ 120.139796132705058, 30.367057170166468 ], [ 120.140749015033663, 30.36690381663972 ], [ 120.140528018754026, 30.363894867293311 ], [ 120.140532777675958, 30.359459551978489 ] ] ] } },
{ "type": "Feature", "properties": { "id": 596, "type": 1, "existence": true }, "geometry": { "type": "Polygon", "coordinates": [ [ [ 120.140269807173013, 30.359460185642433 ], [ 120.137400049201119, 30.359467100721815 ], [ 120.136886350010059, 30.364364177675156 ], [ 120.140307633074826, 30.363560441980098 ], [ 120.140269807173013, 30.359460185642433 ] ] ] } },
{ "type": "Feature", "properties": { "id": 597, "type": 1, "existence": true }, "geometry": { "type": "Polygon", "coordinates": [ [ [ 120.136812411624248, 30.359468516715996 ], [ 120.133247704960013, 30.359477106370719 ], [ 120.133231939445025, 30.359477492603769 ], [ 120.132858932562456, 30.360683851741435 ], [ 120.136719995906958, 30.360560144633389 ], [ 120.136812411624248, 30.359468516715996 ] ] ] } },
{ "type": "Feature", "properties": { "id": 598, "type": 1, "existence": true }, "geometry": { "type": "Polygon", "coordinates": [ [ [ 120.137565279310138, 30.35057553391934 ], [ 120.136856273296402, 30.350509194175359 ], [ 120.136763113759002, 30.35107058509908 ], [ 120.137516733713952, 30.351148961574442 ], [ 120.137565279310138, 30.35057553391934 ] ] ] } },
{ "type": "Feature", "properties": { "id": 599, "type": 1, "existence": true }, "geometry": { "type": "Polygon", "coordinates": [ [ [ 120.138115245294216, 30.35062699272487 ], [ 120.137565279310138, 30.35057553391934 ], [ 120.137516733713952, 30.351148961574442 ], [ 120.137396525375934, 30.35256887997712 ], [ 120.137396525375948, 30.352568879977127 ], [ 120.138894373508265, 30.35198529443386 ], [ 120.140931021375664, 30.351937516614882 ], [ 120.14055530582209, 30.353380036065403 ], [ 120.14055530582209, 30.353380036065417 ], [ 120.140803576617301, 30.353376110319292 ], [ 120.14121806244566, 30.351502634375095 ], [ 120.141351312262032, 30.351140956302174 ], [ 120.138115245294216, 30.35062699272487 ] ] ] } },
{ "type": "Feature", "properties": { "id": 600, "type": 1, "existence": true }, "geometry": { "type": "Polygon", "coordinates": [ [ [ 120.126277076252222, 30.369827036021832 ], [ 120.12627185336892, 30.369881011113048 ], [ 120.129239855742412, 30.369453288203033 ], [ 120.129794420896687, 30.369284507503895 ], [ 120.129759414080766, 30.368957528098466 ], [ 120.129107535062985, 30.369150889808509 ], [ 120.126332846383946, 30.369513561036392 ], [ 120.126277076252222, 30.369827036021832 ] ] ] } },
{ "type": "Feature", "properties": { "id": 601, "type": 1, "existence": true }, "geometry": { "type": "Polygon", "coordinates": [ [ [ 120.12627185336892, 30.369881011113048 ], [ 120.126277076252222, 30.369827036021832 ], [ 120.126332846383946, 30.369513561036392 ], [ 120.126612129706473, 30.367943754174746 ], [ 120.129598370978229, 30.367453313089889 ], [ 120.129551929721487, 30.367019530864415 ], [ 120.125975350369913, 30.367588589383274 ], [ 120.125503710967337, 30.370482765794009 ], [ 120.126220420701387, 30.370412534173891 ], [ 120.12627185336892, 30.369881011113048 ] ] ] } },
{ "type": "Feature", "properties": { "id": 602, "type": 1, "existence": true }, "geometry": { "type": "Polygon", "coordinates": [ [ [ 120.12627185336892, 30.369881011113048 ], [ 120.126220420701387, 30.370412534173891 ], [ 120.129262335316042, 30.370114451726423 ], [ 120.129239855742412, 30.369453288203033 ], [ 120.12627185336892, 30.369881011113048 ] ] ] } },
{ "type": "Feature", "properties": { "id": 603, "type": 1, "existence": true }, "geometry": { "type": "Polygon", "coordinates": [ [ [ 120.126220420701387, 30.370412534173891 ], [ 120.126003788774369, 30.37265128379488 ], [ 120.128745221944129, 30.372571898664482 ], [ 120.129345297754782, 30.37255452195182 ], [ 120.129262335316042, 30.370114451726423 ], [ 120.126220420701387, 30.370412534173891 ] ] ] } },
{ "type": "Feature", "properties": { "id": 604, "type": 1, "existence": true }, "geometry": { "type": "Polygon", "coordinates": [ [ [ 120.126003788774369, 30.37265128379488 ], [ 120.126220420701387, 30.370412534173891 ], [ 120.125503710967337, 30.370482765794009 ], [ 120.124660648407158, 30.376006936856356 ], [ 120.132866128753449, 30.375843090469409 ], [ 120.132835266331369, 30.374980444085541 ], [ 120.129431539542921, 30.375091043571356 ], [ 120.126134675488444, 30.375198170697558 ], [ 120.126036251514932, 30.373282966921508 ], [ 120.126003788774369, 30.37265128379488 ] ] ] } },
{ "type": "Feature", "properties": { "id": 605, "type": 1, "existence": true }, "geometry": { "type": "Polygon", "coordinates": [ [ [ 120.126003788774369, 30.37265128379488 ], [ 120.126036251514932, 30.373282966921508 ], [ 120.129367283583264, 30.373201163567987 ], [ 120.129345297754782, 30.37255452195182 ], [ 120.128745221944129, 30.372571898664482 ], [ 120.126003788774369, 30.37265128379488 ] ] ] } },
{ "type": "Feature", "properties": { "id": 606, "type": 1, "existence": true }, "geometry": { "type": "Polygon", "coordinates": [ [ [ 120.126036251514932, 30.373282966921508 ], [ 120.126134675488444, 30.375198170697558 ], [ 120.129431539542921, 30.375091043571356 ], [ 120.129367283583264, 30.373201163567987 ], [ 120.126036251514932, 30.373282966921508 ] ] ] } },
{ "type": "Feature", "properties": { "id": 607, "type": 1, "existence": true }, "geometry": { "type": "Polygon", "coordinates": [ [ [ 120.129367283583264, 30.373201163567987 ], [ 120.129431539542921, 30.375091043571356 ], [ 120.132835266331369, 30.374980444085541 ], [ 120.132768621593527, 30.373117633643933 ], [ 120.129367283583264, 30.373201163567987 ] ] ] } },
{ "type": "Feature", "properties": { "id": 608, "type": 1, "existence": true }, "geometry": { "type": "Polygon", "coordinates": [ [ [ 120.129345297754782, 30.37255452195182 ], [ 120.129367283583264, 30.373201163567987 ], [ 120.132768621593527, 30.373117633643933 ], [ 120.132744953423568, 30.372456076324344 ], [ 120.129345297754782, 30.37255452195182 ] ] ] } },
{ "type": "Feature", "properties": { "id": 609, "type": 1, "existence": true }, "geometry": { "type": "Polygon", "coordinates": [ [ [ 120.129262335316042, 30.370114451726423 ], [ 120.129345297754782, 30.37255452195182 ], [ 120.132744953423568, 30.372456076324344 ], [ 120.132679443978688, 30.37062499885441 ], [ 120.13264281907469, 30.369601283317238 ], [ 120.129262335316184, 30.370114451726408 ], [ 120.129262335316042, 30.370114451726423 ] ] ] } },
{ "type": "Feature", "properties": { "id": 610, "type": 1, "existence": true }, "geometry": { "type": "Polygon", "coordinates": [ [ [ 120.129239855742412, 30.369453288203033 ], [ 120.129262335316042, 30.370114451726423 ], [ 120.129262335316184, 30.370114451726408 ], [ 120.13264281907469, 30.369601283317238 ], [ 120.132600927361963, 30.368430353362218 ], [ 120.129794420896687, 30.369284507503895 ], [ 120.129239855742412, 30.369453288203033 ] ] ] } },
{ "type": "Feature", "properties": { "id": 611, "type": 1, "existence": true }, "geometry": { "type": "Polygon", "coordinates": [ [ [ 120.140666536000026, 30.374710853000067 ], [ 120.140708857790401, 30.373561189683471 ], [ 120.140175244542888, 30.373707407341371 ], [ 120.135891825709223, 30.3748811253339 ], [ 120.132835266331369, 30.374980444085541 ], [ 120.132866128753449, 30.375843090469409 ], [ 120.136873029000071, 30.375763081000059 ], [ 120.140666536000026, 30.374710853000067 ] ] ] } },
{ "type": "Feature", "properties": { "id": 612, "type": 1, "existence": true }, "geometry": { "type": "Polygon", "coordinates": [ [ [ 120.140708857790401, 30.373561189683471 ], [ 120.140946803891097, 30.370709643614191 ], [ 120.140005798502003, 30.370735048665601 ], [ 120.140131315516754, 30.37293682089836 ], [ 120.140175244542888, 30.373707407341371 ], [ 120.140708857790401, 30.373561189683471 ] ] ] } },
{ "type": "Feature", "properties": { "id": 613, "type": 1, "existence": true }, "geometry": { "type": "Polygon", "coordinates": [ [ [ 120.140946803891097, 30.370709643614191 ], [ 120.140775482698587, 30.367264184077669 ], [ 120.13981558459173, 30.367398387841426 ], [ 120.140005798502003, 30.370735048665601 ], [ 120.140946803891097, 30.370709643614191 ] ] ] } },
{ "type": "Feature", "properties": { "id": 614, "type": 1, "existence": true }, "geometry": { "type": "Polygon", "coordinates": [ [ [ 120.140775482698587, 30.367264184077669 ], [ 120.140749015033663, 30.36690381663972 ], [ 120.139796132705058, 30.367057170166468 ], [ 120.13981558459173, 30.367398387841426 ], [ 120.140775482698587, 30.367264184077669 ] ] ] } },
{ "type": "Feature", "properties": { "id": 615, "type": 1, "existence": true }, "geometry": { "type": "Polygon", "coordinates": [ [ [ 120.137919864461225, 30.372991129625738 ], [ 120.137899475373018, 30.372321547271721 ], [ 120.135864275182598, 30.372365748474181 ], [ 120.135871675804538, 30.373041428961596 ], [ 120.137919864461225, 30.372991129625738 ] ] ] } },
{ "type": "Feature", "properties": { "id": 616, "type": 1, "existence": true }, "geometry": { "type": "Polygon", "coordinates": [ [ [ 120.137899475373018, 30.372321547271721 ], [ 120.137919864461225, 30.372991129625738 ], [ 120.140131315516754, 30.37293682089836 ], [ 120.140005798502003, 30.370735048665601 ], [ 120.137852935623386, 30.370793171172387 ], [ 120.137899475373018, 30.372321547271721 ] ] ] } },
{ "type": "Feature", "properties": { "id": 617, "type": 1, "existence": true }, "geometry": { "type": "Polygon", "coordinates": [ [ [ 120.137899475373018, 30.372321547271721 ], [ 120.137852935623386, 30.370793171172387 ], [ 120.13683571169463, 30.370820633954754 ], [ 120.135788100175759, 30.370848917134428 ], [ 120.135864275182598, 30.372365748474181 ], [ 120.137899475373018, 30.372321547271721 ] ] ] } },
{ "type": "Feature", "properties": { "id": 618, "type": 1, "existence": true }, "geometry": { "type": "Polygon", "coordinates": [ [ [ 120.137852935623386, 30.370793171172387 ], [ 120.137832337284081, 30.370116716964471 ], [ 120.1378040278924, 30.369187030019997 ], [ 120.136740421644504, 30.369323088997614 ], [ 120.13683571169463, 30.370820633954754 ], [ 120.137852935623386, 30.370793171172387 ] ] ] } },
{ "type": "Feature", "properties": { "id": 619, "type": 1, "existence": true }, "geometry": { "type": "Polygon", "coordinates": [ [ [ 120.137832337284081, 30.370116716964471 ], [ 120.137852935623386, 30.370793171172387 ], [ 120.140005798502003, 30.370735048665601 ], [ 120.13981558459173, 30.367398387841426 ], [ 120.135644104222024, 30.367981604291231 ], [ 120.135661372597426, 30.368325460026639 ], [ 120.137767497945319, 30.367987378142406 ], [ 120.1378040278924, 30.369187030019997 ], [ 120.137832337284081, 30.370116716964471 ] ] ] } },
{ "type": "Feature", "properties": { "id": 620, "type": 1, "existence": true }, "geometry": { "type": "Polygon", "coordinates": [ [ [ 120.1378040278924, 30.369187030019997 ], [ 120.137767497945319, 30.367987378142406 ], [ 120.135661372597426, 30.368325460026639 ], [ 120.135788100175759, 30.370848917134428 ], [ 120.13683571169463, 30.370820633954754 ], [ 120.136740421644504, 30.369323088997614 ], [ 120.1378040278924, 30.369187030019997 ] ] ] } },
{ "type": "Feature", "properties": { "id": 621, "type": 1, "existence": true }, "geometry": { "type": "Polygon", "coordinates": [ [ [ 120.126612129706473, 30.367943754174746 ], [ 120.126332846383946, 30.369513561036392 ], [ 120.129107535062985, 30.369150889808509 ], [ 120.129759414080766, 30.368957528098466 ], [ 120.129598370978229, 30.367453313089889 ], [ 120.126612129706473, 30.367943754174746 ] ] ] } },
{ "type": "Feature", "properties": { "id": 622, "type": 1, "existence": true }, "geometry": { "type": "Polygon", "coordinates": [ [ [ 120.129598370978229, 30.367453313089889 ], [ 120.130523963600126, 30.367301299703058 ], [ 120.130794419991375, 30.368650522492636 ], [ 120.132589752016926, 30.368117987373257 ], [ 120.132541531680758, 30.366770163844613 ], [ 120.132520111021847, 30.366171427494848 ], [ 120.132492777677612, 30.366177903139544 ], [ 120.129551929721515, 30.367019530864411 ], [ 120.129551929721487, 30.367019530864415 ], [ 120.129598370978229, 30.367453313089889 ] ] ] } },
{ "type": "Feature", "properties": { "id": 623, "type": 1, "existence": true }, "geometry": { "type": "Polygon", "coordinates": [ [ [ 120.130523963600126, 30.367301299703058 ], [ 120.129598370978229, 30.367453313089889 ], [ 120.129759414080766, 30.368957528098466 ], [ 120.130794419991375, 30.368650522492636 ], [ 120.130523963600126, 30.367301299703058 ] ] ] } },
{ "type": "Feature", "properties": { "id": 624, "type": 1, "existence": true }, "geometry": { "type": "Polygon", "coordinates": [ [ [ 120.132744953423568, 30.372456076324344 ], [ 120.133456561408821, 30.372435469915505 ], [ 120.135864275182598, 30.372365748474181 ], [ 120.135788100175759, 30.370848917134428 ], [ 120.135661372597426, 30.368325460026639 ], [ 120.135644104222024, 30.367981604291231 ], [ 120.132601368889368, 30.368430218984315 ], [ 120.132600927361963, 30.368430353362218 ], [ 120.13264281907469, 30.369601283317238 ], [ 120.132679443978688, 30.37062499885441 ], [ 120.132744953423568, 30.372456076324344 ] ] ] } },
{ "type": "Feature", "properties": { "id": 625, "type": 1, "existence": true }, "geometry": { "type": "Polygon", "coordinates": [ [ [ 120.133456561408821, 30.372435469915505 ], [ 120.132744953423568, 30.372456076324344 ], [ 120.132768621593527, 30.373117633643933 ], [ 120.135871675804538, 30.373041428961596 ], [ 120.135864275182598, 30.372365748474181 ], [ 120.133456561408821, 30.372435469915505 ] ] ] } },
{ "type": "Feature", "properties": { "id": 626, "type": 1, "existence": true }, "geometry": { "type": "Polygon", "coordinates": [ [ [ 120.129759414080766, 30.368957528098466 ], [ 120.129794420896687, 30.369284507503895 ], [ 120.132600927361963, 30.368430353362218 ], [ 120.132589752016926, 30.368117987373257 ], [ 120.130794419991375, 30.368650522492636 ], [ 120.129759414080766, 30.368957528098466 ] ] ] } },
{ "type": "Feature", "properties": { "id": 627, "type": 1, "existence": true }, "geometry": { "type": "Polygon", "coordinates": [ [ [ 120.129551929721487, 30.367019530864415 ], [ 120.12946649646085, 30.366221545785493 ], [ 120.129441280738234, 30.365553658037012 ], [ 120.129441280738206, 30.365553658037015 ], [ 120.126243364435368, 30.366273787642569 ], [ 120.125975350369913, 30.367588589383274 ], [ 120.129551929721487, 30.367019530864415 ] ] ] } },
{ "type": "Feature", "properties": { "id": 628, "type": 1, "existence": true }, "geometry": { "type": "Polygon", "coordinates": [ [ [ 120.12946649646085, 30.366221545785493 ], [ 120.129551929721487, 30.367019530864415 ], [ 120.129551929721515, 30.367019530864411 ], [ 120.132492777677612, 30.366177903139544 ], [ 120.132520111021847, 30.366171427494848 ], [ 120.13248858889682, 30.365290341522364 ], [ 120.129441280738234, 30.365553658037012 ], [ 120.12946649646085, 30.366221545785493 ] ] ] } },
{ "type": "Feature", "properties": { "id": 629, "type": 1, "existence": true }, "geometry": { "type": "Polygon", "coordinates": [ [ [ 120.129441280738234, 30.365553658037012 ], [ 120.129395596281967, 30.364343615830702 ], [ 120.129395596281938, 30.364343615830705 ], [ 120.128341559816704, 30.364405752080575 ], [ 120.126852256979078, 30.364493547613563 ], [ 120.127142715656078, 30.362443503651946 ], [ 120.127142715656092, 30.362443503651914 ], [ 120.126509576543754, 30.362468700267812 ], [ 120.126243364435368, 30.366273787642569 ], [ 120.129441280738206, 30.365553658037015 ], [ 120.129441280738234, 30.365553658037012 ] ] ] } },
{ "type": "Feature", "properties": { "id": 630, "type": 1, "existence": true }, "geometry": { "type": "Polygon", "coordinates": [ [ [ 120.129395596281967, 30.364343615830702 ], [ 120.129441280738234, 30.365553658037012 ], [ 120.13248858889682, 30.365290341522364 ], [ 120.132448226827009, 30.364162167152656 ], [ 120.129395596281967, 30.364343615830702 ] ] ] } },
{ "type": "Feature", "properties": { "id": 631, "type": 1, "existence": true }, "geometry": { "type": "Polygon", "coordinates": [ [ [ 120.135644104222024, 30.367981604291231 ], [ 120.135686475447727, 30.367717348222964 ], [ 120.132602484363133, 30.368114210678243 ], [ 120.132589752016926, 30.368117987373257 ], [ 120.132600927361963, 30.368430353362218 ], [ 120.132601368889368, 30.368430218984315 ], [ 120.135644104222024, 30.367981604291231 ] ] ] } },
{ "type": "Feature", "properties": { "id": 632, "type": 1, "existence": true }, "geometry": { "type": "Polygon", "coordinates": [ [ [ 120.135686475447727, 30.367717348222964 ], [ 120.135644104222024, 30.367981604291231 ], [ 120.13981558459173, 30.367398387841426 ], [ 120.139796132705058, 30.367057170166468 ], [ 120.138528595027324, 30.367261163217162 ], [ 120.13761116863202, 30.367408810590849 ], [ 120.135724169856303, 30.367712497529453 ], [ 120.135686475447727, 30.367717348222964 ] ] ] } },
{ "type": "Feature", "properties": { "id": 633, "type": 1, "existence": true }, "geometry": { "type": "Polygon", "coordinates": [ [ [ 120.135686475447727, 30.367717348222964 ], [ 120.136069169241395, 30.365330606853263 ], [ 120.132520111021847, 30.366171427494848 ], [ 120.132541531680758, 30.366770163844613 ], [ 120.132589752016926, 30.368117987373257 ], [ 120.132602484363133, 30.368114210678243 ], [ 120.135686475447727, 30.367717348222964 ] ] ] } },
{ "type": "Feature", "properties": { "id": 634, "type": 1, "existence": true }, "geometry": { "type": "Polygon", "coordinates": [ [ [ 120.136069169241395, 30.365330606853263 ], [ 120.135686475447727, 30.367717348222964 ], [ 120.135724169856303, 30.367712497529453 ], [ 120.13761116863202, 30.367408810590849 ], [ 120.137558719844151, 30.366044351240987 ], [ 120.136656043724543, 30.366149044259604 ], [ 120.136678330104075, 30.365217192174701 ], [ 120.136069169241409, 30.365330606853263 ], [ 120.136069169241395, 30.365330606853263 ] ] ] } },
{ "type": "Feature", "properties": { "id": 635, "type": 1, "existence": true }, "geometry": { "type": "Polygon", "coordinates": [ [ [ 120.136069169241395, 30.365330606853263 ], [ 120.136205627187195, 30.364479561370338 ], [ 120.13440341562692, 30.364872903034367 ], [ 120.132492244682453, 30.365290025627587 ], [ 120.13248858889682, 30.365290341522364 ], [ 120.132520111021847, 30.366171427494848 ], [ 120.136069169241395, 30.365330606853263 ] ] ] } },
{ "type": "Feature", "properties": { "id": 636, "type": 1, "existence": true }, "geometry": { "type": "Polygon", "coordinates": [ [ [ 120.136205627187195, 30.364479561370338 ], [ 120.136592390250371, 30.362067441240868 ], [ 120.132379283478855, 30.362235107447219 ], [ 120.132379283478826, 30.362235107447304 ], [ 120.132448226827009, 30.364162167152656 ], [ 120.134319005615339, 30.364050967866319 ], [ 120.13440341562692, 30.364872903034367 ], [ 120.136205627187195, 30.364479561370338 ] ] ] } },
{ "type": "Feature", "properties": { "id": 637, "type": 1, "existence": true }, "geometry": { "type": "Polygon", "coordinates": [ [ [ 120.136592390250371, 30.362067441240868 ], [ 120.136719995906958, 30.360560144633389 ], [ 120.132858932562456, 30.360683851741435 ], [ 120.132379283478855, 30.362235107447219 ], [ 120.136592390250371, 30.362067441240868 ] ] ] } },
{ "type": "Feature", "properties": { "id": 638, "type": 1, "existence": true }, "geometry": { "type": "Polygon", "coordinates": [ [ [ 120.137130422497549, 30.355712125947278 ], [ 120.136935242138989, 30.358017624779848 ], [ 120.138208140598863, 30.357934874037255 ], [ 120.138380549476111, 30.355572682870918 ], [ 120.137130422497549, 30.355712125947278 ] ] ] } },
{ "type": "Feature", "properties": { "id": 639, "type": 1, "existence": true }, "geometry": { "type": "Polygon", "coordinates": [ [ [ 120.137130422497549, 30.355712125947278 ], [ 120.137211319469401, 30.354756559129275 ], [ 120.13724992316719, 30.354300566626517 ], [ 120.135518463279936, 30.354369202366058 ], [ 120.135537691341028, 30.354972901148585 ], [ 120.133445996754631, 30.355093511252928 ], [ 120.133564846651197, 30.356156737374402 ], [ 120.136637548400699, 30.355767102666846 ], [ 120.137130422497549, 30.355712125947278 ] ] ] } },
{ "type": "Feature", "properties": { "id": 640, "type": 1, "existence": true }, "geometry": { "type": "Polygon", "coordinates": [ [ [ 120.13724992316719, 30.354300566626517 ], [ 120.137211319469401, 30.354756559129275 ], [ 120.138772375379176, 30.354611595338913 ], [ 120.13878965868571, 30.354239530915098 ], [ 120.13724992316719, 30.354300566626517 ] ] ] } },
{ "type": "Feature", "properties": { "id": 641, "type": 1, "existence": true }, "geometry": { "type": "Polygon", "coordinates": [ [ [ 120.13724992316719, 30.354300566626517 ], [ 120.137323527790727, 30.353431138089231 ], [ 120.137396525375934, 30.35256887997712 ], [ 120.135335437155504, 30.351272839284604 ], [ 120.133048650105366, 30.351358454893443 ], [ 120.133028469737297, 30.351358332308216 ], [ 120.133445996754631, 30.355093511252928 ], [ 120.135537691341028, 30.354972901148585 ], [ 120.135518463279936, 30.354369202366058 ], [ 120.13724992316719, 30.354300566626517 ] ] ] } },
{ "type": "Feature", "properties": { "id": 642, "type": 1, "existence": true }, "geometry": { "type": "Polygon", "coordinates": [ [ [ 120.137323527790727, 30.353431138089231 ], [ 120.13724992316719, 30.354300566626517 ], [ 120.13878965868571, 30.354239530915098 ], [ 120.138828315819538, 30.35340734384565 ], [ 120.137323527790727, 30.353431138089231 ] ] ] } },
{ "type": "Feature", "properties": { "id": 643, "type": 1, "existence": true }, "geometry": { "type": "Polygon", "coordinates": [ [ [ 120.137396525375934, 30.35256887997712 ], [ 120.137323527790727, 30.353431138089231 ], [ 120.138828315819538, 30.35340734384565 ], [ 120.138894373508265, 30.35198529443386 ], [ 120.137396525375948, 30.352568879977127 ], [ 120.137396525375934, 30.35256887997712 ] ] ] } },
{ "type": "Feature", "properties": { "id": 644, "type": 1, "existence": true }, "geometry": { "type": "Polygon", "coordinates": [ [ [ 120.127142715656092, 30.362443503651914 ], [ 120.127142715656078, 30.362443503651946 ], [ 120.126852256979078, 30.364493547613563 ], [ 120.128341559816704, 30.364405752080575 ], [ 120.129395596281938, 30.364343615830705 ], [ 120.129395596281967, 30.364343615830702 ], [ 120.132448226827009, 30.364162167152656 ], [ 120.132379283478826, 30.362235107447304 ], [ 120.132379283478855, 30.362235107447219 ], [ 120.127801439702608, 30.362417288849418 ], [ 120.127142715656092, 30.362443503651914 ] ] ] } },
{ "type": "Feature", "properties": { "id": 645, "type": 1, "existence": true }, "geometry": { "type": "Polygon", "coordinates": [ [ [ 120.127653953370782, 30.360881786799951 ], [ 120.127142715656092, 30.362443503651914 ], [ 120.127801439702608, 30.362417288849418 ], [ 120.12810539883958, 30.360864494099378 ], [ 120.127653953370782, 30.360881786799951 ] ] ] } },
{ "type": "Feature", "properties": { "id": 646, "type": 1, "existence": true }, "geometry": { "type": "Polygon", "coordinates": [ [ [ 120.127653953370782, 30.360881786799951 ], [ 120.12810539883958, 30.360864494099378 ], [ 120.130478545667756, 30.360773590279639 ], [ 120.132628686650719, 30.360691228739256 ], [ 120.132858932562456, 30.360683851741435 ], [ 120.133231939445025, 30.359477492603769 ], [ 120.128578940110515, 30.359591484574366 ], [ 120.127653953370782, 30.360881786799951 ] ] ] } },
{ "type": "Feature", "properties": { "id": 647, "type": 1, "existence": true }, "geometry": { "type": "Polygon", "coordinates": [ [ [ 120.130478545667756, 30.360773590279639 ], [ 120.12810539883958, 30.360864494099378 ], [ 120.127801439702608, 30.362417288849418 ], [ 120.132379283478855, 30.362235107447219 ], [ 120.132858932562456, 30.360683851741435 ], [ 120.132628686650719, 30.360691228739256 ], [ 120.130478545667756, 30.360773590279639 ] ] ] } },
{ "type": "Feature", "properties": { "id": 648, "type": 1, "existence": true }, "geometry": { "type": "Polygon", "coordinates": [ [ [ 120.134319005615339, 30.364050967866319 ], [ 120.132448226827009, 30.364162167152656 ], [ 120.13248858889682, 30.365290341522364 ], [ 120.132492244682453, 30.365290025627587 ], [ 120.13440341562692, 30.364872903034367 ], [ 120.134319005615339, 30.364050967866319 ] ] ] } },
{ "type": "Feature", "properties": { "id": 649, "type": 1, "existence": true }, "geometry": { "type": "Polygon", "coordinates": [ [ [ 120.138828315819538, 30.35340734384565 ], [ 120.14055530582209, 30.353380036065417 ], [ 120.14055530582209, 30.353380036065403 ], [ 120.140931021375664, 30.351937516614882 ], [ 120.138894373508265, 30.35198529443386 ], [ 120.138828315819538, 30.35340734384565 ] ] ] } },
{ "type": "Feature", "properties": { "id": 650, "type": 1, "existence": true }, "geometry": { "type": "Polygon", "coordinates": [ [ [ 120.14055530582209, 30.353380036065417 ], [ 120.138828315819538, 30.35340734384565 ], [ 120.13878965868571, 30.354239530915098 ], [ 120.138772375379176, 30.354611595338913 ], [ 120.140469475192162, 30.35445399815103 ], [ 120.14055530582209, 30.353380036065417 ] ] ] } },
{ "type": "Feature", "properties": { "id": 651, "type": 1, "existence": true }, "geometry": { "type": "Polygon", "coordinates": [ [ [ 120.132835266331369, 30.374980444085541 ], [ 120.135891825709223, 30.3748811253339 ], [ 120.140175244542888, 30.373707407341371 ], [ 120.140131315516754, 30.37293682089836 ], [ 120.137919864461225, 30.372991129625738 ], [ 120.135871675804538, 30.373041428961596 ], [ 120.132768621593527, 30.373117633643933 ], [ 120.132835266331369, 30.374980444085541 ] ] ] } },
{ "type": "Feature", "properties": { "id": 652, "type": 1, "existence": true }, "geometry": { "type": "Polygon", "coordinates": [ [ [ 120.133445996754631, 30.355093511252928 ], [ 120.133028469737297, 30.351358332308216 ], [ 120.131558830848576, 30.351349405017174 ], [ 120.130702224886591, 30.35525172106685 ], [ 120.133445996754631, 30.355093511252928 ] ] ] } },
{ "type": "Feature", "properties": { "id": 653, "type": 1, "existence": true }, "geometry": { "type": "Polygon", "coordinates": [ [ [ 120.136656043724543, 30.366149044259604 ], [ 120.137558719844151, 30.366044351240987 ], [ 120.13761116863202, 30.367408810590849 ], [ 120.138528595027324, 30.367261163217162 ], [ 120.139796132705058, 30.367057170166468 ], [ 120.139659598255662, 30.364662134241996 ], [ 120.136678330104075, 30.365217192174701 ], [ 120.136656043724543, 30.366149044259604 ] ] ] } }
]
}
