{
"type": "FeatureCollection",
"name": "kq_allitem",
"features": [
{ "type": "Feature", "properties": { "id": 0, "type": 2, "existence": true }, "geometry": { "type": "LineString", "coordinates": [ [ 0.0, 26.06 ], [ 0.86, 20.21 ] ] } },
{ "type": "Feature", "properties": { "id": 1, "type": 2, "existence": true }, "geometry": { "type": "LineString", "coordinates": [ [ 0.86, 20.21 ], [ 1.4, 16.44 ] ] } },
{ "type": "Feature", "properties": { "id": 2, "type": 2, "existence": true }, "geometry": { "type": "LineString", "coordinates": [ [ 1.4, 16.44 ], [ 1.82, 13.15 ] ] } },
{ "type": "Feature", "properties": { "id": 3, "type": 2, "existence": true }, "geometry": { "type": "LineString", "coordinates": [ [ 1.82, 13.15 ], [ 2.12, 11.47 ] ] } },
{ "type": "Feature", "properties": { "id": 4, "type": 2, "existence": true }, "geometry": { "type": "LineString", "coordinates": [ [ 2.12, 11.47 ], [ 2.71, 9.92 ] ] } },
{ "type": "Feature", "properties": { "id": 5, "type": 2, "existence": true }, "geometry": { "type": "LineString", "coordinates": [ [ 2.71, 9.92 ], [ 4.22, 7.95 ] ] } },
{ "type": "Feature", "properties": { "id": 6, "type": 2, "existence": true }, "geometry": { "type": "LineString", "coordinates": [ [ 4.22, 7.95 ], [ 5.43, 6.37 ] ] } },
{ "type": "Feature", "properties": { "id": 7, "type": 2, "existence": true }, "geometry": { "type": "LineString", "coordinates": [ [ 5.43, 6.37 ], [ 5.71, 5.69 ] ] } },
{ "type": "Feature", "properties": { "id": 8, "type": 2, "existence": true }, "geometry": { "type": "LineString", "coordinates": [ [ 5.71, 5.69 ], [ 6.91, 0.0 ] ] } },
{ "type": "Feature", "properties": { "id": 9, "type": 2, "existence": true }, "geometry": { "type": "LineString", "coordinates": [ [ 16.44, 8.15 ], [ 16.2, 8.16 ] ] } },
{ "type": "Feature", "properties": { "id": 10, "type": 2, "existence": true }, "geometry": { "type": "LineString", "coordinates": [ [ 16.2, 8.16 ], [ 14.46, 8.27 ] ] } },
{ "type": "Feature", "properties": { "id": 11, "type": 2, "existence": true }, "geometry": { "type": "LineString", "coordinates": [ [ 14.46, 8.27 ], [ 12.94, 8.36 ] ] } },
{ "type": "Feature", "properties": { "id": 12, "type": 2, "existence": true }, "geometry": { "type": "LineString", "coordinates": [ [ 12.94, 8.36 ], [ 12.8, 8.36 ] ] } },
{ "type": "Feature", "properties": { "id": 13, "type": 2, "existence": true }, "geometry": { "type": "LineString", "coordinates": [ [ 12.8, 8.36 ], [ 12.3, 8.36 ] ] } },
{ "type": "Feature", "properties": { "id": 14, "type": 2, "existence": true }, "geometry": { "type": "LineString", "coordinates": [ [ 12.3, 8.36 ], [ 9.47, 8.38 ] ] } },
{ "type": "Feature", "properties": { "id": 15, "type": 2, "existence": true }, "geometry": { "type": "LineString", "coordinates": [ [ 9.47, 8.38 ], [ 6.62, 7.81 ] ] } },
{ "type": "Feature", "properties": { "id": 16, "type": 2, "existence": true }, "geometry": { "type": "LineString", "coordinates": [ [ 16.42, 9.5 ], [ 16.16, 9.5 ] ] } },
{ "type": "Feature", "properties": { "id": 17, "type": 2, "existence": true }, "geometry": { "type": "LineString", "coordinates": [ [ 16.16, 9.5 ], [ 13.29, 9.51 ] ] } },
{ "type": "Feature", "properties": { "id": 18, "type": 2, "existence": true }, "geometry": { "type": "LineString", "coordinates": [ [ 13.29, 9.51 ], [ 12.7, 9.51 ] ] } },
{ "type": "Feature", "properties": { "id": 19, "type": 2, "existence": true }, "geometry": { "type": "LineString", "coordinates": [ [ 12.7, 9.51 ], [ 9.14, 9.52 ] ] } },
{ "type": "Feature", "properties": { "id": 20, "type": 2, "existence": true }, "geometry": { "type": "LineString", "coordinates": [ [ 7.49, 0.06 ], [ 8.78, 0.18 ] ] } },
{ "type": "Feature", "properties": { "id": 21, "type": 2, "existence": true }, "geometry": { "type": "LineString", "coordinates": [ [ 8.78, 0.18 ], [ 12.74, 0.55 ] ] } },
{ "type": "Feature", "properties": { "id": 22, "type": 2, "existence": true }, "geometry": { "type": "LineString", "coordinates": [ [ 12.74, 0.55 ], [ 14.0, 0.67 ] ] } },
{ "type": "Feature", "properties": { "id": 23, "type": 2, "existence": true }, "geometry": { "type": "LineString", "coordinates": [ [ 14.0, 0.67 ], [ 14.2, 0.7 ] ] } },
{ "type": "Feature", "properties": { "id": 24, "type": 2, "existence": true }, "geometry": { "type": "LineString", "coordinates": [ [ 14.2, 0.7 ], [ 17.04, 1.16 ] ] } },
{ "type": "Feature", "properties": { "id": 25, "type": 2, "existence": true }, "geometry": { "type": "LineString", "coordinates": [ [ 17.04, 1.16 ], [ 17.24, 1.19 ] ] } },
{ "type": "Feature", "properties": { "id": 26, "type": 2, "existence": true }, "geometry": { "type": "LineString", "coordinates": [ [ 2.17, 19.87 ], [ 2.16, 19.92 ] ] } },
{ "type": "Feature", "properties": { "id": 27, "type": 2, "existence": true }, "geometry": { "type": "LineString", "coordinates": [ [ 2.16, 19.92 ], [ 2.11, 20.46 ] ] } },
{ "type": "Feature", "properties": { "id": 28, "type": 2, "existence": true }, "geometry": { "type": "LineString", "coordinates": [ [ 2.11, 20.46 ], [ 1.89, 22.7 ] ] } },
{ "type": "Feature", "properties": { "id": 29, "type": 2, "existence": true }, "geometry": { "type": "LineString", "coordinates": [ [ 1.89, 22.7 ], [ 1.92, 23.33 ] ] } },
{ "type": "Feature", "properties": { "id": 30, "type": 2, "existence": true }, "geometry": { "type": "LineString", "coordinates": [ [ 1.92, 23.33 ], [ 2.02, 25.24 ] ] } },
{ "type": "Feature", "properties": { "id": 31, "type": 2, "existence": true }, "geometry": { "type": "LineString", "coordinates": [ [ 2.02, 25.24 ], [ 2.06, 26.02 ] ] } },
{ "type": "Feature", "properties": { "id": 32, "type": 2, "existence": true }, "geometry": { "type": "LineString", "coordinates": [ [ 5.32, 25.14 ], [ 5.26, 23.24 ] ] } },
{ "type": "Feature", "properties": { "id": 33, "type": 2, "existence": true }, "geometry": { "type": "LineString", "coordinates": [ [ 5.26, 23.24 ], [ 5.23, 22.6 ] ] } },
{ "type": "Feature", "properties": { "id": 34, "type": 2, "existence": true }, "geometry": { "type": "LineString", "coordinates": [ [ 5.23, 22.6 ], [ 5.15, 20.16 ] ] } },
{ "type": "Feature", "properties": { "id": 35, "type": 2, "existence": true }, "geometry": { "type": "LineString", "coordinates": [ [ 5.15, 20.16 ], [ 5.13, 19.5 ] ] } },
{ "type": "Feature", "properties": { "id": 36, "type": 2, "existence": true }, "geometry": { "type": "LineString", "coordinates": [ [ 16.55, 24.76 ], [ 16.6, 23.61 ] ] } },
{ "type": "Feature", "properties": { "id": 37, "type": 2, "existence": true }, "geometry": { "type": "LineString", "coordinates": [ [ 16.6, 23.61 ], [ 16.83, 20.75 ] ] } },
{ "type": "Feature", "properties": { "id": 38, "type": 2, "existence": true }, "geometry": { "type": "LineString", "coordinates": [ [ 16.83, 20.75 ], [ 16.66, 17.31 ] ] } },
{ "type": "Feature", "properties": { "id": 39, "type": 2, "existence": true }, "geometry": { "type": "LineString", "coordinates": [ [ 16.66, 17.31 ], [ 16.63, 16.95 ] ] } },
{ "type": "Feature", "properties": { "id": 40, "type": 2, "existence": true }, "geometry": { "type": "LineString", "coordinates": [ [ 16.63, 16.95 ], [ 16.42, 13.94 ] ] } },
{ "type": "Feature", "properties": { "id": 41, "type": 2, "existence": true }, "geometry": { "type": "LineString", "coordinates": [ [ 16.42, 13.94 ], [ 16.42, 9.5 ] ] } },
{ "type": "Feature", "properties": { "id": 42, "type": 2, "existence": true }, "geometry": { "type": "LineString", "coordinates": [ [ 16.42, 9.5 ], [ 16.44, 8.15 ] ] } },
{ "type": "Feature", "properties": { "id": 43, "type": 2, "existence": true }, "geometry": { "type": "LineString", "coordinates": [ [ 16.44, 8.15 ], [ 16.54, 4.84 ] ] } },
{ "type": "Feature", "properties": { "id": 44, "type": 2, "existence": true }, "geometry": { "type": "LineString", "coordinates": [ [ 16.54, 4.84 ], [ 16.63, 3.7 ] ] } },
{ "type": "Feature", "properties": { "id": 45, "type": 2, "existence": true }, "geometry": { "type": "LineString", "coordinates": [ [ 16.63, 3.7 ], [ 17.11, 1.55 ] ] } },
{ "type": "Feature", "properties": { "id": 46, "type": 2, "existence": true }, "geometry": { "type": "LineString", "coordinates": [ [ 17.11, 1.55 ], [ 17.24, 1.19 ] ] } },
{ "type": "Feature", "properties": { "id": 47, "type": 2, "existence": true }, "geometry": { "type": "LineString", "coordinates": [ [ 13.85, 24.36 ], [ 13.81, 23.03 ] ] } },
{ "type": "Feature", "properties": { "id": 48, "type": 2, "existence": true }, "geometry": { "type": "LineString", "coordinates": [ [ 13.81, 23.03 ], [ 13.79, 22.37 ] ] } },
{ "type": "Feature", "properties": { "id": 49, "type": 2, "existence": true }, "geometry": { "type": "LineString", "coordinates": [ [ 13.79, 22.37 ], [ 13.74, 20.84 ] ] } },
{ "type": "Feature", "properties": { "id": 50, "type": 2, "existence": true }, "geometry": { "type": "LineString", "coordinates": [ [ 13.74, 20.84 ], [ 13.72, 20.16 ] ] } },
{ "type": "Feature", "properties": { "id": 51, "type": 2, "existence": true }, "geometry": { "type": "LineString", "coordinates": [ [ 13.72, 20.16 ], [ 13.69, 19.23 ] ] } },
{ "type": "Feature", "properties": { "id": 52, "type": 2, "existence": true }, "geometry": { "type": "LineString", "coordinates": [ [ 13.69, 19.23 ], [ 13.66, 18.03 ] ] } },
{ "type": "Feature", "properties": { "id": 53, "type": 2, "existence": true }, "geometry": { "type": "LineString", "coordinates": [ [ 13.66, 18.03 ], [ 13.65, 17.73 ] ] } },
{ "type": "Feature", "properties": { "id": 54, "type": 2, "existence": true }, "geometry": { "type": "LineString", "coordinates": [ [ 2.17, 19.87 ], [ 2.22, 19.56 ] ] } },
{ "type": "Feature", "properties": { "id": 55, "type": 2, "existence": true }, "geometry": { "type": "LineString", "coordinates": [ [ 2.22, 19.56 ], [ 2.5, 17.99 ] ] } },
{ "type": "Feature", "properties": { "id": 56, "type": 2, "existence": true }, "geometry": { "type": "LineString", "coordinates": [ [ 2.5, 17.99 ], [ 5.48, 17.5 ] ] } },
{ "type": "Feature", "properties": { "id": 57, "type": 2, "existence": true }, "geometry": { "type": "LineString", "coordinates": [ [ 5.48, 17.5 ], [ 6.41, 17.35 ] ] } },
{ "type": "Feature", "properties": { "id": 58, "type": 2, "existence": true }, "geometry": { "type": "LineString", "coordinates": [ [ 6.74, 19.01 ], [ 6.68, 18.7 ] ] } },
{ "type": "Feature", "properties": { "id": 59, "type": 2, "existence": true }, "geometry": { "type": "LineString", "coordinates": [ [ 6.68, 18.7 ], [ 6.41, 17.35 ] ] } },
{ "type": "Feature", "properties": { "id": 60, "type": 2, "existence": true }, "geometry": { "type": "LineString", "coordinates": [ [ 1.89, 22.7 ], [ 4.63, 22.62 ] ] } },
{ "type": "Feature", "properties": { "id": 61, "type": 2, "existence": true }, "geometry": { "type": "LineString", "coordinates": [ [ 4.63, 22.62 ], [ 5.23, 22.6 ] ] } },
{ "type": "Feature", "properties": { "id": 62, "type": 2, "existence": true }, "geometry": { "type": "LineString", "coordinates": [ [ 5.23, 22.6 ], [ 8.63, 22.5 ] ] } },
{ "type": "Feature", "properties": { "id": 63, "type": 2, "existence": true }, "geometry": { "type": "LineString", "coordinates": [ [ 8.63, 22.5 ], [ 9.339990453764399, 22.479519506141411 ] ] } },
{ "type": "Feature", "properties": { "id": 64, "type": 2, "existence": true }, "geometry": { "type": "LineString", "coordinates": [ [ 9.339990453764399, 22.479519506141411 ], [ 11.75, 22.41 ] ] } },
{ "type": "Feature", "properties": { "id": 65, "type": 2, "existence": true }, "geometry": { "type": "LineString", "coordinates": [ [ 16.83, 20.75 ], [ 15.89, 20.78 ] ] } },
{ "type": "Feature", "properties": { "id": 66, "type": 2, "existence": true }, "geometry": { "type": "LineString", "coordinates": [ [ 15.89, 20.78 ], [ 13.74, 20.84 ] ] } },
{ "type": "Feature", "properties": { "id": 67, "type": 2, "existence": true }, "geometry": { "type": "LineString", "coordinates": [ [ 13.74, 20.84 ], [ 12.72, 20.86 ] ] } },
{ "type": "Feature", "properties": { "id": 68, "type": 2, "existence": true }, "geometry": { "type": "LineString", "coordinates": [ [ 12.72, 20.86 ], [ 11.68, 20.89 ] ] } },
{ "type": "Feature", "properties": { "id": 69, "type": 2, "existence": true }, "geometry": { "type": "LineString", "coordinates": [ [ 11.68, 20.89 ], [ 8.58, 20.98 ] ] } },
{ "type": "Feature", "properties": { "id": 70, "type": 2, "existence": true }, "geometry": { "type": "LineString", "coordinates": [ [ 5.68, 19.33 ], [ 5.65, 19.01 ] ] } },
{ "type": "Feature", "properties": { "id": 71, "type": 2, "existence": true }, "geometry": { "type": "LineString", "coordinates": [ [ 5.65, 19.01 ], [ 5.48, 17.5 ] ] } },
{ "type": "Feature", "properties": { "id": 72, "type": 2, "existence": true }, "geometry": { "type": "LineString", "coordinates": [ [ 5.48, 17.5 ], [ 5.44, 17.06 ] ] } },
{ "type": "Feature", "properties": { "id": 73, "type": 2, "existence": true }, "geometry": { "type": "LineString", "coordinates": [ [ 5.44, 17.06 ], [ 5.35, 16.27 ] ] } },
{ "type": "Feature", "properties": { "id": 74, "type": 2, "existence": true }, "geometry": { "type": "LineString", "coordinates": [ [ 5.35, 16.27 ], [ 5.33, 15.6 ] ] } },
{ "type": "Feature", "properties": { "id": 75, "type": 2, "existence": true }, "geometry": { "type": "LineString", "coordinates": [ [ 5.33, 15.6 ], [ 5.28, 14.39 ] ] } },
{ "type": "Feature", "properties": { "id": 76, "type": 2, "existence": true }, "geometry": { "type": "LineString", "coordinates": [ [ 5.28, 14.39 ], [ 5.249048414023372, 13.51009062723587 ] ] } },
{ "type": "Feature", "properties": { "id": 77, "type": 2, "existence": true }, "geometry": { "type": "LineString", "coordinates": [ [ 5.249048414023372, 13.51009062723587 ], [ 5.21, 12.4 ] ] } },
{ "type": "Feature", "properties": { "id": 78, "type": 2, "existence": true }, "geometry": { "type": "LineString", "coordinates": [ [ 11.78, 24.93 ], [ 11.76, 23.08 ] ] } },
{ "type": "Feature", "properties": { "id": 79, "type": 2, "existence": true }, "geometry": { "type": "LineString", "coordinates": [ [ 11.76, 23.08 ], [ 11.75, 22.41 ] ] } },
{ "type": "Feature", "properties": { "id": 80, "type": 2, "existence": true }, "geometry": { "type": "LineString", "coordinates": [ [ 11.75, 22.41 ], [ 11.68, 20.89 ] ] } },
{ "type": "Feature", "properties": { "id": 81, "type": 2, "existence": true }, "geometry": { "type": "LineString", "coordinates": [ [ 11.68, 20.89 ], [ 11.62, 19.84 ] ] } },
{ "type": "Feature", "properties": { "id": 82, "type": 2, "existence": true }, "geometry": { "type": "LineString", "coordinates": [ [ 11.62, 19.84 ], [ 11.61, 19.5 ] ] } },
{ "type": "Feature", "properties": { "id": 83, "type": 2, "existence": true }, "geometry": { "type": "LineString", "coordinates": [ [ 11.61, 19.5 ], [ 11.55, 18.37 ] ] } },
{ "type": "Feature", "properties": { "id": 84, "type": 2, "existence": true }, "geometry": { "type": "LineString", "coordinates": [ [ 11.55, 18.37 ], [ 11.53, 18.03 ] ] } },
{ "type": "Feature", "properties": { "id": 85, "type": 2, "existence": true }, "geometry": { "type": "LineString", "coordinates": [ [ 11.53, 18.03 ], [ 11.57, 17.76 ] ] } },
{ "type": "Feature", "properties": { "id": 86, "type": 2, "existence": true }, "geometry": { "type": "LineString", "coordinates": [ [ 11.57, 17.76 ], [ 11.81, 16.28 ] ] } },
{ "type": "Feature", "properties": { "id": 87, "type": 2, "existence": true }, "geometry": { "type": "LineString", "coordinates": [ [ 11.81, 16.28 ], [ 11.96, 15.38 ] ] } },
{ "type": "Feature", "properties": { "id": 88, "type": 2, "existence": true }, "geometry": { "type": "LineString", "coordinates": [ [ 11.96, 15.38 ], [ 12.09, 14.52 ] ] } },
{ "type": "Feature", "properties": { "id": 89, "type": 2, "existence": true }, "geometry": { "type": "LineString", "coordinates": [ [ 12.09, 14.52 ], [ 12.48, 12.11 ] ] } },
{ "type": "Feature", "properties": { "id": 90, "type": 2, "existence": true }, "geometry": { "type": "LineString", "coordinates": [ [ 12.48, 12.11 ], [ 12.61, 10.6 ] ] } },
{ "type": "Feature", "properties": { "id": 91, "type": 2, "existence": true }, "geometry": { "type": "LineString", "coordinates": [ [ 12.61, 10.6 ], [ 12.7, 9.51 ] ] } },
{ "type": "Feature", "properties": { "id": 92, "type": 2, "existence": true }, "geometry": { "type": "LineString", "coordinates": [ [ 12.7, 9.51 ], [ 12.8, 8.36 ] ] } },
{ "type": "Feature", "properties": { "id": 93, "type": 2, "existence": true }, "geometry": { "type": "LineString", "coordinates": [ [ 12.8, 8.36 ], [ 12.82, 8.06 ] ] } },
{ "type": "Feature", "properties": { "id": 94, "type": 2, "existence": true }, "geometry": { "type": "LineString", "coordinates": [ [ 12.82, 8.06 ], [ 13.02, 5.76 ] ] } },
{ "type": "Feature", "properties": { "id": 95, "type": 2, "existence": true }, "geometry": { "type": "LineString", "coordinates": [ [ 13.02, 5.76 ], [ 13.1, 4.8 ] ] } },
{ "type": "Feature", "properties": { "id": 96, "type": 2, "existence": true }, "geometry": { "type": "LineString", "coordinates": [ [ 13.1, 4.8 ], [ 13.14, 4.34 ] ] } },
{ "type": "Feature", "properties": { "id": 97, "type": 2, "existence": true }, "geometry": { "type": "LineString", "coordinates": [ [ 13.14, 4.34 ], [ 13.21, 3.48 ] ] } },
{ "type": "Feature", "properties": { "id": 98, "type": 2, "existence": true }, "geometry": { "type": "LineString", "coordinates": [ [ 13.21, 3.48 ], [ 13.28, 2.61 ] ] } },
{ "type": "Feature", "properties": { "id": 99, "type": 2, "existence": true }, "geometry": { "type": "LineString", "coordinates": [ [ 13.28, 2.61 ], [ 13.4, 1.2 ] ] } },
{ "type": "Feature", "properties": { "id": 100, "type": 2, "existence": true }, "geometry": { "type": "LineString", "coordinates": [ [ 13.4, 1.2 ], [ 13.45, 0.62 ] ] } },
{ "type": "Feature", "properties": { "id": 101, "type": 2, "existence": true }, "geometry": { "type": "LineString", "coordinates": [ [ 3.03, 12.49 ], [ 3.54, 10.93 ] ] } },
{ "type": "Feature", "properties": { "id": 102, "type": 2, "existence": true }, "geometry": { "type": "LineString", "coordinates": [ [ 3.54, 10.93 ], [ 3.99, 10.91 ] ] } },
{ "type": "Feature", "properties": { "id": 103, "type": 2, "existence": true }, "geometry": { "type": "LineString", "coordinates": [ [ 3.99, 10.91 ], [ 6.37, 10.82 ] ] } },
{ "type": "Feature", "properties": { "id": 104, "type": 2, "existence": true }, "geometry": { "type": "LineString", "coordinates": [ [ 6.37, 10.82 ], [ 8.52, 10.74 ] ] } },
{ "type": "Feature", "properties": { "id": 105, "type": 2, "existence": true }, "geometry": { "type": "LineString", "coordinates": [ [ 8.52, 10.74 ], [ 8.75, 10.73 ] ] } },
{ "type": "Feature", "properties": { "id": 106, "type": 2, "existence": true }, "geometry": { "type": "LineString", "coordinates": [ [ 8.75, 10.73 ], [ 12.61, 10.6 ] ] } },
{ "type": "Feature", "properties": { "id": 107, "type": 2, "existence": true }, "geometry": { "type": "LineString", "coordinates": [ [ 5.28, 14.39 ], [ 8.34, 14.21 ] ] } },
{ "type": "Feature", "properties": { "id": 108, "type": 2, "existence": true }, "geometry": { "type": "LineString", "coordinates": [ [ 8.34, 14.21 ], [ 9.32, 14.15 ] ] } },
{ "type": "Feature", "properties": { "id": 109, "type": 2, "existence": true }, "geometry": { "type": "LineString", "coordinates": [ [ 9.32, 14.15 ], [ 10.21, 14.1 ] ] } },
{ "type": "Feature", "properties": { "id": 110, "type": 2, "existence": true }, "geometry": { "type": "LineString", "coordinates": [ [ 10.21, 14.1 ], [ 10.22, 12.2 ] ] } },
{ "type": "Feature", "properties": { "id": 111, "type": 2, "existence": true }, "geometry": { "type": "LineString", "coordinates": [ [ 5.28, 14.39 ], [ 4.23, 14.45 ] ] } },
{ "type": "Feature", "properties": { "id": 112, "type": 2, "existence": true }, "geometry": { "type": "LineString", "coordinates": [ [ 4.23, 14.45 ], [ 2.74, 14.54 ] ] } },
{ "type": "Feature", "properties": { "id": 113, "type": 2, "existence": true }, "geometry": { "type": "LineString", "coordinates": [ [ 2.74, 14.54 ], [ 3.03, 12.49 ] ] } },
{ "type": "Feature", "properties": { "id": 114, "type": 2, "existence": true }, "geometry": { "type": "LineString", "coordinates": [ [ 9.21, 3.54 ], [ 11.21, 3.51 ] ] } },
{ "type": "Feature", "properties": { "id": 115, "type": 2, "existence": true }, "geometry": { "type": "LineString", "coordinates": [ [ 11.21, 3.51 ], [ 13.21, 3.48 ] ] } },
{ "type": "Feature", "properties": { "id": 116, "type": 2, "existence": true }, "geometry": { "type": "LineString", "coordinates": [ [ 13.21, 3.48 ], [ 14.72, 3.45 ] ] } },
{ "type": "Feature", "properties": { "id": 117, "type": 2, "existence": true }, "geometry": { "type": "LineString", "coordinates": [ [ 14.72, 3.45 ], [ 16.44, 3.42 ] ] } },
{ "type": "Feature", "properties": { "id": 118, "type": 2, "existence": true }, "geometry": { "type": "LineString", "coordinates": [ [ 16.44, 3.42 ], [ 16.69, 3.42 ] ] } },
{ "type": "Feature", "properties": { "id": 119, "type": 2, "existence": true }, "geometry": { "type": "LineString", "coordinates": [ [ 7.49, 0.06 ], [ 6.91, 0.0 ] ] } },
{ "type": "Feature", "properties": { "id": 120, "type": 2, "existence": true }, "geometry": { "type": "LineString", "coordinates": [ [ 1.47, 20.02 ], [ 1.48, 20.02 ] ] } },
{ "type": "Feature", "properties": { "id": 121, "type": 2, "existence": true }, "geometry": { "type": "LineString", "coordinates": [ [ 1.48, 20.02 ], [ 2.16, 19.92 ] ] } },
{ "type": "Feature", "properties": { "id": 122, "type": 2, "existence": true }, "geometry": { "type": "LineString", "coordinates": [ [ 2.16, 19.92 ], [ 5.13, 19.5 ] ] } },
{ "type": "Feature", "properties": { "id": 123, "type": 2, "existence": true }, "geometry": { "type": "LineString", "coordinates": [ [ 5.13, 19.5 ], [ 6.74, 19.01 ] ] } },
{ "type": "Feature", "properties": { "id": 124, "type": 2, "existence": true }, "geometry": { "type": "LineString", "coordinates": [ [ 6.74, 19.01 ], [ 8.49, 18.47 ] ] } },
{ "type": "Feature", "properties": { "id": 125, "type": 2, "existence": true }, "geometry": { "type": "LineString", "coordinates": [ [ 8.49, 18.47 ], [ 11.53, 18.03 ] ] } },
{ "type": "Feature", "properties": { "id": 126, "type": 2, "existence": true }, "geometry": { "type": "LineString", "coordinates": [ [ 11.53, 18.03 ], [ 13.65, 17.73 ] ] } },
{ "type": "Feature", "properties": { "id": 127, "type": 2, "existence": true }, "geometry": { "type": "LineString", "coordinates": [ [ 13.65, 17.73 ], [ 15.7, 17.44 ] ] } },
{ "type": "Feature", "properties": { "id": 128, "type": 2, "existence": true }, "geometry": { "type": "LineString", "coordinates": [ [ 15.7, 17.44 ], [ 16.66, 17.31 ] ] } },
{ "type": "Feature", "properties": { "id": 129, "type": 2, "existence": true }, "geometry": { "type": "LineString", "coordinates": [ [ 12.48, 12.11 ], [ 10.22, 12.2 ] ] } },
{ "type": "Feature", "properties": { "id": 130, "type": 2, "existence": true }, "geometry": { "type": "LineString", "coordinates": [ [ 10.22, 12.2 ], [ 8.27, 12.28 ] ] } },
{ "type": "Feature", "properties": { "id": 131, "type": 2, "existence": true }, "geometry": { "type": "LineString", "coordinates": [ [ 8.27, 12.28 ], [ 5.21, 12.4 ] ] } },
{ "type": "Feature", "properties": { "id": 132, "type": 2, "existence": true }, "geometry": { "type": "LineString", "coordinates": [ [ 5.21, 12.4 ], [ 4.17, 12.44 ] ] } },
{ "type": "Feature", "properties": { "id": 133, "type": 2, "existence": true }, "geometry": { "type": "LineString", "coordinates": [ [ 4.17, 12.44 ], [ 3.03, 12.49 ] ] } },
{ "type": "Feature", "properties": { "id": 134, "type": 2, "existence": true }, "geometry": { "type": "LineString", "coordinates": [ [ 3.03, 12.49 ], [ 2.4, 12.51 ] ] } },
{ "type": "Feature", "properties": { "id": 135, "type": 2, "existence": true }, "geometry": { "type": "LineString", "coordinates": [ [ 0.0, 26.06 ], [ 0.55, 26.05 ] ] } },
{ "type": "Feature", "properties": { "id": 136, "type": 2, "existence": true }, "geometry": { "type": "LineString", "coordinates": [ [ 0.55, 26.05 ], [ 2.06, 26.02 ] ] } },
{ "type": "Feature", "properties": { "id": 137, "type": 2, "existence": true }, "geometry": { "type": "LineString", "coordinates": [ [ 2.06, 26.02 ], [ 8.75, 25.89 ] ] } },
{ "type": "Feature", "properties": { "id": 138, "type": 2, "existence": true }, "geometry": { "type": "LineString", "coordinates": [ [ 8.75, 25.89 ], [ 12.76, 25.81 ] ] } },
{ "type": "Feature", "properties": { "id": 139, "type": 2, "existence": true }, "geometry": { "type": "LineString", "coordinates": [ [ 12.76, 25.81 ], [ 16.55, 24.76 ] ] } },
{ "type": "Feature", "properties": { "id": 140, "type": 2, "existence": true }, "geometry": { "type": "LineString", "coordinates": [ [ 2.02, 25.24 ], [ 5.32, 25.14 ] ] } },
{ "type": "Feature", "properties": { "id": 141, "type": 2, "existence": true }, "geometry": { "type": "LineString", "coordinates": [ [ 5.32, 25.14 ], [ 8.72, 25.03 ] ] } },
{ "type": "Feature", "properties": { "id": 142, "type": 2, "existence": true }, "geometry": { "type": "LineString", "coordinates": [ [ 8.72, 25.03 ], [ 8.76, 25.03 ] ] } },
{ "type": "Feature", "properties": { "id": 143, "type": 2, "existence": true }, "geometry": { "type": "LineString", "coordinates": [ [ 8.76, 25.03 ], [ 11.78, 24.93 ] ] } },
{ "type": "Feature", "properties": { "id": 144, "type": 2, "existence": true }, "geometry": { "type": "LineString", "coordinates": [ [ 11.78, 24.93 ], [ 16.6, 23.61 ] ] } },
{ "type": "Feature", "properties": { "id": 145, "type": 2, "existence": true }, "geometry": { "type": "LineString", "coordinates": [ [ 11.61, 19.5 ], [ 12.62, 19.37 ] ] } },
{ "type": "Feature", "properties": { "id": 146, "type": 2, "existence": true }, "geometry": { "type": "LineString", "coordinates": [ [ 12.62, 19.37 ], [ 13.12, 19.3 ] ] } },
{ "type": "Feature", "properties": { "id": 147, "type": 2, "existence": true }, "geometry": { "type": "LineString", "coordinates": [ [ 13.12, 19.3 ], [ 13.69, 19.23 ] ] } },
{ "type": "Feature", "properties": { "id": 148, "type": 2, "existence": true }, "geometry": { "type": "LineString", "coordinates": [ [ 8.75, 25.89 ], [ 8.72, 25.03 ] ] } },
{ "type": "Feature", "properties": { "id": 149, "type": 2, "existence": true }, "geometry": { "type": "LineString", "coordinates": [ [ 8.72, 25.03 ], [ 8.65, 23.16 ] ] } },
{ "type": "Feature", "properties": { "id": 150, "type": 2, "existence": true }, "geometry": { "type": "LineString", "coordinates": [ [ 8.65, 23.16 ], [ 8.63, 22.5 ] ] } },
{ "type": "Feature", "properties": { "id": 151, "type": 2, "existence": true }, "geometry": { "type": "LineString", "coordinates": [ [ 8.63, 22.5 ], [ 8.58, 20.98 ] ] } },
{ "type": "Feature", "properties": { "id": 152, "type": 2, "existence": true }, "geometry": { "type": "LineString", "coordinates": [ [ 8.58, 20.98 ], [ 8.57, 20.67 ] ] } },
{ "type": "Feature", "properties": { "id": 153, "type": 2, "existence": true }, "geometry": { "type": "LineString", "coordinates": [ [ 8.57, 20.67 ], [ 8.54, 19.9 ] ] } },
{ "type": "Feature", "properties": { "id": 154, "type": 2, "existence": true }, "geometry": { "type": "LineString", "coordinates": [ [ 8.54, 19.9 ], [ 8.53, 19.65 ] ] } },
{ "type": "Feature", "properties": { "id": 155, "type": 2, "existence": true }, "geometry": { "type": "LineString", "coordinates": [ [ 8.53, 19.65 ], [ 8.5, 18.86 ] ] } },
{ "type": "Feature", "properties": { "id": 156, "type": 2, "existence": true }, "geometry": { "type": "LineString", "coordinates": [ [ 8.5, 18.86 ], [ 8.49, 18.47 ] ] } },
{ "type": "Feature", "properties": { "id": 157, "type": 2, "existence": true }, "geometry": { "type": "LineString", "coordinates": [ [ 8.49, 18.47 ], [ 8.48, 18.16 ] ] } },
{ "type": "Feature", "properties": { "id": 158, "type": 2, "existence": true }, "geometry": { "type": "LineString", "coordinates": [ [ 8.48, 18.16 ], [ 8.43, 16.82 ] ] } },
{ "type": "Feature", "properties": { "id": 159, "type": 2, "existence": true }, "geometry": { "type": "LineString", "coordinates": [ [ 8.43, 16.82 ], [ 8.41, 16.21 ] ] } },
{ "type": "Feature", "properties": { "id": 160, "type": 2, "existence": true }, "geometry": { "type": "LineString", "coordinates": [ [ 8.41, 16.21 ], [ 8.38, 15.33 ] ] } },
{ "type": "Feature", "properties": { "id": 161, "type": 2, "existence": true }, "geometry": { "type": "LineString", "coordinates": [ [ 8.38, 15.33 ], [ 8.34, 14.21 ] ] } },
{ "type": "Feature", "properties": { "id": 162, "type": 2, "existence": true }, "geometry": { "type": "LineString", "coordinates": [ [ 8.34, 14.21 ], [ 8.27, 12.28 ] ] } },
{ "type": "Feature", "properties": { "id": 163, "type": 2, "existence": true }, "geometry": { "type": "LineString", "coordinates": [ [ 8.27, 12.28 ], [ 8.75, 10.73 ] ] } },
{ "type": "Feature", "properties": { "id": 164, "type": 2, "existence": true }, "geometry": { "type": "LineString", "coordinates": [ [ 8.75, 10.73 ], [ 9.12, 9.52 ] ] } },
{ "type": "Feature", "properties": { "id": 165, "type": 2, "existence": true }, "geometry": { "type": "LineString", "coordinates": [ [ 9.12, 9.52 ], [ 9.47, 8.38 ] ] } },
{ "type": "Feature", "properties": { "id": 166, "type": 2, "existence": true }, "geometry": { "type": "LineString", "coordinates": [ [ 9.47, 8.38 ], [ 9.45, 6.21 ] ] } },
{ "type": "Feature", "properties": { "id": 167, "type": 2, "existence": true }, "geometry": { "type": "LineString", "coordinates": [ [ 9.45, 6.21 ], [ 9.45, 6.2 ] ] } },
{ "type": "Feature", "properties": { "id": 168, "type": 2, "existence": true }, "geometry": { "type": "LineString", "coordinates": [ [ 9.45, 6.2 ], [ 9.33, 5.14 ] ] } },
{ "type": "Feature", "properties": { "id": 169, "type": 2, "existence": true }, "geometry": { "type": "LineString", "coordinates": [ [ 9.33, 5.14 ], [ 9.21, 3.54 ] ] } },
{ "type": "Feature", "properties": { "id": 170, "type": 2, "existence": true }, "geometry": { "type": "LineString", "coordinates": [ [ 9.21, 3.54 ], [ 8.92, 1.4 ] ] } },
{ "type": "Feature", "properties": { "id": 171, "type": 2, "existence": true }, "geometry": { "type": "LineString", "coordinates": [ [ 8.92, 1.4 ], [ 8.78, 0.18 ] ] } },
{ "type": "Feature", "properties": { "id": 172, "type": 2, "existence": true }, "geometry": { "type": "LineString", "coordinates": [ [ 1.39, 20.53 ], [ 2.11, 20.46 ] ] } },
{ "type": "Feature", "properties": { "id": 173, "type": 2, "existence": true }, "geometry": { "type": "LineString", "coordinates": [ [ 2.11, 20.46 ], [ 4.53, 20.22 ] ] } },
{ "type": "Feature", "properties": { "id": 174, "type": 2, "existence": true }, "geometry": { "type": "LineString", "coordinates": [ [ 4.53, 20.22 ], [ 5.15, 20.16 ] ] } },
{ "type": "Feature", "properties": { "id": 175, "type": 2, "existence": true }, "geometry": { "type": "LineString", "coordinates": [ [ 5.15, 20.16 ], [ 7.24, 19.84 ] ] } },
{ "type": "Feature", "properties": { "id": 176, "type": 2, "existence": true }, "geometry": { "type": "LineString", "coordinates": [ [ 7.24, 19.84 ], [ 8.53, 19.65 ] ] } },
{ "type": "Feature", "properties": { "id": 177, "type": 2, "existence": true }, "geometry": { "type": "LineString", "coordinates": [ [ 4.63, 22.62 ], [ 4.53, 20.22 ] ] } },
{ "type": "Feature", "properties": { "id": 178, "type": 2, "existence": true }, "geometry": { "type": "LineString", "coordinates": [ [ 8.57, 20.67 ], [ 7.37, 20.72 ] ] } },
{ "type": "Feature", "properties": { "id": 179, "type": 2, "existence": true }, "geometry": { "type": "LineString", "coordinates": [ [ 7.37, 20.72 ], [ 7.24, 19.84 ] ] } },
{ "type": "Feature", "properties": { "id": 180, "type": 2, "existence": true }, "geometry": { "type": "LineString", "coordinates": [ [ 9.34, 22.48 ], [ 9.339990453764399, 22.479519506141411 ] ] } },
{ "type": "Feature", "properties": { "id": 181, "type": 2, "existence": true }, "geometry": { "type": "LineString", "coordinates": [ [ 9.339990453764399, 22.479519506141411 ], [ 9.31, 20.97 ] ] } },
{ "type": "Feature", "properties": { "id": 182, "type": 2, "existence": true }, "geometry": { "type": "LineString", "coordinates": [ [ 11.62, 19.84 ], [ 8.54, 19.9 ] ] } },
{ "type": "Feature", "properties": { "id": 183, "type": 2, "existence": true }, "geometry": { "type": "LineString", "coordinates": [ [ 13.45, 16.09 ], [ 11.81, 16.28 ] ] } },
{ "type": "Feature", "properties": { "id": 184, "type": 2, "existence": true }, "geometry": { "type": "LineString", "coordinates": [ [ 3.69, 12.46 ], [ 3.99, 10.91 ] ] } },
{ "type": "Feature", "properties": { "id": 185, "type": 2, "existence": true }, "geometry": { "type": "LineString", "coordinates": [ [ 6.39, 12.35 ], [ 6.37, 10.82 ] ] } },
{ "type": "Feature", "properties": { "id": 186, "type": 2, "existence": true }, "geometry": { "type": "LineString", "coordinates": [ [ 12.54, 16.19 ], [ 12.57, 15.27 ] ] } },
{ "type": "Feature", "properties": { "id": 187, "type": 2, "existence": true }, "geometry": { "type": "LineString", "coordinates": [ [ 12.57, 15.27 ], [ 12.57, 15.25 ] ] } },
{ "type": "Feature", "properties": { "id": 188, "type": 2, "existence": true }, "geometry": { "type": "LineString", "coordinates": [ [ 1.86, 17.63 ], [ 5.44, 17.06 ] ] } },
{ "type": "Feature", "properties": { "id": 189, "type": 2, "existence": true }, "geometry": { "type": "LineString", "coordinates": [ [ 5.44, 17.06 ], [ 8.38, 16.22 ] ] } },
{ "type": "Feature", "properties": { "id": 190, "type": 2, "existence": true }, "geometry": { "type": "LineString", "coordinates": [ [ 8.38, 16.22 ], [ 8.41, 16.21 ] ] } },
{ "type": "Feature", "properties": { "id": 191, "type": 2, "existence": true }, "geometry": { "type": "LineString", "coordinates": [ [ 8.41, 16.21 ], [ 11.96, 15.38 ] ] } },
{ "type": "Feature", "properties": { "id": 192, "type": 2, "existence": true }, "geometry": { "type": "LineString", "coordinates": [ [ 11.96, 15.38 ], [ 12.57, 15.27 ] ] } },
{ "type": "Feature", "properties": { "id": 193, "type": 2, "existence": true }, "geometry": { "type": "LineString", "coordinates": [ [ 12.57, 15.27 ], [ 13.48, 15.1 ] ] } },
{ "type": "Feature", "properties": { "id": 194, "type": 2, "existence": true }, "geometry": { "type": "LineString", "coordinates": [ [ 13.48, 15.1 ], [ 14.6, 14.89 ] ] } },
{ "type": "Feature", "properties": { "id": 195, "type": 2, "existence": true }, "geometry": { "type": "LineString", "coordinates": [ [ 14.6, 14.89 ], [ 15.55, 14.71 ] ] } },
{ "type": "Feature", "properties": { "id": 196, "type": 2, "existence": true }, "geometry": { "type": "LineString", "coordinates": [ [ 15.55, 14.71 ], [ 15.55, 14.69 ] ] } },
{ "type": "Feature", "properties": { "id": 197, "type": 2, "existence": true }, "geometry": { "type": "LineString", "coordinates": [ [ 6.62, 7.81 ], [ 6.56, 6.57 ] ] } },
{ "type": "Feature", "properties": { "id": 198, "type": 2, "existence": true }, "geometry": { "type": "LineString", "coordinates": [ [ 12.3, 8.37 ], [ 12.3, 8.36 ] ] } },
{ "type": "Feature", "properties": { "id": 199, "type": 2, "existence": true }, "geometry": { "type": "LineString", "coordinates": [ [ 12.3, 8.36 ], [ 12.53, 5.81 ] ] } },
{ "type": "Feature", "properties": { "id": 200, "type": 2, "existence": true }, "geometry": { "type": "LineString", "coordinates": [ [ 4.23, 14.45 ], [ 4.2, 13.61 ] ] } },
{ "type": "Feature", "properties": { "id": 201, "type": 2, "existence": true }, "geometry": { "type": "LineString", "coordinates": [ [ 4.2, 13.61 ], [ 4.17, 12.44 ] ] } },
{ "type": "Feature", "properties": { "id": 202, "type": 2, "existence": true }, "geometry": { "type": "LineString", "coordinates": [ [ 4.2, 13.61 ], [ 5.249048414023372, 13.51009062723587 ] ] } },
{ "type": "Feature", "properties": { "id": 203, "type": 2, "existence": true }, "geometry": { "type": "LineString", "coordinates": [ [ 5.249048414023372, 13.51009062723587 ], [ 5.25, 13.51 ] ] } },
{ "type": "Feature", "properties": { "id": 204, "type": 2, "existence": true }, "geometry": { "type": "LineString", "coordinates": [ [ 2.13, 16.32 ], [ 5.33, 15.6 ] ] } },
{ "type": "Feature", "properties": { "id": 205, "type": 2, "existence": true }, "geometry": { "type": "LineString", "coordinates": [ [ 5.33, 15.6 ], [ 8.38, 15.33 ] ] } },
{ "type": "Feature", "properties": { "id": 206, "type": 2, "existence": true }, "geometry": { "type": "LineString", "coordinates": [ [ 8.38, 15.33 ], [ 10.29, 14.91 ] ] } },
{ "type": "Feature", "properties": { "id": 207, "type": 2, "existence": true }, "geometry": { "type": "LineString", "coordinates": [ [ 10.29, 14.91 ], [ 12.09, 14.52 ] ] } },
{ "type": "Feature", "properties": { "id": 208, "type": 2, "existence": true }, "geometry": { "type": "LineString", "coordinates": [ [ 8.41, 16.82 ], [ 8.43, 16.82 ] ] } },
{ "type": "Feature", "properties": { "id": 209, "type": 2, "existence": true }, "geometry": { "type": "LineString", "coordinates": [ [ 8.43, 16.82 ], [ 10.01, 16.65 ] ] } },
{ "type": "Feature", "properties": { "id": 210, "type": 2, "existence": true }, "geometry": { "type": "LineString", "coordinates": [ [ 10.01, 16.65 ], [ 10.17, 17.94 ] ] } },
{ "type": "Feature", "properties": { "id": 211, "type": 2, "existence": true }, "geometry": { "type": "LineString", "coordinates": [ [ 9.4, 15.09 ], [ 9.32, 14.15 ] ] } },
{ "type": "Feature", "properties": { "id": 212, "type": 2, "existence": true }, "geometry": { "type": "LineString", "coordinates": [ [ 13.09, 4.8 ], [ 13.1, 4.8 ] ] } },
{ "type": "Feature", "properties": { "id": 213, "type": 2, "existence": true }, "geometry": { "type": "LineString", "coordinates": [ [ 13.1, 4.8 ], [ 14.66, 4.66 ] ] } },
{ "type": "Feature", "properties": { "id": 214, "type": 2, "existence": true }, "geometry": { "type": "LineString", "coordinates": [ [ 14.66, 4.66 ], [ 16.36, 4.5 ] ] } },
{ "type": "Feature", "properties": { "id": 215, "type": 2, "existence": true }, "geometry": { "type": "LineString", "coordinates": [ [ 16.36, 4.5 ], [ 16.44, 3.42 ] ] } },
{ "type": "Feature", "properties": { "id": 216, "type": 2, "existence": true }, "geometry": { "type": "LineString", "coordinates": [ [ 16.44, 3.42 ], [ 16.82, 1.98 ] ] } },
{ "type": "Feature", "properties": { "id": 217, "type": 2, "existence": true }, "geometry": { "type": "LineString", "coordinates": [ [ 16.82, 1.98 ], [ 17.04, 1.16 ] ] } },
{ "type": "Feature", "properties": { "id": 218, "type": 2, "existence": true }, "geometry": { "type": "LineString", "coordinates": [ [ 17.04, 1.16 ], [ 17.04, 1.15 ] ] } },
{ "type": "Feature", "properties": { "id": 219, "type": 2, "existence": true }, "geometry": { "type": "LineString", "coordinates": [ [ 16.29, 5.41 ], [ 16.2, 8.16 ] ] } },
{ "type": "Feature", "properties": { "id": 220, "type": 2, "existence": true }, "geometry": { "type": "LineString", "coordinates": [ [ 16.2, 8.16 ], [ 16.16, 9.5 ] ] } },
{ "type": "Feature", "properties": { "id": 221, "type": 2, "existence": true }, "geometry": { "type": "LineString", "coordinates": [ [ 13.29, 9.51 ], [ 12.77, 14.41 ] ] } },
{ "type": "Feature", "properties": { "id": 222, "type": 2, "existence": true }, "geometry": { "type": "LineString", "coordinates": [ [ 12.77, 14.41 ], [ 16.2, 13.61 ] ] } },
{ "type": "Feature", "properties": { "id": 223, "type": 2, "existence": true }, "geometry": { "type": "LineString", "coordinates": [ [ 16.2, 13.61 ], [ 16.16, 9.5 ] ] } },
{ "type": "Feature", "properties": { "id": 224, "type": 2, "existence": true }, "geometry": { "type": "LineString", "coordinates": [ [ 13.29, 9.51 ], [ 13.66, 8.32 ] ] } },
{ "type": "Feature", "properties": { "id": 225, "type": 2, "existence": true }, "geometry": { "type": "LineString", "coordinates": [ [ 14.46, 8.27 ], [ 14.57, 5.59 ] ] } },
{ "type": "Feature", "properties": { "id": 226, "type": 2, "existence": true }, "geometry": { "type": "LineString", "coordinates": [ [ 14.57, 5.59 ], [ 14.57, 5.58 ] ] } },
{ "type": "Feature", "properties": { "id": 227, "type": 2, "existence": true }, "geometry": { "type": "LineString", "coordinates": [ [ 10.21, 14.1 ], [ 10.29, 14.91 ] ] } },
{ "type": "Feature", "properties": { "id": 228, "type": 2, "existence": true }, "geometry": { "type": "LineString", "coordinates": [ [ 10.29, 14.91 ], [ 10.29, 14.92 ] ] } },
{ "type": "Feature", "properties": { "id": 229, "type": 2, "existence": true }, "geometry": { "type": "LineString", "coordinates": [ [ 12.74, 0.55 ], [ 12.65, 1.12 ] ] } },
{ "type": "Feature", "properties": { "id": 230, "type": 2, "existence": true }, "geometry": { "type": "LineString", "coordinates": [ [ 12.65, 1.12 ], [ 13.4, 1.2 ] ] } },
{ "type": "Feature", "properties": { "id": 231, "type": 2, "existence": true }, "geometry": { "type": "LineString", "coordinates": [ [ 13.4, 1.2 ], [ 14.14, 1.27 ] ] } },
{ "type": "Feature", "properties": { "id": 232, "type": 2, "existence": true }, "geometry": { "type": "LineString", "coordinates": [ [ 14.14, 1.27 ], [ 14.2, 0.7 ] ] } },
{ "type": "Feature", "properties": { "id": 233, "type": 2, "existence": true }, "geometry": { "type": "LineString", "coordinates": [ [ 0.55, 26.05 ], [ 0.96, 23.35 ] ] } },
{ "type": "Feature", "properties": { "id": 234, "type": 2, "existence": true }, "geometry": { "type": "LineString", "coordinates": [ [ 0.96, 23.35 ], [ 1.39, 20.53 ] ] } },
{ "type": "Feature", "properties": { "id": 235, "type": 2, "existence": true }, "geometry": { "type": "LineString", "coordinates": [ [ 1.39, 20.53 ], [ 1.48, 20.02 ] ] } },
{ "type": "Feature", "properties": { "id": 236, "type": 2, "existence": true }, "geometry": { "type": "LineString", "coordinates": [ [ 1.48, 20.02 ], [ 1.52, 19.77 ] ] } },
{ "type": "Feature", "properties": { "id": 237, "type": 2, "existence": true }, "geometry": { "type": "LineString", "coordinates": [ [ 1.52, 19.77 ], [ 1.86, 17.63 ] ] } },
{ "type": "Feature", "properties": { "id": 238, "type": 2, "existence": true }, "geometry": { "type": "LineString", "coordinates": [ [ 1.86, 17.63 ], [ 2.13, 16.32 ] ] } },
{ "type": "Feature", "properties": { "id": 239, "type": 2, "existence": true }, "geometry": { "type": "LineString", "coordinates": [ [ 2.13, 16.32 ], [ 2.4, 12.51 ] ] } },
{ "type": "Feature", "properties": { "id": 240, "type": 2, "existence": true }, "geometry": { "type": "LineString", "coordinates": [ [ 2.4, 12.51 ], [ 2.97, 10.95 ] ] } },
{ "type": "Feature", "properties": { "id": 241, "type": 2, "existence": true }, "geometry": { "type": "LineString", "coordinates": [ [ 2.97, 10.95 ], [ 4.59, 8.4 ] ] } },
{ "type": "Feature", "properties": { "id": 242, "type": 2, "existence": true }, "geometry": { "type": "LineString", "coordinates": [ [ 4.59, 8.4 ], [ 5.92, 6.44 ] ] } },
{ "type": "Feature", "properties": { "id": 243, "type": 2, "existence": true }, "geometry": { "type": "LineString", "coordinates": [ [ 5.92, 6.44 ], [ 6.17, 5.98 ] ] } },
{ "type": "Feature", "properties": { "id": 244, "type": 2, "existence": true }, "geometry": { "type": "LineString", "coordinates": [ [ 6.17, 5.98 ], [ 7.26, 0.83 ] ] } },
{ "type": "Feature", "properties": { "id": 245, "type": 2, "existence": true }, "geometry": { "type": "LineString", "coordinates": [ [ 7.26, 0.83 ], [ 7.49, 0.06 ] ] } },
{ "type": "Feature", "properties": { "id": 246, "type": 2, "existence": true }, "geometry": { "type": "LineString", "coordinates": [ [ 1.54, 19.65 ], [ 2.22, 19.56 ] ] } },
{ "type": "Feature", "properties": { "id": 247, "type": 2, "existence": true }, "geometry": { "type": "LineString", "coordinates": [ [ 2.22, 19.56 ], [ 5.0, 19.2 ] ] } },
{ "type": "Feature", "properties": { "id": 248, "type": 2, "existence": true }, "geometry": { "type": "LineString", "coordinates": [ [ 5.0, 19.2 ], [ 5.65, 19.01 ] ] } },
{ "type": "Feature", "properties": { "id": 249, "type": 2, "existence": true }, "geometry": { "type": "LineString", "coordinates": [ [ 5.65, 19.01 ], [ 6.68, 18.7 ] ] } },
{ "type": "Feature", "properties": { "id": 250, "type": 2, "existence": true }, "geometry": { "type": "LineString", "coordinates": [ [ 6.68, 18.7 ], [ 8.48, 18.16 ] ] } },
{ "type": "Feature", "properties": { "id": 251, "type": 2, "existence": true }, "geometry": { "type": "LineString", "coordinates": [ [ 8.48, 18.16 ], [ 8.49, 18.16 ] ] } },
{ "type": "Feature", "properties": { "id": 252, "type": 2, "existence": true }, "geometry": { "type": "LineString", "coordinates": [ [ 8.49, 18.16 ], [ 10.17, 17.94 ] ] } },
{ "type": "Feature", "properties": { "id": 253, "type": 2, "existence": true }, "geometry": { "type": "LineString", "coordinates": [ [ 10.17, 17.94 ], [ 11.57, 17.76 ] ] } },
{ "type": "Feature", "properties": { "id": 254, "type": 2, "existence": true }, "geometry": { "type": "LineString", "coordinates": [ [ 11.57, 17.76 ], [ 11.61, 17.76 ] ] } },
{ "type": "Feature", "properties": { "id": 255, "type": 2, "existence": true }, "geometry": { "type": "LineString", "coordinates": [ [ 11.61, 17.76 ], [ 13.5, 17.45 ] ] } },
{ "type": "Feature", "properties": { "id": 256, "type": 2, "existence": true }, "geometry": { "type": "LineString", "coordinates": [ [ 13.5, 17.45 ], [ 14.42, 17.31 ] ] } },
{ "type": "Feature", "properties": { "id": 257, "type": 2, "existence": true }, "geometry": { "type": "LineString", "coordinates": [ [ 14.42, 17.31 ], [ 15.69, 17.1 ] ] } },
{ "type": "Feature", "properties": { "id": 258, "type": 2, "existence": true }, "geometry": { "type": "LineString", "coordinates": [ [ 15.69, 17.1 ], [ 16.63, 16.95 ] ] } },
{ "type": "Feature", "properties": { "id": 259, "type": 2, "existence": true }, "geometry": { "type": "LineString", "coordinates": [ [ 16.63, 16.95 ], [ 16.64, 16.95 ] ] } },
{ "type": "Feature", "properties": { "id": 260, "type": 2, "existence": true }, "geometry": { "type": "LineString", "coordinates": [ [ 13.48, 15.09 ], [ 13.48, 15.1 ] ] } },
{ "type": "Feature", "properties": { "id": 261, "type": 2, "existence": true }, "geometry": { "type": "LineString", "coordinates": [ [ 13.48, 15.1 ], [ 13.45, 16.09 ] ] } },
{ "type": "Feature", "properties": { "id": 262, "type": 2, "existence": true }, "geometry": { "type": "LineString", "coordinates": [ [ 13.45, 16.09 ], [ 13.5, 17.45 ] ] } },
{ "type": "Feature", "properties": { "id": 263, "type": 2, "existence": true }, "geometry": { "type": "LineString", "coordinates": [ [ 14.42, 17.31 ], [ 14.6, 14.89 ] ] } },
{ "type": "Feature", "properties": { "id": 264, "type": 2, "existence": true }, "geometry": { "type": "LineString", "coordinates": [ [ 14.6, 14.89 ], [ 14.6, 14.88 ] ] } },
{ "type": "Feature", "properties": { "id": 265, "type": 2, "existence": true }, "geometry": { "type": "LineString", "coordinates": [ [ 12.82, 8.06 ], [ 14.1, 7.98 ] ] } },
{ "type": "Feature", "properties": { "id": 266, "type": 2, "existence": true }, "geometry": { "type": "LineString", "coordinates": [ [ 14.1, 7.98 ], [ 14.27, 5.62 ] ] } },
{ "type": "Feature", "properties": { "id": 267, "type": 2, "existence": true }, "geometry": { "type": "LineString", "coordinates": [ [ 3.54, 10.93 ], [ 4.47, 9.64 ] ] } },
{ "type": "Feature", "properties": { "id": 268, "type": 2, "existence": true }, "geometry": { "type": "LineString", "coordinates": [ [ 4.47, 9.64 ], [ 9.12, 9.52 ] ] } },
{ "type": "Feature", "properties": { "id": 269, "type": 2, "existence": true }, "geometry": { "type": "LineString", "coordinates": [ [ 9.12, 9.52 ], [ 9.14, 9.52 ] ] } },
{ "type": "Feature", "properties": { "id": 270, "type": 2, "existence": true }, "geometry": { "type": "LineString", "coordinates": [ [ 16.06, 23.75 ], [ 16.02, 22.98 ] ] } },
{ "type": "Feature", "properties": { "id": 271, "type": 2, "existence": true }, "geometry": { "type": "LineString", "coordinates": [ [ 16.02, 22.98 ], [ 15.98, 22.32 ] ] } },
{ "type": "Feature", "properties": { "id": 272, "type": 2, "existence": true }, "geometry": { "type": "LineString", "coordinates": [ [ 15.98, 22.32 ], [ 15.89, 20.78 ] ] } },
{ "type": "Feature", "properties": { "id": 273, "type": 2, "existence": true }, "geometry": { "type": "LineString", "coordinates": [ [ 15.89, 20.78 ], [ 15.7, 17.44 ] ] } },
{ "type": "Feature", "properties": { "id": 274, "type": 2, "existence": true }, "geometry": { "type": "LineString", "coordinates": [ [ 15.7, 17.44 ], [ 15.69, 17.1 ] ] } },
{ "type": "Feature", "properties": { "id": 275, "type": 2, "existence": true }, "geometry": { "type": "LineString", "coordinates": [ [ 15.69, 17.1 ], [ 15.55, 14.71 ] ] } },
{ "type": "Feature", "properties": { "id": 276, "type": 2, "existence": true }, "geometry": { "type": "LineString", "coordinates": [ [ 8.5, 18.86 ], [ 11.55, 18.37 ] ] } },
{ "type": "Feature", "properties": { "id": 277, "type": 2, "existence": true }, "geometry": { "type": "LineString", "coordinates": [ [ 11.55, 18.37 ], [ 13.66, 18.03 ] ] } },
{ "type": "Feature", "properties": { "id": 278, "type": 2, "existence": true }, "geometry": { "type": "LineString", "coordinates": [ [ 12.72, 20.87 ], [ 12.72, 20.86 ] ] } },
{ "type": "Feature", "properties": { "id": 279, "type": 2, "existence": true }, "geometry": { "type": "LineString", "coordinates": [ [ 12.72, 20.86 ], [ 12.62, 19.37 ] ] } },
{ "type": "Feature", "properties": { "id": 280, "type": 2, "existence": true }, "geometry": { "type": "LineString", "coordinates": [ [ 12.62, 19.37 ], [ 12.55, 18.21 ] ] } },
{ "type": "Feature", "properties": { "id": 281, "type": 2, "existence": true }, "geometry": { "type": "LineString", "coordinates": [ [ 12.68, 20.22 ], [ 13.72, 20.16 ] ] } },
{ "type": "Feature", "properties": { "id": 282, "type": 2, "existence": true }, "geometry": { "type": "LineString", "coordinates": [ [ 13.12, 19.31 ], [ 13.12, 19.3 ] ] } },
{ "type": "Feature", "properties": { "id": 283, "type": 2, "existence": true }, "geometry": { "type": "LineString", "coordinates": [ [ 13.12, 19.3 ], [ 13.19, 18.11 ] ] } },
{ "type": "Feature", "properties": { "id": 284, "type": 2, "existence": true }, "geometry": { "type": "LineString", "coordinates": [ [ 11.75, 22.41 ], [ 13.79, 22.37 ] ] } },
{ "type": "Feature", "properties": { "id": 285, "type": 2, "existence": true }, "geometry": { "type": "LineString", "coordinates": [ [ 13.79, 22.37 ], [ 15.98, 22.32 ] ] } },
{ "type": "Feature", "properties": { "id": 286, "type": 2, "existence": true }, "geometry": { "type": "LineString", "coordinates": [ [ 0.96, 23.35 ], [ 1.92, 23.33 ] ] } },
{ "type": "Feature", "properties": { "id": 287, "type": 2, "existence": true }, "geometry": { "type": "LineString", "coordinates": [ [ 1.92, 23.33 ], [ 5.26, 23.24 ] ] } },
{ "type": "Feature", "properties": { "id": 288, "type": 2, "existence": true }, "geometry": { "type": "LineString", "coordinates": [ [ 5.26, 23.24 ], [ 8.65, 23.16 ] ] } },
{ "type": "Feature", "properties": { "id": 289, "type": 2, "existence": true }, "geometry": { "type": "LineString", "coordinates": [ [ 8.65, 23.16 ], [ 11.76, 23.08 ] ] } },
{ "type": "Feature", "properties": { "id": 290, "type": 2, "existence": true }, "geometry": { "type": "LineString", "coordinates": [ [ 11.76, 23.08 ], [ 13.81, 23.03 ] ] } },
{ "type": "Feature", "properties": { "id": 291, "type": 2, "existence": true }, "geometry": { "type": "LineString", "coordinates": [ [ 13.81, 23.03 ], [ 16.02, 22.98 ] ] } },
{ "type": "Feature", "properties": { "id": 292, "type": 2, "existence": true }, "geometry": { "type": "LineString", "coordinates": [ [ 14.78, 2.03 ], [ 14.72, 3.45 ] ] } },
{ "type": "Feature", "properties": { "id": 293, "type": 2, "existence": true }, "geometry": { "type": "LineString", "coordinates": [ [ 14.72, 3.45 ], [ 14.68, 4.28 ] ] } },
{ "type": "Feature", "properties": { "id": 294, "type": 2, "existence": true }, "geometry": { "type": "LineString", "coordinates": [ [ 14.68, 4.28 ], [ 14.66, 4.66 ] ] } },
{ "type": "Feature", "properties": { "id": 295, "type": 2, "existence": true }, "geometry": { "type": "LineString", "coordinates": [ [ 11.41, 4.41 ], [ 13.14, 4.34 ] ] } },
{ "type": "Feature", "properties": { "id": 296, "type": 2, "existence": true }, "geometry": { "type": "LineString", "coordinates": [ [ 13.14, 4.34 ], [ 14.68, 4.28 ] ] } },
{ "type": "Feature", "properties": { "id": 297, "type": 2, "existence": true }, "geometry": { "type": "LineString", "coordinates": [ [ 11.43, 5.02 ], [ 11.41, 4.41 ] ] } },
{ "type": "Feature", "properties": { "id": 298, "type": 2, "existence": true }, "geometry": { "type": "LineString", "coordinates": [ [ 11.43, 5.02 ], [ 9.33, 5.14 ] ] } },
{ "type": "Feature", "properties": { "id": 299, "type": 2, "existence": true }, "geometry": { "type": "LineString", "coordinates": [ [ 9.33, 5.14 ], [ 6.59, 5.3 ] ] } },
{ "type": "Feature", "properties": { "id": 300, "type": 2, "existence": true }, "geometry": { "type": "LineString", "coordinates": [ [ 6.59, 5.3 ], [ 7.45, 1.39 ] ] } },
{ "type": "Feature", "properties": { "id": 301, "type": 2, "existence": true }, "geometry": { "type": "LineString", "coordinates": [ [ 7.45, 1.39 ], [ 8.92, 1.4 ] ] } },
{ "type": "Feature", "properties": { "id": 302, "type": 2, "existence": true }, "geometry": { "type": "LineString", "coordinates": [ [ 8.92, 1.4 ], [ 8.94, 1.4 ] ] } },
{ "type": "Feature", "properties": { "id": 303, "type": 2, "existence": true }, "geometry": { "type": "LineString", "coordinates": [ [ 8.94, 1.4 ], [ 11.22, 1.32 ] ] } },
{ "type": "Feature", "properties": { "id": 304, "type": 2, "existence": true }, "geometry": { "type": "LineString", "coordinates": [ [ 11.22, 1.32 ], [ 13.28, 2.61 ] ] } },
{ "type": "Feature", "properties": { "id": 305, "type": 2, "existence": true }, "geometry": { "type": "LineString", "coordinates": [ [ 13.28, 2.61 ], [ 14.78, 2.03 ] ] } },
{ "type": "Feature", "properties": { "id": 306, "type": 2, "existence": true }, "geometry": { "type": "LineString", "coordinates": [ [ 14.78, 2.03 ], [ 16.82, 1.98 ] ] } },
{ "type": "Feature", "properties": { "id": 307, "type": 2, "existence": true }, "geometry": { "type": "LineString", "coordinates": [ [ 6.56, 6.57 ], [ 9.45, 6.2 ] ] } },
{ "type": "Feature", "properties": { "id": 308, "type": 2, "existence": true }, "geometry": { "type": "LineString", "coordinates": [ [ 9.45, 6.2 ], [ 12.53, 5.81 ] ] } },
{ "type": "Feature", "properties": { "id": 309, "type": 2, "existence": true }, "geometry": { "type": "LineString", "coordinates": [ [ 12.53, 5.81 ], [ 13.02, 5.76 ] ] } },
{ "type": "Feature", "properties": { "id": 310, "type": 2, "existence": true }, "geometry": { "type": "LineString", "coordinates": [ [ 13.02, 5.76 ], [ 14.27, 5.62 ] ] } },
{ "type": "Feature", "properties": { "id": 311, "type": 2, "existence": true }, "geometry": { "type": "LineString", "coordinates": [ [ 14.27, 5.62 ], [ 14.57, 5.59 ] ] } },
{ "type": "Feature", "properties": { "id": 312, "type": 2, "existence": true }, "geometry": { "type": "LineString", "coordinates": [ [ 14.57, 5.59 ], [ 16.29, 5.41 ] ] } },
{ "type": "Feature", "properties": { "id": 313, "type": 2, "existence": true }, "geometry": { "type": "LineString", "coordinates": [ [ 16.29, 5.41 ], [ 16.52, 5.39 ] ] } },
{ "type": "Feature", "properties": { "id": 314, "type": 2, "existence": true }, "geometry": { "type": "LineString", "coordinates": [ [ 11.41, 4.41 ], [ 11.21, 3.51 ] ] } },
{ "type": "Feature", "properties": { "id": 315, "type": 13, "existence": true }, "geometry": { "type": "Point", "coordinates": [ 0.0, 26.06 ] } },
{ "type": "Feature", "properties": { "id": 316, "type": 13, "existence": true }, "geometry": { "type": "Point", "coordinates": [ 0.55, 26.05 ] } },
{ "type": "Feature", "properties": { "id": 317, "type": 13, "existence": true }, "geometry": { "type": "Point", "coordinates": [ 0.86, 20.21 ] } },
{ "type": "Feature", "properties": { "id": 318, "type": 13, "existence": true }, "geometry": { "type": "Point", "coordinates": [ 0.96, 23.35 ] } },
{ "type": "Feature", "properties": { "id": 319, "type": 13, "existence": true }, "geometry": { "type": "Point", "coordinates": [ 1.39, 20.53 ] } },
{ "type": "Feature", "properties": { "id": 320, "type": 13, "existence": true }, "geometry": { "type": "Point", "coordinates": [ 1.4, 16.44 ] } },
{ "type": "Feature", "properties": { "id": 321, "type": 13, "existence": true }, "geometry": { "type": "Point", "coordinates": [ 1.47, 20.02 ] } },
{ "type": "Feature", "properties": { "id": 322, "type": 13, "existence": true }, "geometry": { "type": "Point", "coordinates": [ 1.48, 20.02 ] } },
{ "type": "Feature", "properties": { "id": 323, "type": 13, "existence": true }, "geometry": { "type": "Point", "coordinates": [ 1.52, 19.77 ] } },
{ "type": "Feature", "properties": { "id": 324, "type": 13, "existence": true }, "geometry": { "type": "Point", "coordinates": [ 1.54, 19.65 ] } },
{ "type": "Feature", "properties": { "id": 325, "type": 13, "existence": true }, "geometry": { "type": "Point", "coordinates": [ 1.82, 13.15 ] } },
{ "type": "Feature", "properties": { "id": 326, "type": 13, "existence": true }, "geometry": { "type": "Point", "coordinates": [ 1.86, 17.63 ] } },
{ "type": "Feature", "properties": { "id": 327, "type": 13, "existence": true }, "geometry": { "type": "Point", "coordinates": [ 1.89, 22.7 ] } },
{ "type": "Feature", "properties": { "id": 328, "type": 13, "existence": true }, "geometry": { "type": "Point", "coordinates": [ 1.92, 23.33 ] } },
{ "type": "Feature", "properties": { "id": 329, "type": 13, "existence": true }, "geometry": { "type": "Point", "coordinates": [ 2.02, 25.24 ] } },
{ "type": "Feature", "properties": { "id": 330, "type": 13, "existence": true }, "geometry": { "type": "Point", "coordinates": [ 2.06, 26.02 ] } },
{ "type": "Feature", "properties": { "id": 331, "type": 13, "existence": true }, "geometry": { "type": "Point", "coordinates": [ 2.11, 20.46 ] } },
{ "type": "Feature", "properties": { "id": 332, "type": 13, "existence": true }, "geometry": { "type": "Point", "coordinates": [ 2.12, 11.47 ] } },
{ "type": "Feature", "properties": { "id": 333, "type": 13, "existence": true }, "geometry": { "type": "Point", "coordinates": [ 2.13, 16.32 ] } },
{ "type": "Feature", "properties": { "id": 334, "type": 13, "existence": true }, "geometry": { "type": "Point", "coordinates": [ 2.16, 19.92 ] } },
{ "type": "Feature", "properties": { "id": 335, "type": 13, "existence": true }, "geometry": { "type": "Point", "coordinates": [ 2.17, 19.87 ] } },
{ "type": "Feature", "properties": { "id": 336, "type": 13, "existence": true }, "geometry": { "type": "Point", "coordinates": [ 2.22, 19.56 ] } },
{ "type": "Feature", "properties": { "id": 337, "type": 13, "existence": true }, "geometry": { "type": "Point", "coordinates": [ 2.4, 12.51 ] } },
{ "type": "Feature", "properties": { "id": 338, "type": 13, "existence": true }, "geometry": { "type": "Point", "coordinates": [ 2.5, 17.99 ] } },
{ "type": "Feature", "properties": { "id": 339, "type": 13, "existence": true }, "geometry": { "type": "Point", "coordinates": [ 2.71, 9.92 ] } },
{ "type": "Feature", "properties": { "id": 340, "type": 13, "existence": true }, "geometry": { "type": "Point", "coordinates": [ 2.74, 14.54 ] } },
{ "type": "Feature", "properties": { "id": 341, "type": 13, "existence": true }, "geometry": { "type": "Point", "coordinates": [ 2.97, 10.95 ] } },
{ "type": "Feature", "properties": { "id": 342, "type": 13, "existence": true }, "geometry": { "type": "Point", "coordinates": [ 3.03, 12.49 ] } },
{ "type": "Feature", "properties": { "id": 343, "type": 13, "existence": true }, "geometry": { "type": "Point", "coordinates": [ 3.54, 10.93 ] } },
{ "type": "Feature", "properties": { "id": 344, "type": 13, "existence": true }, "geometry": { "type": "Point", "coordinates": [ 3.69, 12.46 ] } },
{ "type": "Feature", "properties": { "id": 345, "type": 13, "existence": true }, "geometry": { "type": "Point", "coordinates": [ 3.99, 10.91 ] } },
{ "type": "Feature", "properties": { "id": 346, "type": 13, "existence": true }, "geometry": { "type": "Point", "coordinates": [ 4.17, 12.44 ] } },
{ "type": "Feature", "properties": { "id": 347, "type": 13, "existence": true }, "geometry": { "type": "Point", "coordinates": [ 4.2, 13.61 ] } },
{ "type": "Feature", "properties": { "id": 348, "type": 13, "existence": true }, "geometry": { "type": "Point", "coordinates": [ 4.22, 7.95 ] } },
{ "type": "Feature", "properties": { "id": 349, "type": 13, "existence": true }, "geometry": { "type": "Point", "coordinates": [ 4.23, 14.45 ] } },
{ "type": "Feature", "properties": { "id": 350, "type": 13, "existence": true }, "geometry": { "type": "Point", "coordinates": [ 4.47, 9.64 ] } },
{ "type": "Feature", "properties": { "id": 351, "type": 13, "existence": true }, "geometry": { "type": "Point", "coordinates": [ 4.53, 20.22 ] } },
{ "type": "Feature", "properties": { "id": 352, "type": 13, "existence": true }, "geometry": { "type": "Point", "coordinates": [ 4.59, 8.4 ] } },
{ "type": "Feature", "properties": { "id": 353, "type": 13, "existence": true }, "geometry": { "type": "Point", "coordinates": [ 4.63, 22.62 ] } },
{ "type": "Feature", "properties": { "id": 354, "type": 13, "existence": true }, "geometry": { "type": "Point", "coordinates": [ 5.0, 19.2 ] } },
{ "type": "Feature", "properties": { "id": 355, "type": 13, "existence": true }, "geometry": { "type": "Point", "coordinates": [ 5.13, 19.5 ] } },
{ "type": "Feature", "properties": { "id": 356, "type": 13, "existence": true }, "geometry": { "type": "Point", "coordinates": [ 5.15, 20.16 ] } },
{ "type": "Feature", "properties": { "id": 357, "type": 13, "existence": true }, "geometry": { "type": "Point", "coordinates": [ 5.21, 12.4 ] } },
{ "type": "Feature", "properties": { "id": 358, "type": 13, "existence": true }, "geometry": { "type": "Point", "coordinates": [ 5.23, 22.6 ] } },
{ "type": "Feature", "properties": { "id": 359, "type": 13, "existence": true }, "geometry": { "type": "Point", "coordinates": [ 5.249048414023372, 13.51009062723587 ] } },
{ "type": "Feature", "properties": { "id": 360, "type": 13, "existence": true }, "geometry": { "type": "Point", "coordinates": [ 5.25, 13.51 ] } },
{ "type": "Feature", "properties": { "id": 361, "type": 13, "existence": true }, "geometry": { "type": "Point", "coordinates": [ 5.26, 23.24 ] } },
{ "type": "Feature", "properties": { "id": 362, "type": 13, "existence": true }, "geometry": { "type": "Point", "coordinates": [ 5.28, 14.39 ] } },
{ "type": "Feature", "properties": { "id": 363, "type": 13, "existence": true }, "geometry": { "type": "Point", "coordinates": [ 5.32, 25.14 ] } },
{ "type": "Feature", "properties": { "id": 364, "type": 13, "existence": true }, "geometry": { "type": "Point", "coordinates": [ 5.33, 15.6 ] } },
{ "type": "Feature", "properties": { "id": 365, "type": 13, "existence": true }, "geometry": { "type": "Point", "coordinates": [ 5.35, 16.27 ] } },
{ "type": "Feature", "properties": { "id": 366, "type": 13, "existence": true }, "geometry": { "type": "Point", "coordinates": [ 5.43, 6.37 ] } },
{ "type": "Feature", "properties": { "id": 367, "type": 13, "existence": true }, "geometry": { "type": "Point", "coordinates": [ 5.44, 17.06 ] } },
{ "type": "Feature", "properties": { "id": 368, "type": 13, "existence": true }, "geometry": { "type": "Point", "coordinates": [ 5.48, 17.5 ] } },
{ "type": "Feature", "properties": { "id": 369, "type": 13, "existence": true }, "geometry": { "type": "Point", "coordinates": [ 5.65, 19.01 ] } },
{ "type": "Feature", "properties": { "id": 370, "type": 13, "existence": true }, "geometry": { "type": "Point", "coordinates": [ 5.68, 19.33 ] } },
{ "type": "Feature", "properties": { "id": 371, "type": 13, "existence": true }, "geometry": { "type": "Point", "coordinates": [ 5.71, 5.69 ] } },
{ "type": "Feature", "properties": { "id": 372, "type": 13, "existence": true }, "geometry": { "type": "Point", "coordinates": [ 5.92, 6.44 ] } },
{ "type": "Feature", "properties": { "id": 373, "type": 13, "existence": true }, "geometry": { "type": "Point", "coordinates": [ 6.17, 5.98 ] } },
{ "type": "Feature", "properties": { "id": 374, "type": 13, "existence": true }, "geometry": { "type": "Point", "coordinates": [ 6.37, 10.82 ] } },
{ "type": "Feature", "properties": { "id": 375, "type": 13, "existence": true }, "geometry": { "type": "Point", "coordinates": [ 6.39, 12.35 ] } },
{ "type": "Feature", "properties": { "id": 376, "type": 13, "existence": true }, "geometry": { "type": "Point", "coordinates": [ 6.41, 17.35 ] } },
{ "type": "Feature", "properties": { "id": 377, "type": 13, "existence": true }, "geometry": { "type": "Point", "coordinates": [ 6.56, 6.57 ] } },
{ "type": "Feature", "properties": { "id": 378, "type": 13, "existence": true }, "geometry": { "type": "Point", "coordinates": [ 6.59, 5.3 ] } },
{ "type": "Feature", "properties": { "id": 379, "type": 13, "existence": true }, "geometry": { "type": "Point", "coordinates": [ 6.62, 7.81 ] } },
{ "type": "Feature", "properties": { "id": 380, "type": 13, "existence": true }, "geometry": { "type": "Point", "coordinates": [ 6.68, 18.7 ] } },
{ "type": "Feature", "properties": { "id": 381, "type": 13, "existence": true }, "geometry": { "type": "Point", "coordinates": [ 6.74, 19.01 ] } },
{ "type": "Feature", "properties": { "id": 382, "type": 13, "existence": true }, "geometry": { "type": "Point", "coordinates": [ 6.91, 0.0 ] } },
{ "type": "Feature", "properties": { "id": 383, "type": 13, "existence": true }, "geometry": { "type": "Point", "coordinates": [ 7.24, 19.84 ] } },
{ "type": "Feature", "properties": { "id": 384, "type": 13, "existence": true }, "geometry": { "type": "Point", "coordinates": [ 7.26, 0.83 ] } },
{ "type": "Feature", "properties": { "id": 385, "type": 13, "existence": true }, "geometry": { "type": "Point", "coordinates": [ 7.37, 20.72 ] } },
{ "type": "Feature", "properties": { "id": 386, "type": 13, "existence": true }, "geometry": { "type": "Point", "coordinates": [ 7.45, 1.39 ] } },
{ "type": "Feature", "properties": { "id": 387, "type": 13, "existence": true }, "geometry": { "type": "Point", "coordinates": [ 7.49, 0.06 ] } },
{ "type": "Feature", "properties": { "id": 388, "type": 13, "existence": true }, "geometry": { "type": "Point", "coordinates": [ 8.27, 12.28 ] } },
{ "type": "Feature", "properties": { "id": 389, "type": 13, "existence": true }, "geometry": { "type": "Point", "coordinates": [ 8.34, 14.21 ] } },
{ "type": "Feature", "properties": { "id": 390, "type": 13, "existence": true }, "geometry": { "type": "Point", "coordinates": [ 8.38, 15.33 ] } },
{ "type": "Feature", "properties": { "id": 391, "type": 13, "existence": true }, "geometry": { "type": "Point", "coordinates": [ 8.38, 16.22 ] } },
{ "type": "Feature", "properties": { "id": 392, "type": 13, "existence": true }, "geometry": { "type": "Point", "coordinates": [ 8.41, 16.21 ] } },
{ "type": "Feature", "properties": { "id": 393, "type": 13, "existence": true }, "geometry": { "type": "Point", "coordinates": [ 8.41, 16.82 ] } },
{ "type": "Feature", "properties": { "id": 394, "type": 13, "existence": true }, "geometry": { "type": "Point", "coordinates": [ 8.43, 16.82 ] } },
{ "type": "Feature", "properties": { "id": 395, "type": 13, "existence": true }, "geometry": { "type": "Point", "coordinates": [ 8.48, 18.16 ] } },
{ "type": "Feature", "properties": { "id": 396, "type": 13, "existence": true }, "geometry": { "type": "Point", "coordinates": [ 8.49, 18.16 ] } },
{ "type": "Feature", "properties": { "id": 397, "type": 13, "existence": true }, "geometry": { "type": "Point", "coordinates": [ 8.49, 18.47 ] } },
{ "type": "Feature", "properties": { "id": 398, "type": 13, "existence": true }, "geometry": { "type": "Point", "coordinates": [ 8.5, 18.86 ] } },
{ "type": "Feature", "properties": { "id": 399, "type": 13, "existence": true }, "geometry": { "type": "Point", "coordinates": [ 8.52, 10.74 ] } },
{ "type": "Feature", "properties": { "id": 400, "type": 13, "existence": true }, "geometry": { "type": "Point", "coordinates": [ 8.53, 19.65 ] } },
{ "type": "Feature", "properties": { "id": 401, "type": 13, "existence": true }, "geometry": { "type": "Point", "coordinates": [ 8.54, 19.9 ] } },
{ "type": "Feature", "properties": { "id": 402, "type": 13, "existence": true }, "geometry": { "type": "Point", "coordinates": [ 8.57, 20.67 ] } },
{ "type": "Feature", "properties": { "id": 403, "type": 13, "existence": true }, "geometry": { "type": "Point", "coordinates": [ 8.58, 20.98 ] } },
{ "type": "Feature", "properties": { "id": 404, "type": 13, "existence": true }, "geometry": { "type": "Point", "coordinates": [ 8.63, 22.5 ] } },
{ "type": "Feature", "properties": { "id": 405, "type": 13, "existence": true }, "geometry": { "type": "Point", "coordinates": [ 8.65, 23.16 ] } },
{ "type": "Feature", "properties": { "id": 406, "type": 13, "existence": true }, "geometry": { "type": "Point", "coordinates": [ 8.72, 25.03 ] } },
{ "type": "Feature", "properties": { "id": 407, "type": 13, "existence": true }, "geometry": { "type": "Point", "coordinates": [ 8.75, 10.73 ] } },
{ "type": "Feature", "properties": { "id": 408, "type": 13, "existence": true }, "geometry": { "type": "Point", "coordinates": [ 8.75, 25.89 ] } },
{ "type": "Feature", "properties": { "id": 409, "type": 13, "existence": true }, "geometry": { "type": "Point", "coordinates": [ 8.76, 25.03 ] } },
{ "type": "Feature", "properties": { "id": 410, "type": 13, "existence": true }, "geometry": { "type": "Point", "coordinates": [ 8.78, 0.18 ] } },
{ "type": "Feature", "properties": { "id": 411, "type": 13, "existence": true }, "geometry": { "type": "Point", "coordinates": [ 8.92, 1.4 ] } },
{ "type": "Feature", "properties": { "id": 412, "type": 13, "existence": true }, "geometry": { "type": "Point", "coordinates": [ 8.94, 1.4 ] } },
{ "type": "Feature", "properties": { "id": 413, "type": 13, "existence": true }, "geometry": { "type": "Point", "coordinates": [ 9.12, 9.52 ] } },
{ "type": "Feature", "properties": { "id": 414, "type": 13, "existence": true }, "geometry": { "type": "Point", "coordinates": [ 9.14, 9.52 ] } },
{ "type": "Feature", "properties": { "id": 415, "type": 13, "existence": true }, "geometry": { "type": "Point", "coordinates": [ 9.21, 3.54 ] } },
{ "type": "Feature", "properties": { "id": 416, "type": 13, "existence": true }, "geometry": { "type": "Point", "coordinates": [ 9.31, 20.97 ] } },
{ "type": "Feature", "properties": { "id": 417, "type": 13, "existence": true }, "geometry": { "type": "Point", "coordinates": [ 9.32, 14.15 ] } },
{ "type": "Feature", "properties": { "id": 418, "type": 13, "existence": true }, "geometry": { "type": "Point", "coordinates": [ 9.33, 5.14 ] } },
{ "type": "Feature", "properties": { "id": 419, "type": 13, "existence": true }, "geometry": { "type": "Point", "coordinates": [ 9.339990453764399, 22.479519506141411 ] } },
{ "type": "Feature", "properties": { "id": 420, "type": 13, "existence": true }, "geometry": { "type": "Point", "coordinates": [ 9.34, 22.48 ] } },
{ "type": "Feature", "properties": { "id": 421, "type": 13, "existence": true }, "geometry": { "type": "Point", "coordinates": [ 9.4, 15.09 ] } },
{ "type": "Feature", "properties": { "id": 422, "type": 13, "existence": true }, "geometry": { "type": "Point", "coordinates": [ 9.45, 6.2 ] } },
{ "type": "Feature", "properties": { "id": 423, "type": 13, "existence": true }, "geometry": { "type": "Point", "coordinates": [ 9.45, 6.21 ] } },
{ "type": "Feature", "properties": { "id": 424, "type": 13, "existence": true }, "geometry": { "type": "Point", "coordinates": [ 9.47, 8.38 ] } },
{ "type": "Feature", "properties": { "id": 425, "type": 13, "existence": true }, "geometry": { "type": "Point", "coordinates": [ 10.01, 16.65 ] } },
{ "type": "Feature", "properties": { "id": 426, "type": 13, "existence": true }, "geometry": { "type": "Point", "coordinates": [ 10.17, 17.94 ] } },
{ "type": "Feature", "properties": { "id": 427, "type": 13, "existence": true }, "geometry": { "type": "Point", "coordinates": [ 10.21, 14.1 ] } },
{ "type": "Feature", "properties": { "id": 428, "type": 13, "existence": true }, "geometry": { "type": "Point", "coordinates": [ 10.22, 12.2 ] } },
{ "type": "Feature", "properties": { "id": 429, "type": 13, "existence": true }, "geometry": { "type": "Point", "coordinates": [ 10.29, 14.91 ] } },
{ "type": "Feature", "properties": { "id": 430, "type": 13, "existence": true }, "geometry": { "type": "Point", "coordinates": [ 10.29, 14.92 ] } },
{ "type": "Feature", "properties": { "id": 431, "type": 13, "existence": true }, "geometry": { "type": "Point", "coordinates": [ 11.21, 3.51 ] } },
{ "type": "Feature", "properties": { "id": 432, "type": 13, "existence": true }, "geometry": { "type": "Point", "coordinates": [ 11.22, 1.32 ] } },
{ "type": "Feature", "properties": { "id": 433, "type": 13, "existence": true }, "geometry": { "type": "Point", "coordinates": [ 11.41, 4.41 ] } },
{ "type": "Feature", "properties": { "id": 434, "type": 13, "existence": true }, "geometry": { "type": "Point", "coordinates": [ 11.43, 5.02 ] } },
{ "type": "Feature", "properties": { "id": 435, "type": 13, "existence": true }, "geometry": { "type": "Point", "coordinates": [ 11.53, 18.03 ] } },
{ "type": "Feature", "properties": { "id": 436, "type": 13, "existence": true }, "geometry": { "type": "Point", "coordinates": [ 11.55, 18.37 ] } },
{ "type": "Feature", "properties": { "id": 437, "type": 13, "existence": true }, "geometry": { "type": "Point", "coordinates": [ 11.57, 17.76 ] } },
{ "type": "Feature", "properties": { "id": 438, "type": 13, "existence": true }, "geometry": { "type": "Point", "coordinates": [ 11.61, 17.76 ] } },
{ "type": "Feature", "properties": { "id": 439, "type": 13, "existence": true }, "geometry": { "type": "Point", "coordinates": [ 11.61, 19.5 ] } },
{ "type": "Feature", "properties": { "id": 440, "type": 13, "existence": true }, "geometry": { "type": "Point", "coordinates": [ 11.62, 19.84 ] } },
{ "type": "Feature", "properties": { "id": 441, "type": 13, "existence": true }, "geometry": { "type": "Point", "coordinates": [ 11.68, 20.89 ] } },
{ "type": "Feature", "properties": { "id": 442, "type": 13, "existence": true }, "geometry": { "type": "Point", "coordinates": [ 11.75, 22.41 ] } },
{ "type": "Feature", "properties": { "id": 443, "type": 13, "existence": true }, "geometry": { "type": "Point", "coordinates": [ 11.76, 23.08 ] } },
{ "type": "Feature", "properties": { "id": 444, "type": 13, "existence": true }, "geometry": { "type": "Point", "coordinates": [ 11.78, 24.93 ] } },
{ "type": "Feature", "properties": { "id": 445, "type": 13, "existence": true }, "geometry": { "type": "Point", "coordinates": [ 11.81, 16.28 ] } },
{ "type": "Feature", "properties": { "id": 446, "type": 13, "existence": true }, "geometry": { "type": "Point", "coordinates": [ 11.96, 15.38 ] } },
{ "type": "Feature", "properties": { "id": 447, "type": 13, "existence": true }, "geometry": { "type": "Point", "coordinates": [ 12.09, 14.52 ] } },
{ "type": "Feature", "properties": { "id": 448, "type": 13, "existence": true }, "geometry": { "type": "Point", "coordinates": [ 12.3, 8.36 ] } },
{ "type": "Feature", "properties": { "id": 449, "type": 13, "existence": true }, "geometry": { "type": "Point", "coordinates": [ 12.3, 8.37 ] } },
{ "type": "Feature", "properties": { "id": 450, "type": 13, "existence": true }, "geometry": { "type": "Point", "coordinates": [ 12.48, 12.11 ] } },
{ "type": "Feature", "properties": { "id": 451, "type": 13, "existence": true }, "geometry": { "type": "Point", "coordinates": [ 12.53, 5.81 ] } },
{ "type": "Feature", "properties": { "id": 452, "type": 13, "existence": true }, "geometry": { "type": "Point", "coordinates": [ 12.54, 16.19 ] } },
{ "type": "Feature", "properties": { "id": 453, "type": 13, "existence": true }, "geometry": { "type": "Point", "coordinates": [ 12.55, 18.21 ] } },
{ "type": "Feature", "properties": { "id": 454, "type": 13, "existence": true }, "geometry": { "type": "Point", "coordinates": [ 12.57, 15.25 ] } },
{ "type": "Feature", "properties": { "id": 455, "type": 13, "existence": true }, "geometry": { "type": "Point", "coordinates": [ 12.57, 15.27 ] } },
{ "type": "Feature", "properties": { "id": 456, "type": 13, "existence": true }, "geometry": { "type": "Point", "coordinates": [ 12.61, 10.6 ] } },
{ "type": "Feature", "properties": { "id": 457, "type": 13, "existence": true }, "geometry": { "type": "Point", "coordinates": [ 12.62, 19.37 ] } },
{ "type": "Feature", "properties": { "id": 458, "type": 13, "existence": true }, "geometry": { "type": "Point", "coordinates": [ 12.65, 1.12 ] } },
{ "type": "Feature", "properties": { "id": 459, "type": 13, "existence": true }, "geometry": { "type": "Point", "coordinates": [ 12.68, 20.22 ] } },
{ "type": "Feature", "properties": { "id": 460, "type": 13, "existence": true }, "geometry": { "type": "Point", "coordinates": [ 12.7, 9.51 ] } },
{ "type": "Feature", "properties": { "id": 461, "type": 13, "existence": true }, "geometry": { "type": "Point", "coordinates": [ 12.72, 20.86 ] } },
{ "type": "Feature", "properties": { "id": 462, "type": 13, "existence": true }, "geometry": { "type": "Point", "coordinates": [ 12.72, 20.87 ] } },
{ "type": "Feature", "properties": { "id": 463, "type": 13, "existence": true }, "geometry": { "type": "Point", "coordinates": [ 12.74, 0.55 ] } },
{ "type": "Feature", "properties": { "id": 464, "type": 13, "existence": true }, "geometry": { "type": "Point", "coordinates": [ 12.76, 25.81 ] } },
{ "type": "Feature", "properties": { "id": 465, "type": 13, "existence": true }, "geometry": { "type": "Point", "coordinates": [ 12.77, 14.41 ] } },
{ "type": "Feature", "properties": { "id": 466, "type": 13, "existence": true }, "geometry": { "type": "Point", "coordinates": [ 12.8, 8.36 ] } },
{ "type": "Feature", "properties": { "id": 467, "type": 13, "existence": true }, "geometry": { "type": "Point", "coordinates": [ 12.82, 8.06 ] } },
{ "type": "Feature", "properties": { "id": 468, "type": 13, "existence": true }, "geometry": { "type": "Point", "coordinates": [ 12.94, 8.36 ] } },
{ "type": "Feature", "properties": { "id": 469, "type": 13, "existence": true }, "geometry": { "type": "Point", "coordinates": [ 13.02, 5.76 ] } },
{ "type": "Feature", "properties": { "id": 470, "type": 13, "existence": true }, "geometry": { "type": "Point", "coordinates": [ 13.09, 4.8 ] } },
{ "type": "Feature", "properties": { "id": 471, "type": 13, "existence": true }, "geometry": { "type": "Point", "coordinates": [ 13.1, 4.8 ] } },
{ "type": "Feature", "properties": { "id": 472, "type": 13, "existence": true }, "geometry": { "type": "Point", "coordinates": [ 13.12, 19.3 ] } },
{ "type": "Feature", "properties": { "id": 473, "type": 13, "existence": true }, "geometry": { "type": "Point", "coordinates": [ 13.12, 19.31 ] } },
{ "type": "Feature", "properties": { "id": 474, "type": 13, "existence": true }, "geometry": { "type": "Point", "coordinates": [ 13.14, 4.34 ] } },
{ "type": "Feature", "properties": { "id": 475, "type": 13, "existence": true }, "geometry": { "type": "Point", "coordinates": [ 13.19, 18.11 ] } },
{ "type": "Feature", "properties": { "id": 476, "type": 13, "existence": true }, "geometry": { "type": "Point", "coordinates": [ 13.21, 3.48 ] } },
{ "type": "Feature", "properties": { "id": 477, "type": 13, "existence": true }, "geometry": { "type": "Point", "coordinates": [ 13.28, 2.61 ] } },
{ "type": "Feature", "properties": { "id": 478, "type": 13, "existence": true }, "geometry": { "type": "Point", "coordinates": [ 13.29, 9.51 ] } },
{ "type": "Feature", "properties": { "id": 479, "type": 13, "existence": true }, "geometry": { "type": "Point", "coordinates": [ 13.4, 1.2 ] } },
{ "type": "Feature", "properties": { "id": 480, "type": 13, "existence": true }, "geometry": { "type": "Point", "coordinates": [ 13.45, 0.62 ] } },
{ "type": "Feature", "properties": { "id": 481, "type": 13, "existence": true }, "geometry": { "type": "Point", "coordinates": [ 13.45, 16.09 ] } },
{ "type": "Feature", "properties": { "id": 482, "type": 13, "existence": true }, "geometry": { "type": "Point", "coordinates": [ 13.48, 15.09 ] } },
{ "type": "Feature", "properties": { "id": 483, "type": 13, "existence": true }, "geometry": { "type": "Point", "coordinates": [ 13.48, 15.1 ] } },
{ "type": "Feature", "properties": { "id": 484, "type": 13, "existence": true }, "geometry": { "type": "Point", "coordinates": [ 13.5, 17.45 ] } },
{ "type": "Feature", "properties": { "id": 485, "type": 13, "existence": true }, "geometry": { "type": "Point", "coordinates": [ 13.65, 17.73 ] } },
{ "type": "Feature", "properties": { "id": 486, "type": 13, "existence": true }, "geometry": { "type": "Point", "coordinates": [ 13.66, 8.32 ] } },
{ "type": "Feature", "properties": { "id": 487, "type": 13, "existence": true }, "geometry": { "type": "Point", "coordinates": [ 13.66, 18.03 ] } },
{ "type": "Feature", "properties": { "id": 488, "type": 13, "existence": true }, "geometry": { "type": "Point", "coordinates": [ 13.69, 19.23 ] } },
{ "type": "Feature", "properties": { "id": 489, "type": 13, "existence": true }, "geometry": { "type": "Point", "coordinates": [ 13.72, 20.16 ] } },
{ "type": "Feature", "properties": { "id": 490, "type": 13, "existence": true }, "geometry": { "type": "Point", "coordinates": [ 13.74, 20.84 ] } },
{ "type": "Feature", "properties": { "id": 491, "type": 13, "existence": true }, "geometry": { "type": "Point", "coordinates": [ 13.79, 22.37 ] } },
{ "type": "Feature", "properties": { "id": 492, "type": 13, "existence": true }, "geometry": { "type": "Point", "coordinates": [ 13.81, 23.03 ] } },
{ "type": "Feature", "properties": { "id": 493, "type": 13, "existence": true }, "geometry": { "type": "Point", "coordinates": [ 13.85, 24.36 ] } },
{ "type": "Feature", "properties": { "id": 494, "type": 13, "existence": true }, "geometry": { "type": "Point", "coordinates": [ 14.0, 0.67 ] } },
{ "type": "Feature", "properties": { "id": 495, "type": 13, "existence": true }, "geometry": { "type": "Point", "coordinates": [ 14.1, 7.98 ] } },
{ "type": "Feature", "properties": { "id": 496, "type": 13, "existence": true }, "geometry": { "type": "Point", "coordinates": [ 14.14, 1.27 ] } },
{ "type": "Feature", "properties": { "id": 497, "type": 13, "existence": true }, "geometry": { "type": "Point", "coordinates": [ 14.2, 0.7 ] } },
{ "type": "Feature", "properties": { "id": 498, "type": 13, "existence": true }, "geometry": { "type": "Point", "coordinates": [ 14.27, 5.62 ] } },
{ "type": "Feature", "properties": { "id": 499, "type": 13, "existence": true }, "geometry": { "type": "Point", "coordinates": [ 14.42, 17.31 ] } },
{ "type": "Feature", "properties": { "id": 500, "type": 13, "existence": true }, "geometry": { "type": "Point", "coordinates": [ 14.46, 8.27 ] } },
{ "type": "Feature", "properties": { "id": 501, "type": 13, "existence": true }, "geometry": { "type": "Point", "coordinates": [ 14.57, 5.58 ] } },
{ "type": "Feature", "properties": { "id": 502, "type": 13, "existence": true }, "geometry": { "type": "Point", "coordinates": [ 14.57, 5.59 ] } },
{ "type": "Feature", "properties": { "id": 503, "type": 13, "existence": true }, "geometry": { "type": "Point", "coordinates": [ 14.6, 14.88 ] } },
{ "type": "Feature", "properties": { "id": 504, "type": 13, "existence": true }, "geometry": { "type": "Point", "coordinates": [ 14.6, 14.89 ] } },
{ "type": "Feature", "properties": { "id": 505, "type": 13, "existence": true }, "geometry": { "type": "Point", "coordinates": [ 14.66, 4.66 ] } },
{ "type": "Feature", "properties": { "id": 506, "type": 13, "existence": true }, "geometry": { "type": "Point", "coordinates": [ 14.68, 4.28 ] } },
{ "type": "Feature", "properties": { "id": 507, "type": 13, "existence": true }, "geometry": { "type": "Point", "coordinates": [ 14.72, 3.45 ] } },
{ "type": "Feature", "properties": { "id": 508, "type": 13, "existence": true }, "geometry": { "type": "Point", "coordinates": [ 14.78, 2.03 ] } },
{ "type": "Feature", "properties": { "id": 509, "type": 13, "existence": true }, "geometry": { "type": "Point", "coordinates": [ 15.55, 14.69 ] } },
{ "type": "Feature", "properties": { "id": 510, "type": 13, "existence": true }, "geometry": { "type": "Point", "coordinates": [ 15.55, 14.71 ] } },
{ "type": "Feature", "properties": { "id": 511, "type": 13, "existence": true }, "geometry": { "type": "Point", "coordinates": [ 15.69, 17.1 ] } },
{ "type": "Feature", "properties": { "id": 512, "type": 13, "existence": true }, "geometry": { "type": "Point", "coordinates": [ 15.7, 17.44 ] } },
{ "type": "Feature", "properties": { "id": 513, "type": 13, "existence": true }, "geometry": { "type": "Point", "coordinates": [ 15.89, 20.78 ] } },
{ "type": "Feature", "properties": { "id": 514, "type": 13, "existence": true }, "geometry": { "type": "Point", "coordinates": [ 15.98, 22.32 ] } },
{ "type": "Feature", "properties": { "id": 515, "type": 13, "existence": true }, "geometry": { "type": "Point", "coordinates": [ 16.02, 22.98 ] } },
{ "type": "Feature", "properties": { "id": 516, "type": 13, "existence": true }, "geometry": { "type": "Point", "coordinates": [ 16.06, 23.75 ] } },
{ "type": "Feature", "properties": { "id": 517, "type": 13, "existence": true }, "geometry": { "type": "Point", "coordinates": [ 16.16, 9.5 ] } },
{ "type": "Feature", "properties": { "id": 518, "type": 13, "existence": true }, "geometry": { "type": "Point", "coordinates": [ 16.2, 8.16 ] } },
{ "type": "Feature", "properties": { "id": 519, "type": 13, "existence": true }, "geometry": { "type": "Point", "coordinates": [ 16.2, 13.61 ] } },
{ "type": "Feature", "properties": { "id": 520, "type": 13, "existence": true }, "geometry": { "type": "Point", "coordinates": [ 16.29, 5.41 ] } },
{ "type": "Feature", "properties": { "id": 521, "type": 13, "existence": true }, "geometry": { "type": "Point", "coordinates": [ 16.36, 4.5 ] } },
{ "type": "Feature", "properties": { "id": 522, "type": 13, "existence": true }, "geometry": { "type": "Point", "coordinates": [ 16.42, 9.5 ] } },
{ "type": "Feature", "properties": { "id": 523, "type": 13, "existence": true }, "geometry": { "type": "Point", "coordinates": [ 16.42, 13.94 ] } },
{ "type": "Feature", "properties": { "id": 524, "type": 13, "existence": true }, "geometry": { "type": "Point", "coordinates": [ 16.44, 3.42 ] } },
{ "type": "Feature", "properties": { "id": 525, "type": 13, "existence": true }, "geometry": { "type": "Point", "coordinates": [ 16.44, 8.15 ] } },
{ "type": "Feature", "properties": { "id": 526, "type": 13, "existence": true }, "geometry": { "type": "Point", "coordinates": [ 16.52, 5.39 ] } },
{ "type": "Feature", "properties": { "id": 527, "type": 13, "existence": true }, "geometry": { "type": "Point", "coordinates": [ 16.54, 4.84 ] } },
{ "type": "Feature", "properties": { "id": 528, "type": 13, "existence": true }, "geometry": { "type": "Point", "coordinates": [ 16.55, 24.76 ] } },
{ "type": "Feature", "properties": { "id": 529, "type": 13, "existence": true }, "geometry": { "type": "Point", "coordinates": [ 16.6, 23.61 ] } },
{ "type": "Feature", "properties": { "id": 530, "type": 13, "existence": true }, "geometry": { "type": "Point", "coordinates": [ 16.63, 3.7 ] } },
{ "type": "Feature", "properties": { "id": 531, "type": 13, "existence": true }, "geometry": { "type": "Point", "coordinates": [ 16.63, 16.95 ] } },
{ "type": "Feature", "properties": { "id": 532, "type": 13, "existence": true }, "geometry": { "type": "Point", "coordinates": [ 16.64, 16.95 ] } },
{ "type": "Feature", "properties": { "id": 533, "type": 13, "existence": true }, "geometry": { "type": "Point", "coordinates": [ 16.66, 17.31 ] } },
{ "type": "Feature", "properties": { "id": 534, "type": 13, "existence": true }, "geometry": { "type": "Point", "coordinates": [ 16.69, 3.42 ] } },
{ "type": "Feature", "properties": { "id": 535, "type": 13, "existence": true }, "geometry": { "type": "Point", "coordinates": [ 16.82, 1.98 ] } },
{ "type": "Feature", "properties": { "id": 536, "type": 13, "existence": true }, "geometry": { "type": "Point", "coordinates": [ 16.83, 20.75 ] } },
{ "type": "Feature", "properties": { "id": 537, "type": 13, "existence": true }, "geometry": { "type": "Point", "coordinates": [ 17.04, 1.15 ] } },
{ "type": "Feature", "properties": { "id": 538, "type": 13, "existence": true }, "geometry": { "type": "Point", "coordinates": [ 17.04, 1.16 ] } },
{ "type": "Feature", "properties": { "id": 539, "type": 13, "existence": true }, "geometry": { "type": "Point", "coordinates": [ 17.11, 1.55 ] } },
{ "type": "Feature", "properties": { "id": 540, "type": 13, "existence": true }, "geometry": { "type": "Point", "coordinates": [ 17.24, 1.19 ] } },
{ "type": "Feature", "properties": { "id": 541, "type": 1, "existence": true }, "geometry": { "type": "Polygon", "coordinates": [ [ [ 0.86, 20.21 ], [ 0.0, 26.06 ], [ 0.55, 26.05 ], [ 0.96, 23.35 ], [ 1.39, 20.53 ], [ 1.48, 20.02 ], [ 1.52, 19.77 ], [ 1.86, 17.63 ], [ 2.13, 16.32 ], [ 2.4, 12.51 ], [ 2.97, 10.95 ], [ 4.59, 8.4 ], [ 5.92, 6.44 ], [ 6.17, 5.98 ], [ 7.26, 0.83 ], [ 7.49, 0.06 ], [ 6.91, 0.0 ], [ 5.71, 5.69 ], [ 5.43, 6.37 ], [ 4.22, 7.95 ], [ 2.71, 9.92 ], [ 2.12, 11.47 ], [ 1.82, 13.15 ], [ 1.4, 16.44 ], [ 0.86, 20.21 ] ] ] } },
{ "type": "Feature", "properties": { "id": 542, "type": 1, "existence": true }, "geometry": { "type": "Polygon", "coordinates": [ [ [ 16.44, 8.15 ], [ 16.2, 8.16 ], [ 16.16, 9.5 ], [ 16.42, 9.5 ], [ 16.44, 8.15 ] ] ] } },
{ "type": "Feature", "properties": { "id": 543, "type": 1, "existence": true }, "geometry": { "type": "Polygon", "coordinates": [ [ [ 16.2, 8.16 ], [ 16.44, 8.15 ], [ 16.54, 4.84 ], [ 16.63, 3.7 ], [ 17.11, 1.55 ], [ 17.24, 1.19 ], [ 17.04, 1.16 ], [ 16.82, 1.98 ], [ 16.44, 3.42 ], [ 16.36, 4.5 ], [ 14.66, 4.66 ], [ 13.1, 4.8 ], [ 13.02, 5.76 ], [ 14.27, 5.62 ], [ 14.57, 5.59 ], [ 16.29, 5.41 ], [ 16.2, 8.16 ] ] ] } },
{ "type": "Feature", "properties": { "id": 544, "type": 1, "existence": true }, "geometry": { "type": "Polygon", "coordinates": [ [ [ 16.2, 8.16 ], [ 14.46, 8.27 ], [ 12.94, 8.36 ], [ 12.8, 8.36 ], [ 12.7, 9.51 ], [ 13.29, 9.51 ], [ 16.16, 9.5 ], [ 16.2, 8.16 ] ] ] } },
{ "type": "Feature", "properties": { "id": 545, "type": 1, "existence": true }, "geometry": { "type": "Polygon", "coordinates": [ [ [ 14.46, 8.27 ], [ 16.2, 8.16 ], [ 16.29, 5.41 ], [ 14.57, 5.59 ], [ 14.46, 8.27 ] ] ] } },
{ "type": "Feature", "properties": { "id": 546, "type": 1, "existence": true }, "geometry": { "type": "Polygon", "coordinates": [ [ [ 12.94, 8.36 ], [ 14.46, 8.27 ], [ 14.57, 5.59 ], [ 14.27, 5.62 ], [ 14.1, 7.98 ], [ 12.82, 8.06 ], [ 12.8, 8.36 ], [ 12.94, 8.36 ] ] ] } },
{ "type": "Feature", "properties": { "id": 547, "type": 1, "existence": true }, "geometry": { "type": "Polygon", "coordinates": [ [ [ 12.8, 8.36 ], [ 12.3, 8.36 ], [ 9.47, 8.38 ], [ 9.12, 9.52 ], [ 9.14, 9.52 ], [ 12.7, 9.51 ], [ 12.8, 8.36 ] ] ] } },
{ "type": "Feature", "properties": { "id": 548, "type": 1, "existence": true }, "geometry": { "type": "Polygon", "coordinates": [ [ [ 12.3, 8.36 ], [ 12.8, 8.36 ], [ 12.82, 8.06 ], [ 13.02, 5.76 ], [ 12.53, 5.81 ], [ 12.3, 8.36 ] ] ] } },
{ "type": "Feature", "properties": { "id": 549, "type": 1, "existence": true }, "geometry": { "type": "Polygon", "coordinates": [ [ [ 9.47, 8.38 ], [ 12.3, 8.36 ], [ 12.53, 5.81 ], [ 9.45, 6.2 ], [ 9.45, 6.21 ], [ 9.47, 8.38 ] ] ] } },
{ "type": "Feature", "properties": { "id": 550, "type": 1, "existence": true }, "geometry": { "type": "Polygon", "coordinates": [ [ [ 9.47, 8.38 ], [ 6.62, 7.81 ], [ 6.56, 6.57 ], [ 9.45, 6.2 ], [ 9.33, 5.14 ], [ 6.59, 5.3 ], [ 7.45, 1.39 ], [ 8.92, 1.4 ], [ 8.78, 0.18 ], [ 7.49, 0.06 ], [ 7.26, 0.83 ], [ 6.17, 5.98 ], [ 5.92, 6.44 ], [ 4.59, 8.4 ], [ 2.97, 10.95 ], [ 2.4, 12.51 ], [ 3.03, 12.49 ], [ 3.54, 10.93 ], [ 4.47, 9.64 ], [ 9.12, 9.52 ], [ 9.47, 8.38 ] ] ] } },
{ "type": "Feature", "properties": { "id": 551, "type": 1, "existence": true }, "geometry": { "type": "Polygon", "coordinates": [ [ [ 6.62, 7.81 ], [ 9.47, 8.38 ], [ 9.45, 6.21 ], [ 9.45, 6.2 ], [ 6.56, 6.57 ], [ 6.62, 7.81 ] ] ] } },
{ "type": "Feature", "properties": { "id": 552, "type": 1, "existence": true }, "geometry": { "type": "Polygon", "coordinates": [ [ [ 16.42, 9.5 ], [ 16.16, 9.5 ], [ 16.2, 13.61 ], [ 12.77, 14.41 ], [ 13.29, 9.51 ], [ 12.7, 9.51 ], [ 12.61, 10.6 ], [ 12.48, 12.11 ], [ 12.09, 14.52 ], [ 11.96, 15.38 ], [ 12.57, 15.27 ], [ 13.48, 15.1 ], [ 14.6, 14.89 ], [ 15.55, 14.71 ], [ 15.69, 17.1 ], [ 16.63, 16.95 ], [ 16.42, 13.94 ], [ 16.42, 9.5 ] ] ] } },
{ "type": "Feature", "properties": { "id": 553, "type": 1, "existence": true }, "geometry": { "type": "Polygon", "coordinates": [ [ [ 16.16, 9.5 ], [ 13.29, 9.51 ], [ 12.77, 14.41 ], [ 16.2, 13.61 ], [ 16.16, 9.5 ] ] ] } },
{ "type": "Feature", "properties": { "id": 554, "type": 1, "existence": true }, "geometry": { "type": "Polygon", "coordinates": [ [ [ 12.7, 9.51 ], [ 9.14, 9.52 ], [ 9.12, 9.52 ], [ 8.75, 10.73 ], [ 12.61, 10.6 ], [ 12.7, 9.51 ] ] ] } },
{ "type": "Feature", "properties": { "id": 555, "type": 1, "existence": true }, "geometry": { "type": "Polygon", "coordinates": [ [ [ 12.74, 0.55 ], [ 8.78, 0.18 ], [ 8.92, 1.4 ], [ 8.94, 1.4 ], [ 11.22, 1.32 ], [ 13.28, 2.61 ], [ 13.4, 1.2 ], [ 12.65, 1.12 ], [ 12.74, 0.55 ] ] ] } },
{ "type": "Feature", "properties": { "id": 556, "type": 1, "existence": true }, "geometry": { "type": "Polygon", "coordinates": [ [ [ 14.0, 0.67 ], [ 12.74, 0.55 ], [ 12.65, 1.12 ], [ 13.4, 1.2 ], [ 14.14, 1.27 ], [ 14.2, 0.7 ], [ 14.0, 0.67 ] ] ] } },
{ "type": "Feature", "properties": { "id": 557, "type": 1, "existence": true }, "geometry": { "type": "Polygon", "coordinates": [ [ [ 17.04, 1.16 ], [ 14.2, 0.7 ], [ 14.14, 1.27 ], [ 13.4, 1.2 ], [ 13.28, 2.61 ], [ 14.78, 2.03 ], [ 16.82, 1.98 ], [ 17.04, 1.16 ] ] ] } },
{ "type": "Feature", "properties": { "id": 558, "type": 1, "existence": true }, "geometry": { "type": "Polygon", "coordinates": [ [ [ 2.17, 19.87 ], [ 2.16, 19.92 ], [ 5.13, 19.5 ], [ 6.74, 19.01 ], [ 6.68, 18.7 ], [ 5.65, 19.01 ], [ 5.0, 19.2 ], [ 2.22, 19.56 ], [ 2.17, 19.87 ] ] ] } },
{ "type": "Feature", "properties": { "id": 559, "type": 1, "existence": true }, "geometry": { "type": "Polygon", "coordinates": [ [ [ 2.16, 19.92 ], [ 2.17, 19.87 ], [ 2.22, 19.56 ], [ 2.5, 17.99 ], [ 5.48, 17.5 ], [ 5.44, 17.06 ], [ 1.86, 17.63 ], [ 1.52, 19.77 ], [ 1.48, 20.02 ], [ 2.16, 19.92 ] ] ] } },
{ "type": "Feature", "properties": { "id": 560, "type": 1, "existence": true }, "geometry": { "type": "Polygon", "coordinates": [ [ [ 2.16, 19.92 ], [ 2.11, 20.46 ], [ 4.53, 20.22 ], [ 5.15, 20.16 ], [ 5.13, 19.5 ], [ 2.16, 19.92 ] ] ] } },
{ "type": "Feature", "properties": { "id": 561, "type": 1, "existence": true }, "geometry": { "type": "Polygon", "coordinates": [ [ [ 2.11, 20.46 ], [ 2.16, 19.92 ], [ 1.48, 20.02 ], [ 1.39, 20.53 ], [ 2.11, 20.46 ] ] ] } },
{ "type": "Feature", "properties": { "id": 562, "type": 1, "existence": true }, "geometry": { "type": "Polygon", "coordinates": [ [ [ 2.11, 20.46 ], [ 1.89, 22.7 ], [ 4.63, 22.62 ], [ 4.53, 20.22 ], [ 2.11, 20.46 ] ] ] } },
{ "type": "Feature", "properties": { "id": 563, "type": 1, "existence": true }, "geometry": { "type": "Polygon", "coordinates": [ [ [ 1.89, 22.7 ], [ 2.11, 20.46 ], [ 1.39, 20.53 ], [ 0.96, 23.35 ], [ 1.92, 23.33 ], [ 1.89, 22.7 ] ] ] } },
{ "type": "Feature", "properties": { "id": 564, "type": 1, "existence": true }, "geometry": { "type": "Polygon", "coordinates": [ [ [ 1.89, 22.7 ], [ 1.92, 23.33 ], [ 5.26, 23.24 ], [ 5.23, 22.6 ], [ 4.63, 22.62 ], [ 1.89, 22.7 ] ] ] } },
{ "type": "Feature", "properties": { "id": 565, "type": 1, "existence": true }, "geometry": { "type": "Polygon", "coordinates": [ [ [ 1.92, 23.33 ], [ 2.02, 25.24 ], [ 5.32, 25.14 ], [ 5.26, 23.24 ], [ 1.92, 23.33 ] ] ] } },
{ "type": "Feature", "properties": { "id": 566, "type": 1, "existence": true }, "geometry": { "type": "Polygon", "coordinates": [ [ [ 2.02, 25.24 ], [ 1.92, 23.33 ], [ 0.96, 23.35 ], [ 0.55, 26.05 ], [ 2.06, 26.02 ], [ 2.02, 25.24 ] ] ] } },
{ "type": "Feature", "properties": { "id": 567, "type": 1, "existence": true }, "geometry": { "type": "Polygon", "coordinates": [ [ [ 2.02, 25.24 ], [ 2.06, 26.02 ], [ 8.75, 25.89 ], [ 8.72, 25.03 ], [ 5.32, 25.14 ], [ 2.02, 25.24 ] ] ] } },
{ "type": "Feature", "properties": { "id": 568, "type": 1, "existence": true }, "geometry": { "type": "Polygon", "coordinates": [ [ [ 5.26, 23.24 ], [ 5.32, 25.14 ], [ 8.72, 25.03 ], [ 8.65, 23.16 ], [ 5.26, 23.24 ] ] ] } },
{ "type": "Feature", "properties": { "id": 569, "type": 1, "existence": true }, "geometry": { "type": "Polygon", "coordinates": [ [ [ 5.23, 22.6 ], [ 5.26, 23.24 ], [ 8.65, 23.16 ], [ 8.63, 22.5 ], [ 5.23, 22.6 ] ] ] } },
{ "type": "Feature", "properties": { "id": 570, "type": 1, "existence": true }, "geometry": { "type": "Polygon", "coordinates": [ [ [ 5.23, 22.6 ], [ 5.15, 20.16 ], [ 4.53, 20.22 ], [ 4.63, 22.62 ], [ 5.23, 22.6 ] ] ] } },
{ "type": "Feature", "properties": { "id": 571, "type": 1, "existence": true }, "geometry": { "type": "Polygon", "coordinates": [ [ [ 5.15, 20.16 ], [ 5.23, 22.6 ], [ 8.63, 22.5 ], [ 8.58, 20.98 ], [ 8.57, 20.67 ], [ 7.37, 20.72 ], [ 7.24, 19.84 ], [ 5.15, 20.16 ] ] ] } },
{ "type": "Feature", "properties": { "id": 572, "type": 1, "existence": true }, "geometry": { "type": "Polygon", "coordinates": [ [ [ 5.13, 19.5 ], [ 5.15, 20.16 ], [ 7.24, 19.84 ], [ 8.53, 19.65 ], [ 8.5, 18.86 ], [ 8.49, 18.47 ], [ 6.74, 19.01 ], [ 5.13, 19.5 ] ] ] } },
{ "type": "Feature", "properties": { "id": 573, "type": 1, "existence": true }, "geometry": { "type": "Polygon", "coordinates": [ [ [ 16.55, 24.76 ], [ 16.6, 23.61 ], [ 11.78, 24.93 ], [ 8.76, 25.03 ], [ 8.72, 25.03 ], [ 8.75, 25.89 ], [ 12.76, 25.81 ], [ 16.55, 24.76 ] ] ] } },
{ "type": "Feature", "properties": { "id": 574, "type": 1, "existence": true }, "geometry": { "type": "Polygon", "coordinates": [ [ [ 16.6, 23.61 ], [ 16.83, 20.75 ], [ 15.89, 20.78 ], [ 15.98, 22.32 ], [ 16.02, 22.98 ], [ 13.81, 23.03 ], [ 11.76, 23.08 ], [ 11.78, 24.93 ], [ 16.6, 23.61 ] ] ] } },
{ "type": "Feature", "properties": { "id": 575, "type": 1, "existence": true }, "geometry": { "type": "Polygon", "coordinates": [ [ [ 16.83, 20.75 ], [ 16.66, 17.31 ], [ 15.7, 17.44 ], [ 15.89, 20.78 ], [ 16.83, 20.75 ] ] ] } },
{ "type": "Feature", "properties": { "id": 576, "type": 1, "existence": true }, "geometry": { "type": "Polygon", "coordinates": [ [ [ 16.66, 17.31 ], [ 16.63, 16.95 ], [ 15.69, 17.1 ], [ 15.7, 17.44 ], [ 16.66, 17.31 ] ] ] } },
{ "type": "Feature", "properties": { "id": 577, "type": 1, "existence": true }, "geometry": { "type": "Polygon", "coordinates": [ [ [ 13.81, 23.03 ], [ 13.79, 22.37 ], [ 11.75, 22.41 ], [ 11.76, 23.08 ], [ 13.81, 23.03 ] ] ] } },
{ "type": "Feature", "properties": { "id": 578, "type": 1, "existence": true }, "geometry": { "type": "Polygon", "coordinates": [ [ [ 13.79, 22.37 ], [ 13.81, 23.03 ], [ 16.02, 22.98 ], [ 15.98, 22.32 ], [ 13.79, 22.37 ] ] ] } },
{ "type": "Feature", "properties": { "id": 579, "type": 1, "existence": true }, "geometry": { "type": "Polygon", "coordinates": [ [ [ 13.79, 22.37 ], [ 13.74, 20.84 ], [ 12.72, 20.86 ], [ 11.68, 20.89 ], [ 11.75, 22.41 ], [ 13.79, 22.37 ] ] ] } },
{ "type": "Feature", "properties": { "id": 580, "type": 1, "existence": true }, "geometry": { "type": "Polygon", "coordinates": [ [ [ 13.74, 20.84 ], [ 13.79, 22.37 ], [ 15.98, 22.32 ], [ 15.89, 20.78 ], [ 13.74, 20.84 ] ] ] } },
{ "type": "Feature", "properties": { "id": 581, "type": 1, "existence": true }, "geometry": { "type": "Polygon", "coordinates": [ [ [ 13.74, 20.84 ], [ 13.72, 20.16 ], [ 13.69, 19.23 ], [ 13.12, 19.3 ], [ 12.62, 19.37 ], [ 12.72, 20.86 ], [ 13.74, 20.84 ] ] ] } },
{ "type": "Feature", "properties": { "id": 582, "type": 1, "existence": true }, "geometry": { "type": "Polygon", "coordinates": [ [ [ 13.72, 20.16 ], [ 13.74, 20.84 ], [ 15.89, 20.78 ], [ 15.7, 17.44 ], [ 13.65, 17.73 ], [ 13.66, 18.03 ], [ 13.69, 19.23 ], [ 13.72, 20.16 ] ] ] } },
{ "type": "Feature", "properties": { "id": 583, "type": 1, "existence": true }, "geometry": { "type": "Polygon", "coordinates": [ [ [ 13.69, 19.23 ], [ 13.66, 18.03 ], [ 11.55, 18.37 ], [ 11.61, 19.5 ], [ 12.62, 19.37 ], [ 13.12, 19.3 ], [ 13.69, 19.23 ] ] ] } },
{ "type": "Feature", "properties": { "id": 584, "type": 1, "existence": true }, "geometry": { "type": "Polygon", "coordinates": [ [ [ 13.66, 18.03 ], [ 13.65, 17.73 ], [ 11.53, 18.03 ], [ 11.55, 18.37 ], [ 13.66, 18.03 ] ] ] } },
{ "type": "Feature", "properties": { "id": 585, "type": 1, "existence": true }, "geometry": { "type": "Polygon", "coordinates": [ [ [ 2.5, 17.99 ], [ 2.22, 19.56 ], [ 5.0, 19.2 ], [ 5.65, 19.01 ], [ 5.48, 17.5 ], [ 2.5, 17.99 ] ] ] } },
{ "type": "Feature", "properties": { "id": 586, "type": 1, "existence": true }, "geometry": { "type": "Polygon", "coordinates": [ [ [ 5.48, 17.5 ], [ 6.41, 17.35 ], [ 6.68, 18.7 ], [ 8.48, 18.16 ], [ 8.43, 16.82 ], [ 8.41, 16.21 ], [ 8.38, 16.22 ], [ 5.44, 17.06 ], [ 5.48, 17.5 ] ] ] } },
{ "type": "Feature", "properties": { "id": 587, "type": 1, "existence": true }, "geometry": { "type": "Polygon", "coordinates": [ [ [ 6.41, 17.35 ], [ 5.48, 17.5 ], [ 5.65, 19.01 ], [ 6.68, 18.7 ], [ 6.41, 17.35 ] ] ] } },
{ "type": "Feature", "properties": { "id": 588, "type": 1, "existence": true }, "geometry": { "type": "Polygon", "coordinates": [ [ [ 6.68, 18.7 ], [ 6.74, 19.01 ], [ 8.49, 18.47 ], [ 8.48, 18.16 ], [ 6.68, 18.7 ] ] ] } },
{ "type": "Feature", "properties": { "id": 589, "type": 1, "existence": true }, "geometry": { "type": "Polygon", "coordinates": [ [ [ 8.63, 22.5 ], [ 9.339990453764399, 22.479519506141411 ], [ 11.75, 22.41 ], [ 11.68, 20.89 ], [ 8.58, 20.98 ], [ 8.63, 22.5 ] ] ] } },
{ "type": "Feature", "properties": { "id": 590, "type": 1, "existence": true }, "geometry": { "type": "Polygon", "coordinates": [ [ [ 9.339990453764399, 22.479519506141411 ], [ 8.63, 22.5 ], [ 8.65, 23.16 ], [ 11.76, 23.08 ], [ 11.75, 22.41 ], [ 9.339990453764399, 22.479519506141411 ] ] ] } },
{ "type": "Feature", "properties": { "id": 591, "type": 1, "existence": true }, "geometry": { "type": "Polygon", "coordinates": [ [ [ 11.68, 20.89 ], [ 12.72, 20.86 ], [ 12.62, 19.37 ], [ 11.61, 19.5 ], [ 11.62, 19.84 ], [ 11.68, 20.89 ] ] ] } },
{ "type": "Feature", "properties": { "id": 592, "type": 1, "existence": true }, "geometry": { "type": "Polygon", "coordinates": [ [ [ 8.58, 20.98 ], [ 11.68, 20.89 ], [ 11.62, 19.84 ], [ 8.54, 19.9 ], [ 8.57, 20.67 ], [ 8.58, 20.98 ] ] ] } },
{ "type": "Feature", "properties": { "id": 593, "type": 1, "existence": true }, "geometry": { "type": "Polygon", "coordinates": [ [ [ 5.44, 17.06 ], [ 5.35, 16.27 ], [ 5.33, 15.6 ], [ 2.13, 16.32 ], [ 1.86, 17.63 ], [ 5.44, 17.06 ] ] ] } },
{ "type": "Feature", "properties": { "id": 594, "type": 1, "existence": true }, "geometry": { "type": "Polygon", "coordinates": [ [ [ 5.35, 16.27 ], [ 5.44, 17.06 ], [ 8.38, 16.22 ], [ 8.41, 16.21 ], [ 8.38, 15.33 ], [ 5.33, 15.6 ], [ 5.35, 16.27 ] ] ] } },
{ "type": "Feature", "properties": { "id": 595, "type": 1, "existence": true }, "geometry": { "type": "Polygon", "coordinates": [ [ [ 5.33, 15.6 ], [ 5.28, 14.39 ], [ 4.23, 14.45 ], [ 2.74, 14.54 ], [ 3.03, 12.49 ], [ 2.4, 12.51 ], [ 2.13, 16.32 ], [ 5.33, 15.6 ] ] ] } },
{ "type": "Feature", "properties": { "id": 596, "type": 1, "existence": true }, "geometry": { "type": "Polygon", "coordinates": [ [ [ 5.28, 14.39 ], [ 5.33, 15.6 ], [ 8.38, 15.33 ], [ 8.34, 14.21 ], [ 5.28, 14.39 ] ] ] } },
{ "type": "Feature", "properties": { "id": 597, "type": 1, "existence": true }, "geometry": { "type": "Polygon", "coordinates": [ [ [ 5.28, 14.39 ], [ 5.249048414023372, 13.51009062723587 ], [ 4.2, 13.61 ], [ 4.23, 14.45 ], [ 5.28, 14.39 ] ] ] } },
{ "type": "Feature", "properties": { "id": 598, "type": 1, "existence": true }, "geometry": { "type": "Polygon", "coordinates": [ [ [ 5.249048414023372, 13.51009062723587 ], [ 5.28, 14.39 ], [ 8.34, 14.21 ], [ 8.27, 12.28 ], [ 5.21, 12.4 ], [ 5.249048414023372, 13.51009062723587 ] ] ] } },
{ "type": "Feature", "properties": { "id": 599, "type": 1, "existence": true }, "geometry": { "type": "Polygon", "coordinates": [ [ [ 5.249048414023372, 13.51009062723587 ], [ 5.21, 12.4 ], [ 4.17, 12.44 ], [ 4.2, 13.61 ], [ 5.249048414023372, 13.51009062723587 ] ] ] } },
{ "type": "Feature", "properties": { "id": 600, "type": 1, "existence": true }, "geometry": { "type": "Polygon", "coordinates": [ [ [ 11.78, 24.93 ], [ 11.76, 23.08 ], [ 8.65, 23.16 ], [ 8.72, 25.03 ], [ 8.76, 25.03 ], [ 11.78, 24.93 ] ] ] } },
{ "type": "Feature", "properties": { "id": 601, "type": 1, "existence": true }, "geometry": { "type": "Polygon", "coordinates": [ [ [ 11.62, 19.84 ], [ 11.61, 19.5 ], [ 11.55, 18.37 ], [ 8.5, 18.86 ], [ 8.53, 19.65 ], [ 8.54, 19.9 ], [ 11.62, 19.84 ] ] ] } },
{ "type": "Feature", "properties": { "id": 602, "type": 1, "existence": true }, "geometry": { "type": "Polygon", "coordinates": [ [ [ 11.55, 18.37 ], [ 11.53, 18.03 ], [ 8.49, 18.47 ], [ 8.5, 18.86 ], [ 11.55, 18.37 ] ] ] } },
{ "type": "Feature", "properties": { "id": 603, "type": 1, "existence": true }, "geometry": { "type": "Polygon", "coordinates": [ [ [ 11.53, 18.03 ], [ 11.57, 17.76 ], [ 10.17, 17.94 ], [ 8.49, 18.16 ], [ 8.48, 18.16 ], [ 8.49, 18.47 ], [ 11.53, 18.03 ] ] ] } },
{ "type": "Feature", "properties": { "id": 604, "type": 1, "existence": true }, "geometry": { "type": "Polygon", "coordinates": [ [ [ 11.57, 17.76 ], [ 11.53, 18.03 ], [ 13.65, 17.73 ], [ 15.7, 17.44 ], [ 15.69, 17.1 ], [ 14.42, 17.31 ], [ 13.5, 17.45 ], [ 11.61, 17.76 ], [ 11.57, 17.76 ] ] ] } },
{ "type": "Feature", "properties": { "id": 605, "type": 1, "existence": true }, "geometry": { "type": "Polygon", "coordinates": [ [ [ 11.57, 17.76 ], [ 11.81, 16.28 ], [ 11.96, 15.38 ], [ 8.41, 16.21 ], [ 8.43, 16.82 ], [ 10.01, 16.65 ], [ 10.17, 17.94 ], [ 11.57, 17.76 ] ] ] } },
{ "type": "Feature", "properties": { "id": 606, "type": 1, "existence": true }, "geometry": { "type": "Polygon", "coordinates": [ [ [ 11.81, 16.28 ], [ 11.57, 17.76 ], [ 11.61, 17.76 ], [ 13.5, 17.45 ], [ 13.45, 16.09 ], [ 11.81, 16.28 ] ] ] } },
{ "type": "Feature", "properties": { "id": 607, "type": 1, "existence": true }, "geometry": { "type": "Polygon", "coordinates": [ [ [ 11.96, 15.38 ], [ 11.81, 16.28 ], [ 13.45, 16.09 ], [ 13.48, 15.1 ], [ 12.57, 15.27 ], [ 11.96, 15.38 ] ] ] } },
{ "type": "Feature", "properties": { "id": 608, "type": 1, "existence": true }, "geometry": { "type": "Polygon", "coordinates": [ [ [ 11.96, 15.38 ], [ 12.09, 14.52 ], [ 10.29, 14.91 ], [ 8.38, 15.33 ], [ 8.41, 16.21 ], [ 11.96, 15.38 ] ] ] } },
{ "type": "Feature", "properties": { "id": 609, "type": 1, "existence": true }, "geometry": { "type": "Polygon", "coordinates": [ [ [ 12.09, 14.52 ], [ 12.48, 12.11 ], [ 10.22, 12.2 ], [ 10.21, 14.1 ], [ 10.29, 14.91 ], [ 12.09, 14.52 ] ] ] } },
{ "type": "Feature", "properties": { "id": 610, "type": 1, "existence": true }, "geometry": { "type": "Polygon", "coordinates": [ [ [ 12.48, 12.11 ], [ 12.61, 10.6 ], [ 8.75, 10.73 ], [ 8.27, 12.28 ], [ 10.22, 12.2 ], [ 12.48, 12.11 ] ] ] } },
{ "type": "Feature", "properties": { "id": 611, "type": 1, "existence": true }, "geometry": { "type": "Polygon", "coordinates": [ [ [ 13.02, 5.76 ], [ 12.82, 8.06 ], [ 14.1, 7.98 ], [ 14.27, 5.62 ], [ 13.02, 5.76 ] ] ] } },
{ "type": "Feature", "properties": { "id": 612, "type": 1, "existence": true }, "geometry": { "type": "Polygon", "coordinates": [ [ [ 13.02, 5.76 ], [ 13.1, 4.8 ], [ 13.14, 4.34 ], [ 11.41, 4.41 ], [ 11.43, 5.02 ], [ 9.33, 5.14 ], [ 9.45, 6.2 ], [ 12.53, 5.81 ], [ 13.02, 5.76 ] ] ] } },
{ "type": "Feature", "properties": { "id": 613, "type": 1, "existence": true }, "geometry": { "type": "Polygon", "coordinates": [ [ [ 13.14, 4.34 ], [ 13.1, 4.8 ], [ 14.66, 4.66 ], [ 14.68, 4.28 ], [ 13.14, 4.34 ] ] ] } },
{ "type": "Feature", "properties": { "id": 614, "type": 1, "existence": true }, "geometry": { "type": "Polygon", "coordinates": [ [ [ 13.14, 4.34 ], [ 13.21, 3.48 ], [ 11.21, 3.51 ], [ 11.41, 4.41 ], [ 13.14, 4.34 ] ] ] } },
{ "type": "Feature", "properties": { "id": 615, "type": 1, "existence": true }, "geometry": { "type": "Polygon", "coordinates": [ [ [ 13.21, 3.48 ], [ 13.14, 4.34 ], [ 14.68, 4.28 ], [ 14.72, 3.45 ], [ 13.21, 3.48 ] ] ] } },
{ "type": "Feature", "properties": { "id": 616, "type": 1, "existence": true }, "geometry": { "type": "Polygon", "coordinates": [ [ [ 13.21, 3.48 ], [ 13.28, 2.61 ], [ 11.22, 1.32 ], [ 8.94, 1.4 ], [ 8.92, 1.4 ], [ 9.21, 3.54 ], [ 11.21, 3.51 ], [ 13.21, 3.48 ] ] ] } },
{ "type": "Feature", "properties": { "id": 617, "type": 1, "existence": true }, "geometry": { "type": "Polygon", "coordinates": [ [ [ 13.28, 2.61 ], [ 13.21, 3.48 ], [ 14.72, 3.45 ], [ 14.78, 2.03 ], [ 13.28, 2.61 ] ] ] } },
{ "type": "Feature", "properties": { "id": 618, "type": 1, "existence": true }, "geometry": { "type": "Polygon", "coordinates": [ [ [ 3.54, 10.93 ], [ 3.03, 12.49 ], [ 4.17, 12.44 ], [ 5.21, 12.4 ], [ 8.27, 12.28 ], [ 8.75, 10.73 ], [ 8.52, 10.74 ], [ 6.37, 10.82 ], [ 3.99, 10.91 ], [ 3.54, 10.93 ] ] ] } },
{ "type": "Feature", "properties": { "id": 619, "type": 1, "existence": true }, "geometry": { "type": "Polygon", "coordinates": [ [ [ 3.54, 10.93 ], [ 3.99, 10.91 ], [ 6.37, 10.82 ], [ 8.52, 10.74 ], [ 8.75, 10.73 ], [ 9.12, 9.52 ], [ 4.47, 9.64 ], [ 3.54, 10.93 ] ] ] } },
{ "type": "Feature", "properties": { "id": 620, "type": 1, "existence": true }, "geometry": { "type": "Polygon", "coordinates": [ [ [ 8.34, 14.21 ], [ 9.32, 14.15 ], [ 10.21, 14.1 ], [ 10.22, 12.2 ], [ 8.27, 12.28 ], [ 8.34, 14.21 ] ] ] } },
{ "type": "Feature", "properties": { "id": 621, "type": 1, "existence": true }, "geometry": { "type": "Polygon", "coordinates": [ [ [ 9.32, 14.15 ], [ 8.34, 14.21 ], [ 8.38, 15.33 ], [ 10.29, 14.91 ], [ 10.21, 14.1 ], [ 9.32, 14.15 ] ] ] } },
{ "type": "Feature", "properties": { "id": 622, "type": 1, "existence": true }, "geometry": { "type": "Polygon", "coordinates": [ [ [ 2.74, 14.54 ], [ 4.23, 14.45 ], [ 4.2, 13.61 ], [ 4.17, 12.44 ], [ 3.03, 12.49 ], [ 2.74, 14.54 ] ] ] } },
{ "type": "Feature", "properties": { "id": 623, "type": 1, "existence": true }, "geometry": { "type": "Polygon", "coordinates": [ [ [ 11.21, 3.51 ], [ 9.21, 3.54 ], [ 9.33, 5.14 ], [ 11.43, 5.02 ], [ 11.41, 4.41 ], [ 11.21, 3.51 ] ] ] } },
{ "type": "Feature", "properties": { "id": 624, "type": 1, "existence": true }, "geometry": { "type": "Polygon", "coordinates": [ [ [ 14.72, 3.45 ], [ 16.44, 3.42 ], [ 16.82, 1.98 ], [ 14.78, 2.03 ], [ 14.72, 3.45 ] ] ] } },
{ "type": "Feature", "properties": { "id": 625, "type": 1, "existence": true }, "geometry": { "type": "Polygon", "coordinates": [ [ [ 16.44, 3.42 ], [ 14.72, 3.45 ], [ 14.68, 4.28 ], [ 14.66, 4.66 ], [ 16.36, 4.5 ], [ 16.44, 3.42 ] ] ] } },
{ "type": "Feature", "properties": { "id": 626, "type": 1, "existence": true }, "geometry": { "type": "Polygon", "coordinates": [ [ [ 8.57, 20.67 ], [ 8.54, 19.9 ], [ 8.53, 19.65 ], [ 7.24, 19.84 ], [ 7.37, 20.72 ], [ 8.57, 20.67 ] ] ] } },
{ "type": "Feature", "properties": { "id": 627, "type": 1, "existence": true }, "geometry": { "type": "Polygon", "coordinates": [ [ [ 8.43, 16.82 ], [ 8.48, 18.16 ], [ 8.49, 18.16 ], [ 10.17, 17.94 ], [ 10.01, 16.65 ], [ 8.43, 16.82 ] ] ] } },
{ "type": "Feature", "properties": { "id": 628, "type": 1, "existence": true }, "geometry": { "type": "Polygon", "coordinates": [ [ [ 9.33, 5.14 ], [ 9.21, 3.54 ], [ 8.92, 1.4 ], [ 7.45, 1.39 ], [ 6.59, 5.3 ], [ 9.33, 5.14 ] ] ] } },
{ "type": "Feature", "properties": { "id": 629, "type": 1, "existence": true }, "geometry": { "type": "Polygon", "coordinates": [ [ [ 14.6, 14.89 ], [ 13.48, 15.1 ], [ 13.45, 16.09 ], [ 13.5, 17.45 ], [ 14.42, 17.31 ], [ 14.6, 14.89 ] ] ] } },
{ "type": "Feature", "properties": { "id": 630, "type": 1, "existence": true }, "geometry": { "type": "Polygon", "coordinates": [ [ [ 15.55, 14.71 ], [ 14.6, 14.89 ], [ 14.42, 17.31 ], [ 15.69, 17.1 ], [ 15.55, 14.71 ] ] ] } }
]
}
