{
"type": "FeatureCollection",
"name": "kq_aggregated_round",
"features": [
{ "type": "Feature", "properties": { "id": 0, "type": 2, "existence": true }, "geometry": { "type": "LineString", "coordinates": [ [ 0.0, 2606.0 ], [ 86.0, 2021.0 ] ] } },
{ "type": "Feature", "properties": { "id": 1, "type": 2, "existence": true }, "geometry": { "type": "LineString", "coordinates": [ [ 86.0, 2021.0 ], [ 140.0, 1644.0 ] ] } },
{ "type": "Feature", "properties": { "id": 2, "type": 2, "existence": true }, "geometry": { "type": "LineString", "coordinates": [ [ 140.0, 1644.0 ], [ 182.0, 1315.0 ] ] } },
{ "type": "Feature", "properties": { "id": 3, "type": 2, "existence": true }, "geometry": { "type": "LineString", "coordinates": [ [ 182.0, 1315.0 ], [ 212.0, 1147.0 ] ] } },
{ "type": "Feature", "properties": { "id": 4, "type": 2, "existence": true }, "geometry": { "type": "LineString", "coordinates": [ [ 212.0, 1147.0 ], [ 271.0, 992.0 ] ] } },
{ "type": "Feature", "properties": { "id": 5, "type": 2, "existence": true }, "geometry": { "type": "LineString", "coordinates": [ [ 271.0, 992.0 ], [ 422.0, 795.0 ] ] } },
{ "type": "Feature", "properties": { "id": 6, "type": 2, "existence": true }, "geometry": { "type": "LineString", "coordinates": [ [ 422.0, 795.0 ], [ 543.0, 637.0 ] ] } },
{ "type": "Feature", "properties": { "id": 7, "type": 2, "existence": true }, "geometry": { "type": "LineString", "coordinates": [ [ 543.0, 637.0 ], [ 571.0, 569.0 ] ] } },
{ "type": "Feature", "properties": { "id": 8, "type": 2, "existence": true }, "geometry": { "type": "LineString", "coordinates": [ [ 571.0, 569.0 ], [ 691.0, 0.0 ] ] } },
{ "type": "Feature", "properties": { "id": 9, "type": 2, "existence": true }, "geometry": { "type": "LineString", "coordinates": [ [ 1644.0, 815.0 ], [ 1620.0, 816.0 ] ] } },
{ "type": "Feature", "properties": { "id": 10, "type": 2, "existence": true }, "geometry": { "type": "LineString", "coordinates": [ [ 1620.0, 816.0 ], [ 1446.0, 827.0 ] ] } },
{ "type": "Feature", "properties": { "id": 11, "type": 2, "existence": true }, "geometry": { "type": "LineString", "coordinates": [ [ 1446.0, 827.0 ], [ 1294.0, 836.0 ] ] } },
{ "type": "Feature", "properties": { "id": 12, "type": 2, "existence": true }, "geometry": { "type": "LineString", "coordinates": [ [ 1294.0, 836.0 ], [ 1280.0, 836.0 ] ] } },
{ "type": "Feature", "properties": { "id": 13, "type": 2, "existence": true }, "geometry": { "type": "LineString", "coordinates": [ [ 1280.0, 836.0 ], [ 1230.0, 836.0 ] ] } },
{ "type": "Feature", "properties": { "id": 14, "type": 2, "existence": true }, "geometry": { "type": "LineString", "coordinates": [ [ 1230.0, 836.0 ], [ 947.0, 838.0 ] ] } },
{ "type": "Feature", "properties": { "id": 15, "type": 2, "existence": true }, "geometry": { "type": "LineString", "coordinates": [ [ 947.0, 838.0 ], [ 662.0, 781.0 ] ] } },
{ "type": "Feature", "properties": { "id": 16, "type": 2, "existence": true }, "geometry": { "type": "LineString", "coordinates": [ [ 1642.0, 950.0 ], [ 1616.0, 950.0 ] ] } },
{ "type": "Feature", "properties": { "id": 17, "type": 2, "existence": true }, "geometry": { "type": "LineString", "coordinates": [ [ 1616.0, 950.0 ], [ 1329.0, 951.0 ] ] } },
{ "type": "Feature", "properties": { "id": 18, "type": 2, "existence": true }, "geometry": { "type": "LineString", "coordinates": [ [ 1329.0, 951.0 ], [ 1270.0, 951.0 ] ] } },
{ "type": "Feature", "properties": { "id": 19, "type": 2, "existence": true }, "geometry": { "type": "LineString", "coordinates": [ [ 1270.0, 951.0 ], [ 914.0, 952.0 ] ] } },
{ "type": "Feature", "properties": { "id": 20, "type": 2, "existence": true }, "geometry": { "type": "LineString", "coordinates": [ [ 749.0, 6.0 ], [ 878.0, 18.0 ] ] } },
{ "type": "Feature", "properties": { "id": 21, "type": 2, "existence": true }, "geometry": { "type": "LineString", "coordinates": [ [ 878.0, 18.0 ], [ 1274.0, 55.0 ] ] } },
{ "type": "Feature", "properties": { "id": 22, "type": 2, "existence": true }, "geometry": { "type": "LineString", "coordinates": [ [ 1274.0, 55.0 ],[ 1345.0, 62.0 ], [ 1400.0, 67.0 ] ] } },
{ "type": "Feature", "properties": { "id": 23, "type": 2, "existence": true }, "geometry": { "type": "LineString", "coordinates": [ [ 1400.0, 67.0 ], [ 1420.0, 70.0 ] ] } },
{ "type": "Feature", "properties": { "id": 24, "type": 2, "existence": true }, "geometry": { "type": "LineString", "coordinates": [ [ 1420.0, 70.0 ], [ 1704.0, 116.0 ] ] } },
{ "type": "Feature", "properties": { "id": 25, "type": 2, "existence": true }, "geometry": { "type": "LineString", "coordinates": [ [ 1704.0, 116.0 ], [ 1724.0, 119.0 ] ] } },
{ "type": "Feature", "properties": { "id": 26, "type": 2, "existence": true }, "geometry": { "type": "LineString", "coordinates": [ [ 217.0, 1987.0 ], [ 216.0, 1992.0 ] ] } },
{ "type": "Feature", "properties": { "id": 27, "type": 2, "existence": true }, "geometry": { "type": "LineString", "coordinates": [ [ 216.0, 1992.0 ], [ 211.0, 2046.0 ] ] } },
{ "type": "Feature", "properties": { "id": 28, "type": 2, "existence": true }, "geometry": { "type": "LineString", "coordinates": [ [ 211.0, 2046.0 ], [ 189.0, 2270.0 ] ] } },
{ "type": "Feature", "properties": { "id": 29, "type": 2, "existence": true }, "geometry": { "type": "LineString", "coordinates": [ [ 189.0, 2270.0 ], [ 192.0, 2333.0 ] ] } },
{ "type": "Feature", "properties": { "id": 30, "type": 2, "existence": true }, "geometry": { "type": "LineString", "coordinates": [ [ 192.0, 2333.0 ], [ 202.0, 2524.0 ] ] } },
{ "type": "Feature", "properties": { "id": 31, "type": 2, "existence": true }, "geometry": { "type": "LineString", "coordinates": [ [ 202.0, 2524.0 ], [ 206.0, 2602.0 ] ] } },
{ "type": "Feature", "properties": { "id": 32, "type": 2, "existence": true }, "geometry": { "type": "LineString", "coordinates": [ [ 532.0, 2514.0 ], [ 526.0, 2324.0 ] ] } },
{ "type": "Feature", "properties": { "id": 33, "type": 2, "existence": true }, "geometry": { "type": "LineString", "coordinates": [ [ 526.0, 2324.0 ], [ 523.0, 2260.0 ] ] } },
{ "type": "Feature", "properties": { "id": 34, "type": 2, "existence": true }, "geometry": { "type": "LineString", "coordinates": [ [ 523.0, 2260.0 ], [ 515.0, 2016.0 ] ] } },
{ "type": "Feature", "properties": { "id": 35, "type": 2, "existence": true }, "geometry": { "type": "LineString", "coordinates": [ [ 515.0, 2016.0 ], [ 513.0, 1950.0 ] ] } },
{ "type": "Feature", "properties": { "id": 36, "type": 2, "existence": true }, "geometry": { "type": "LineString", "coordinates": [ [ 1655.0, 2476.0 ], [ 1660.0, 2361.0 ] ] } },
{ "type": "Feature", "properties": { "id": 37, "type": 2, "existence": true }, "geometry": { "type": "LineString", "coordinates": [ [ 1660.0, 2361.0 ], [ 1683.0, 2075.0 ] ] } },
{ "type": "Feature", "properties": { "id": 38, "type": 2, "existence": true }, "geometry": { "type": "LineString", "coordinates": [ [ 1683.0, 2075.0 ], [ 1666.0, 1731.0 ] ] } },
{ "type": "Feature", "properties": { "id": 39, "type": 2, "existence": true }, "geometry": { "type": "LineString", "coordinates": [ [ 1666.0, 1731.0 ], [ 1663.0, 1695.0 ] ] } },
{ "type": "Feature", "properties": { "id": 40, "type": 2, "existence": true }, "geometry": { "type": "LineString", "coordinates": [ [ 1663.0, 1695.0 ], [ 1642.0, 1394.0 ] ] } },
{ "type": "Feature", "properties": { "id": 41, "type": 2, "existence": true }, "geometry": { "type": "LineString", "coordinates": [ [ 1642.0, 1394.0 ], [ 1642.0, 950.0 ] ] } },
{ "type": "Feature", "properties": { "id": 42, "type": 2, "existence": true }, "geometry": { "type": "LineString", "coordinates": [ [ 1642.0, 950.0 ], [ 1644.0, 815.0 ] ] } },
{ "type": "Feature", "properties": { "id": 43, "type": 2, "existence": true }, "geometry": { "type": "LineString", "coordinates": [ [ 1644.0, 815.0 ], [ 1654.0, 484.0 ] ] } },
{ "type": "Feature", "properties": { "id": 44, "type": 2, "existence": true }, "geometry": { "type": "LineString", "coordinates": [ [ 1654.0, 484.0 ], [ 1663.0, 370.0 ] ] } },
{ "type": "Feature", "properties": { "id": 45, "type": 2, "existence": true }, "geometry": { "type": "LineString", "coordinates": [ [ 1663.0, 370.0 ], [ 1711.0, 155.0 ] ] } },
{ "type": "Feature", "properties": { "id": 46, "type": 2, "existence": true }, "geometry": { "type": "LineString", "coordinates": [ [ 1711.0, 155.0 ], [ 1724.0, 119.0 ] ] } },
{ "type": "Feature", "properties": { "id": 47, "type": 2, "existence": true }, "geometry": { "type": "LineString", "coordinates": [ [ 1385.0, 2436.0 ], [ 1381.0, 2303.0 ] ] } },
{ "type": "Feature", "properties": { "id": 48, "type": 2, "existence": true }, "geometry": { "type": "LineString", "coordinates": [ [ 1381.0, 2303.0 ], [ 1379.0, 2237.0 ] ] } },
{ "type": "Feature", "properties": { "id": 49, "type": 2, "existence": true }, "geometry": { "type": "LineString", "coordinates": [ [ 1379.0, 2237.0 ], [ 1374.0, 2084.0 ] ] } },
{ "type": "Feature", "properties": { "id": 50, "type": 2, "existence": true }, "geometry": { "type": "LineString", "coordinates": [ [ 1374.0, 2084.0 ], [ 1372.0, 2016.0 ] ] } },
{ "type": "Feature", "properties": { "id": 51, "type": 2, "existence": true }, "geometry": { "type": "LineString", "coordinates": [ [ 1372.0, 2016.0 ], [ 1369.0, 1923.0 ] ] } },
{ "type": "Feature", "properties": { "id": 52, "type": 2, "existence": true }, "geometry": { "type": "LineString", "coordinates": [ [ 1369.0, 1923.0 ], [ 1366.0, 1803.0 ] ] } },
{ "type": "Feature", "properties": { "id": 53, "type": 2, "existence": true }, "geometry": { "type": "LineString", "coordinates": [ [ 1366.0, 1803.0 ], [ 1365.0, 1773.0 ] ] } },
{ "type": "Feature", "properties": { "id": 54, "type": 2, "existence": true }, "geometry": { "type": "LineString", "coordinates": [ [ 217.0, 1987.0 ], [ 222.0, 1956.0 ] ] } },
{ "type": "Feature", "properties": { "id": 55, "type": 2, "existence": true }, "geometry": { "type": "LineString", "coordinates": [ [ 222.0, 1956.0 ], [ 250.0, 1799.0 ] ] } },
{ "type": "Feature", "properties": { "id": 56, "type": 2, "existence": true }, "geometry": { "type": "LineString", "coordinates": [ [ 250.0, 1799.0 ], [ 548.0, 1750.0 ] ] } },
{ "type": "Feature", "properties": { "id": 57, "type": 2, "existence": true }, "geometry": { "type": "LineString", "coordinates": [ [ 548.0, 1750.0 ], [ 641.0, 1735.0 ] ] } },
{ "type": "Feature", "properties": { "id": 58, "type": 2, "existence": true }, "geometry": { "type": "LineString", "coordinates": [ [ 674.0, 1901.0 ], [ 674.0, 1901.0 ] ] } },
{ "type": "Feature", "properties": { "id": 59, "type": 2, "existence": true }, "geometry": { "type": "LineString", "coordinates": [ [ 674.0, 1901.0 ], [ 668.0, 1870.0 ] ] } },
{ "type": "Feature", "properties": { "id": 60, "type": 2, "existence": true }, "geometry": { "type": "LineString", "coordinates": [ [ 668.0, 1870.0 ], [ 641.0, 1735.0 ] ] } },
{ "type": "Feature", "properties": { "id": 61, "type": 2, "existence": true }, "geometry": { "type": "LineString", "coordinates": [ [ 189.0, 2270.0 ], [ 463.0, 2262.0 ] ] } },
{ "type": "Feature", "properties": { "id": 62, "type": 2, "existence": true }, "geometry": { "type": "LineString", "coordinates": [ [ 463.0, 2262.0 ], [ 523.0, 2260.0 ] ] } },
{ "type": "Feature", "properties": { "id": 63, "type": 2, "existence": true }, "geometry": { "type": "LineString", "coordinates": [ [ 523.0, 2260.0 ], [ 863.0, 2250.0 ] ] } },
{ "type": "Feature", "properties": { "id": 64, "type": 2, "existence": true }, "geometry": { "type": "LineString", "coordinates": [ [ 863.0, 2250.0 ], [ 1175.0, 2241.0 ] ] } },
{ "type": "Feature", "properties": { "id": 65, "type": 2, "existence": true }, "geometry": { "type": "LineString", "coordinates": [ [ 1683.0, 2075.0 ], [ 1589.0, 2078.0 ] ] } },
{ "type": "Feature", "properties": { "id": 66, "type": 2, "existence": true }, "geometry": { "type": "LineString", "coordinates": [ [ 1589.0, 2078.0 ], [ 1374.0, 2084.0 ] ] } },
{ "type": "Feature", "properties": { "id": 67, "type": 2, "existence": true }, "geometry": { "type": "LineString", "coordinates": [ [ 1374.0, 2084.0 ], [ 1272.0, 2086.0 ] ] } },
{ "type": "Feature", "properties": { "id": 68, "type": 2, "existence": true }, "geometry": { "type": "LineString", "coordinates": [ [ 1272.0, 2086.0 ], [ 1168.0, 2089.0 ] ] } },
{ "type": "Feature", "properties": { "id": 69, "type": 2, "existence": true }, "geometry": { "type": "LineString", "coordinates": [ [ 1168.0, 2089.0 ], [ 858.0, 2098.0 ] ] } },
{ "type": "Feature", "properties": { "id": 70, "type": 2, "existence": true }, "geometry": { "type": "LineString", "coordinates": [ [ 568.0, 1933.0 ], [ 565.0, 1901.0 ] ] } },
{ "type": "Feature", "properties": { "id": 71, "type": 2, "existence": true }, "geometry": { "type": "LineString", "coordinates": [ [ 565.0, 1901.0 ], [ 548.0, 1750.0 ] ] } },
{ "type": "Feature", "properties": { "id": 72, "type": 2, "existence": true }, "geometry": { "type": "LineString", "coordinates": [ [ 548.0, 1750.0 ], [ 544.0, 1706.0 ] ] } },
{ "type": "Feature", "properties": { "id": 73, "type": 2, "existence": true }, "geometry": { "type": "LineString", "coordinates": [ [ 544.0, 1706.0 ], [ 535.0, 1627.0 ] ] } },
{ "type": "Feature", "properties": { "id": 74, "type": 2, "existence": true }, "geometry": { "type": "LineString", "coordinates": [ [ 535.0, 1627.0 ], [ 533.0, 1560.0 ] ] } },
{ "type": "Feature", "properties": { "id": 75, "type": 2, "existence": true }, "geometry": { "type": "LineString", "coordinates": [ [ 533.0, 1560.0 ], [ 528.0, 1439.0 ] ] } },
{ "type": "Feature", "properties": { "id": 76, "type": 2, "existence": true }, "geometry": { "type": "LineString", "coordinates": [ [ 528.0, 1439.0 ], [ 521.0, 1240.0 ] ] } },
{ "type": "Feature", "properties": { "id": 77, "type": 2, "existence": true }, "geometry": { "type": "LineString", "coordinates": [ [ 1178.0, 2493.0 ], [ 1176.0, 2308.0 ] ] } },
{ "type": "Feature", "properties": { "id": 78, "type": 2, "existence": true }, "geometry": { "type": "LineString", "coordinates": [ [ 1176.0, 2308.0 ], [ 1175.0, 2241.0 ] ] } },
{ "type": "Feature", "properties": { "id": 79, "type": 2, "existence": true }, "geometry": { "type": "LineString", "coordinates": [ [ 1175.0, 2241.0 ], [ 1168.0, 2089.0 ] ] } },
{ "type": "Feature", "properties": { "id": 80, "type": 2, "existence": true }, "geometry": { "type": "LineString", "coordinates": [ [ 1168.0, 2089.0 ],[ 1162.0, 1984.0 ], [ 1161.0, 1950.0 ] ] } },
{ "type": "Feature", "properties": { "id": 81, "type": 2, "existence": true }, "geometry": { "type": "LineString", "coordinates": [ [ 1161.0, 1950.0 ], [ 1155.0, 1837.0 ] ] } },
{ "type": "Feature", "properties": { "id": 82, "type": 2, "existence": true }, "geometry": { "type": "LineString", "coordinates": [ [ 1155.0, 1837.0 ], [ 1153.0, 1803.0 ] ] } },
{ "type": "Feature", "properties": { "id": 83, "type": 2, "existence": true }, "geometry": { "type": "LineString", "coordinates": [ [ 1153.0, 1803.0 ], [ 1157.0, 1776.0 ] ] } },
{ "type": "Feature", "properties": { "id": 84, "type": 2, "existence": true }, "geometry": { "type": "LineString", "coordinates": [ [ 1157.0, 1776.0 ], [ 1181.0, 1628.0 ] ] } },
{ "type": "Feature", "properties": { "id": 85, "type": 2, "existence": true }, "geometry": { "type": "LineString", "coordinates": [ [ 1181.0, 1628.0 ], [ 1196.0, 1538.0 ] ] } },
{ "type": "Feature", "properties": { "id": 86, "type": 2, "existence": true }, "geometry": { "type": "LineString", "coordinates": [ [ 1196.0, 1538.0 ],[ 1209.0, 1452.0 ], [ 1248.0, 1211.0 ] ] } },
{ "type": "Feature", "properties": { "id": 87, "type": 2, "existence": true }, "geometry": { "type": "LineString", "coordinates": [ [ 1248.0, 1211.0 ], [ 1261.0, 1060.0 ] ] } },
{ "type": "Feature", "properties": { "id": 88, "type": 2, "existence": true }, "geometry": { "type": "LineString", "coordinates": [ [ 1261.0, 1060.0 ], [ 1270.0, 951.0 ] ] } },
{ "type": "Feature", "properties": { "id": 89, "type": 2, "existence": true }, "geometry": { "type": "LineString", "coordinates": [ [ 1270.0, 951.0 ], [ 1280.0, 836.0 ] ] } },
{ "type": "Feature", "properties": { "id": 90, "type": 2, "existence": true }, "geometry": { "type": "LineString", "coordinates": [ [ 1280.0, 836.0 ], [ 1282.0, 806.0 ] ] } },
{ "type": "Feature", "properties": { "id": 91, "type": 2, "existence": true }, "geometry": { "type": "LineString", "coordinates": [ [ 1282.0, 806.0 ], [ 1302.0, 576.0 ] ] } },
{ "type": "Feature", "properties": { "id": 92, "type": 2, "existence": true }, "geometry": { "type": "LineString", "coordinates": [ [ 1302.0, 576.0 ], [ 1310.0, 480.0 ] ] } },
{ "type": "Feature", "properties": { "id": 93, "type": 2, "existence": true }, "geometry": { "type": "LineString", "coordinates": [ [ 1310.0, 480.0 ], [ 1314.0, 434.0 ] ] } },
{ "type": "Feature", "properties": { "id": 94, "type": 2, "existence": true }, "geometry": { "type": "LineString", "coordinates": [ [ 1314.0, 434.0 ], [ 1321.0, 348.0 ] ] } },
{ "type": "Feature", "properties": { "id": 95, "type": 2, "existence": true }, "geometry": { "type": "LineString", "coordinates": [ [ 1321.0, 348.0 ], [ 1328.0, 261.0 ] ] } },
{ "type": "Feature", "properties": { "id": 96, "type": 2, "existence": true }, "geometry": { "type": "LineString", "coordinates": [ [ 1328.0, 261.0 ], [ 1340.0, 120.0 ] ] } },
{ "type": "Feature", "properties": { "id": 97, "type": 2, "existence": true }, "geometry": { "type": "LineString", "coordinates": [ [ 1340.0, 120.0 ], [ 1345.0, 62.0 ] ] } },
{ "type": "Feature", "properties": { "id": 98, "type": 2, "existence": true }, "geometry": { "type": "LineString", "coordinates": [ [ 303.0, 1249.0 ], [ 354.0, 1093.0 ] ] } },
{ "type": "Feature", "properties": { "id": 99, "type": 2, "existence": true }, "geometry": { "type": "LineString", "coordinates": [ [ 354.0, 1093.0 ], [ 399.0, 1091.0 ] ] } },
{ "type": "Feature", "properties": { "id": 100, "type": 2, "existence": true }, "geometry": { "type": "LineString", "coordinates": [ [ 399.0, 1091.0 ], [ 637.0, 1082.0 ] ] } },
{ "type": "Feature", "properties": { "id": 101, "type": 2, "existence": true }, "geometry": { "type": "LineString", "coordinates": [ [ 637.0, 1082.0 ], [ 852.0, 1074.0 ] ] } },
{ "type": "Feature", "properties": { "id": 102, "type": 2, "existence": true }, "geometry": { "type": "LineString", "coordinates": [ [ 852.0, 1074.0 ], [ 875.0, 1073.0 ] ] } },
{ "type": "Feature", "properties": { "id": 103, "type": 2, "existence": true }, "geometry": { "type": "LineString", "coordinates": [ [ 875.0, 1073.0 ], [ 1261.0, 1060.0 ] ] } },
{ "type": "Feature", "properties": { "id": 104, "type": 2, "existence": true }, "geometry": { "type": "LineString", "coordinates": [ [ 1261.0, 1060.0 ], [ 1261.0, 1060.0 ] ] } },
{ "type": "Feature", "properties": { "id": 105, "type": 2, "existence": true }, "geometry": { "type": "LineString", "coordinates": [ [ 528.0, 1439.0 ], [ 528.0, 1439.0 ] ] } },
{ "type": "Feature", "properties": { "id": 106, "type": 2, "existence": true }, "geometry": { "type": "LineString", "coordinates": [ [ 528.0, 1439.0 ], [ 834.0, 1421.0 ] ] } },
{ "type": "Feature", "properties": { "id": 107, "type": 2, "existence": true }, "geometry": { "type": "LineString", "coordinates": [ [ 834.0, 1421.0 ], [ 932.0, 1415.0 ] ] } },
{ "type": "Feature", "properties": { "id": 108, "type": 2, "existence": true }, "geometry": { "type": "LineString", "coordinates": [ [ 932.0, 1415.0 ], [ 1021.0, 1410.0 ] ] } },
{ "type": "Feature", "properties": { "id": 109, "type": 2, "existence": true }, "geometry": { "type": "LineString", "coordinates": [ [ 1021.0, 1410.0 ], [ 1022.0, 1220.0 ] ] } },
{ "type": "Feature", "properties": { "id": 110, "type": 2, "existence": true }, "geometry": { "type": "LineString", "coordinates": [ [ 528.0, 1439.0 ], [ 423.0, 1445.0 ] ] } },
{ "type": "Feature", "properties": { "id": 111, "type": 2, "existence": true }, "geometry": { "type": "LineString", "coordinates": [ [ 423.0, 1445.0 ], [ 274.0, 1454.0 ] ] } },
{ "type": "Feature", "properties": { "id": 112, "type": 2, "existence": true }, "geometry": { "type": "LineString", "coordinates": [ [ 274.0, 1454.0 ], [ 303.0, 1249.0 ] ] } },
{ "type": "Feature", "properties": { "id": 113, "type": 2, "existence": true }, "geometry": { "type": "LineString", "coordinates": [ [ 921.0, 354.0 ],[1121.0, 351.0], [ 1321.0, 348.0 ] ] } },
{ "type": "Feature", "properties": { "id": 114, "type": 2, "existence": true }, "geometry": { "type": "LineString", "coordinates": [ [ 1321.0, 348.0 ], [ 1472.0, 345.0 ] ] } },
{ "type": "Feature", "properties": { "id": 115, "type": 2, "existence": true }, "geometry": { "type": "LineString", "coordinates": [ [ 1472.0, 345.0 ], [ 1644.0, 342.0 ] ] } },
{ "type": "Feature", "properties": { "id": 116, "type": 2, "existence": true }, "geometry": { "type": "LineString", "coordinates": [ [ 1644.0, 342.0 ], [ 1669.0, 342.0 ] ] } },
{ "type": "Feature", "properties": { "id": 117, "type": 2, "existence": true }, "geometry": { "type": "LineString", "coordinates": [ [ 749.0, 6.0 ], [ 691.0, 0.0 ] ] } },
{ "type": "Feature", "properties": { "id": 118, "type": 2, "existence": true }, "geometry": { "type": "LineString", "coordinates": [ [ 147.0, 2002.0 ], [ 148.0, 2002.0 ] ] } },
{ "type": "Feature", "properties": { "id": 119, "type": 2, "existence": true }, "geometry": { "type": "LineString", "coordinates": [ [ 148.0, 2002.0 ], [ 216.0, 1992.0 ] ] } },
{ "type": "Feature", "properties": { "id": 120, "type": 2, "existence": true }, "geometry": { "type": "LineString", "coordinates": [ [ 216.0, 1992.0 ], [ 513.0, 1950.0 ] ] } },
{ "type": "Feature", "properties": { "id": 121, "type": 2, "existence": true }, "geometry": { "type": "LineString", "coordinates": [ [ 513.0, 1950.0 ], [ 674.0, 1901.0 ] ] } },
{ "type": "Feature", "properties": { "id": 122, "type": 2, "existence": true }, "geometry": { "type": "LineString", "coordinates": [ [ 674.0, 1901.0 ], [ 849.0, 1847.0 ] ] } },
{ "type": "Feature", "properties": { "id": 123, "type": 2, "existence": true }, "geometry": { "type": "LineString", "coordinates": [ [ 849.0, 1847.0 ], [ 1153.0, 1803.0 ] ] } },
{ "type": "Feature", "properties": { "id": 124, "type": 2, "existence": true }, "geometry": { "type": "LineString", "coordinates": [ [ 1153.0, 1803.0 ], [ 1365.0, 1773.0 ] ] } },
{ "type": "Feature", "properties": { "id": 125, "type": 2, "existence": true }, "geometry": { "type": "LineString", "coordinates": [ [ 1365.0, 1773.0 ], [ 1570.0, 1744.0 ] ] } },
{ "type": "Feature", "properties": { "id": 126, "type": 2, "existence": true }, "geometry": { "type": "LineString", "coordinates": [ [ 1570.0, 1744.0 ], [ 1666.0, 1731.0 ] ] } },
{ "type": "Feature", "properties": { "id": 127, "type": 2, "existence": true }, "geometry": { "type": "LineString", "coordinates": [ [ 1248.0, 1211.0 ], [ 1022.0, 1220.0 ] ] } },
{ "type": "Feature", "properties": { "id": 128, "type": 2, "existence": true }, "geometry": { "type": "LineString", "coordinates": [ [ 1022.0, 1220.0 ], [ 827.0, 1228.0 ] ] } },
{ "type": "Feature", "properties": { "id": 129, "type": 2, "existence": true }, "geometry": { "type": "LineString", "coordinates": [ [ 827.0, 1228.0 ], [ 521.0, 1240.0 ] ] } },
{ "type": "Feature", "properties": { "id": 130, "type": 2, "existence": true }, "geometry": { "type": "LineString", "coordinates": [ [ 521.0, 1240.0 ], [ 417.0, 1244.0 ] ] } },
{ "type": "Feature", "properties": { "id": 131, "type": 2, "existence": true }, "geometry": { "type": "LineString", "coordinates": [ [ 417.0, 1244.0 ], [ 303.0, 1249.0 ] ] } },
{ "type": "Feature", "properties": { "id": 132, "type": 2, "existence": true }, "geometry": { "type": "LineString", "coordinates": [ [ 303.0, 1249.0 ], [ 240.0, 1251.0 ] ] } },
{ "type": "Feature", "properties": { "id": 133, "type": 2, "existence": true }, "geometry": { "type": "LineString", "coordinates": [ [ 0.0, 2606.0 ], [ 55.0, 2605.0 ] ] } },
{ "type": "Feature", "properties": { "id": 134, "type": 2, "existence": true }, "geometry": { "type": "LineString", "coordinates": [ [ 55.0, 2605.0 ], [ 206.0, 2602.0 ] ] } },
{ "type": "Feature", "properties": { "id": 135, "type": 2, "existence": true }, "geometry": { "type": "LineString", "coordinates": [ [ 206.0, 2602.0 ], [ 875.0, 2589.0 ] ] } },
{ "type": "Feature", "properties": { "id": 136, "type": 2, "existence": true }, "geometry": { "type": "LineString", "coordinates": [ [ 875.0, 2589.0 ], [ 1276.0, 2581.0 ] ] } },
{ "type": "Feature", "properties": { "id": 137, "type": 2, "existence": true }, "geometry": { "type": "LineString", "coordinates": [ [ 1276.0, 2581.0 ], [ 1655.0, 2476.0 ] ] } },
{ "type": "Feature", "properties": { "id": 138, "type": 2, "existence": true }, "geometry": { "type": "LineString", "coordinates": [ [ 202.0, 2524.0 ], [ 532.0, 2514.0 ] ] } },
{ "type": "Feature", "properties": { "id": 139, "type": 2, "existence": true }, "geometry": { "type": "LineString", "coordinates": [ [ 532.0, 2514.0 ], [ 872.0, 2503.0 ] ] } },
{ "type": "Feature", "properties": { "id": 140, "type": 2, "existence": true }, "geometry": { "type": "LineString", "coordinates": [ [ 872.0, 2503.0 ], [ 876.0, 2503.0 ] ] } },
{ "type": "Feature", "properties": { "id": 141, "type": 2, "existence": true }, "geometry": { "type": "LineString", "coordinates": [ [ 876.0, 2503.0 ], [ 1178.0, 2493.0 ] ] } },
{ "type": "Feature", "properties": { "id": 142, "type": 2, "existence": true }, "geometry": { "type": "LineString", "coordinates": [ [ 1178.0, 2493.0 ],[ 1385.0, 2436.0 ], [ 1606.0, 2375.0 ], [ 1660.0, 2361.0 ] ] } },
{ "type": "Feature", "properties": { "id": 143, "type": 2, "existence": true }, "geometry": { "type": "LineString", "coordinates": [ [ 1161.0, 1950.0 ], [ 1262.0, 1937.0 ] ] } },
{ "type": "Feature", "properties": { "id": 144, "type": 2, "existence": true }, "geometry": { "type": "LineString", "coordinates": [ [ 1262.0, 1937.0 ], [ 1312.0, 1930.0 ] ] } },
{ "type": "Feature", "properties": { "id": 145, "type": 2, "existence": true }, "geometry": { "type": "LineString", "coordinates": [ [ 1312.0, 1930.0 ], [ 1369.0, 1923.0 ] ] } },
{ "type": "Feature", "properties": { "id": 146, "type": 2, "existence": true }, "geometry": { "type": "LineString", "coordinates": [ [ 875.0, 2589.0 ], [ 872.0, 2503.0 ] ] } },
{ "type": "Feature", "properties": { "id": 147, "type": 2, "existence": true }, "geometry": { "type": "LineString", "coordinates": [ [ 872.0, 2503.0 ], [ 865.0, 2316.0 ] ] } },
{ "type": "Feature", "properties": { "id": 148, "type": 2, "existence": true }, "geometry": { "type": "LineString", "coordinates": [ [ 865.0, 2316.0 ], [ 863.0, 2250.0 ] ] } },
{ "type": "Feature", "properties": { "id": 149, "type": 2, "existence": true }, "geometry": { "type": "LineString", "coordinates": [ [ 863.0, 2250.0 ],[ 858.0, 2098.0 ], [ 857.0, 2067.0 ] ] } },
{ "type": "Feature", "properties": { "id": 150, "type": 2, "existence": true }, "geometry": { "type": "LineString", "coordinates": [ [ 857.0, 2067.0 ], [ 854.0, 1990.0 ] ] } },
{ "type": "Feature", "properties": { "id": 151, "type": 2, "existence": true }, "geometry": { "type": "LineString", "coordinates": [ [ 854.0, 1990.0 ],[ 853.0, 1965.0 ], [ 850.0, 1886.0 ] ] } },
{ "type": "Feature", "properties": { "id": 152, "type": 2, "existence": true }, "geometry": { "type": "LineString", "coordinates": [ [ 850.0, 1886.0 ], [ 849.0, 1847.0 ] ] } },
{ "type": "Feature", "properties": { "id": 153, "type": 2, "existence": true }, "geometry": { "type": "LineString", "coordinates": [ [ 849.0, 1847.0 ], [ 848.0, 1816.0 ] ] } },
{ "type": "Feature", "properties": { "id": 154, "type": 2, "existence": true }, "geometry": { "type": "LineString", "coordinates": [ [ 848.0, 1816.0 ], [ 843.0, 1682.0 ] ] } },
{ "type": "Feature", "properties": { "id": 155, "type": 2, "existence": true }, "geometry": { "type": "LineString", "coordinates": [ [ 843.0, 1682.0 ], [ 841.0, 1621.0 ] ] } },
{ "type": "Feature", "properties": { "id": 156, "type": 2, "existence": true }, "geometry": { "type": "LineString", "coordinates": [ [ 841.0, 1621.0 ], [ 838.0, 1533.0 ] ] } },
{ "type": "Feature", "properties": { "id": 157, "type": 2, "existence": true }, "geometry": { "type": "LineString", "coordinates": [ [ 838.0, 1533.0 ], [ 834.0, 1421.0 ] ] } },
{ "type": "Feature", "properties": { "id": 158, "type": 2, "existence": true }, "geometry": { "type": "LineString", "coordinates": [ [ 834.0, 1421.0 ], [ 827.0, 1228.0 ] ] } },
{ "type": "Feature", "properties": { "id": 159, "type": 2, "existence": true }, "geometry": { "type": "LineString", "coordinates": [ [ 827.0, 1228.0 ], [ 875.0, 1073.0 ] ] } },
{ "type": "Feature", "properties": { "id": 160, "type": 2, "existence": true }, "geometry": { "type": "LineString", "coordinates": [ [ 875.0, 1073.0 ], [ 912.0, 952.0 ] ] } },
{ "type": "Feature", "properties": { "id": 161, "type": 2, "existence": true }, "geometry": { "type": "LineString", "coordinates": [ [ 912.0, 952.0 ], [ 947.0, 838.0 ] ] } },
{ "type": "Feature", "properties": { "id": 162, "type": 2, "existence": true }, "geometry": { "type": "LineString", "coordinates": [ [ 947.0, 838.0 ], [ 945.0, 621.0 ] ] } },
{ "type": "Feature", "properties": { "id": 163, "type": 2, "existence": true }, "geometry": { "type": "LineString", "coordinates": [ [ 945.0, 621.0 ], [ 945.0, 620.0 ] ] } },
{ "type": "Feature", "properties": { "id": 164, "type": 2, "existence": true }, "geometry": { "type": "LineString", "coordinates": [ [ 945.0, 620.0 ], [ 933.0, 514.0 ] ] } },
{ "type": "Feature", "properties": { "id": 165, "type": 2, "existence": true }, "geometry": { "type": "LineString", "coordinates": [ [ 933.0, 514.0 ],[ 921.0, 354.0 ], [ 892.0, 140.0 ] ] } },
{ "type": "Feature", "properties": { "id": 166, "type": 2, "existence": true }, "geometry": { "type": "LineString", "coordinates": [ [ 892.0, 140.0 ], [ 878.0, 18.0 ] ] } },
{ "type": "Feature", "properties": { "id": 167, "type": 2, "existence": true }, "geometry": { "type": "LineString", "coordinates": [ [ 878.0, 18.0 ], [ 878.0, 18.0 ] ] } },
{ "type": "Feature", "properties": { "id": 168, "type": 2, "existence": true }, "geometry": { "type": "LineString", "coordinates": [ [ 139.0, 2053.0 ], [ 211.0, 2046.0 ] ] } },
{ "type": "Feature", "properties": { "id": 169, "type": 2, "existence": true }, "geometry": { "type": "LineString", "coordinates": [ [ 211.0, 2046.0 ], [ 453.0, 2022.0 ] ] } },
{ "type": "Feature", "properties": { "id": 170, "type": 2, "existence": true }, "geometry": { "type": "LineString", "coordinates": [ [ 453.0, 2022.0 ], [ 515.0, 2016.0 ] ] } },
{ "type": "Feature", "properties": { "id": 171, "type": 2, "existence": true }, "geometry": { "type": "LineString", "coordinates": [ [ 515.0, 2016.0 ], [ 515.0, 2016.0 ] ] } },
{ "type": "Feature", "properties": { "id": 172, "type": 2, "existence": true }, "geometry": { "type": "LineString", "coordinates": [ [ 515.0, 2016.0 ], [ 724.0, 1984.0 ] ] } },
{ "type": "Feature", "properties": { "id": 173, "type": 2, "existence": true }, "geometry": { "type": "LineString", "coordinates": [ [ 724.0, 1984.0 ], [ 853.0, 1965.0 ] ] } },
{ "type": "Feature", "properties": { "id": 174, "type": 2, "existence": true }, "geometry": { "type": "LineString", "coordinates": [ [ 463.0, 2262.0 ], [ 463.0, 2262.0 ] ] } },
{ "type": "Feature", "properties": { "id": 175, "type": 2, "existence": true }, "geometry": { "type": "LineString", "coordinates": [ [ 463.0, 2262.0 ], [ 453.0, 2022.0 ] ] } },
{ "type": "Feature", "properties": { "id": 176, "type": 2, "existence": true }, "geometry": { "type": "LineString", "coordinates": [ [ 453.0, 2022.0 ], [ 453.0, 2022.0 ] ] } },
{ "type": "Feature", "properties": { "id": 177, "type": 2, "existence": true }, "geometry": { "type": "LineString", "coordinates": [ [ 857.0, 2067.0 ], [ 857.0, 2067.0 ] ] } },
{ "type": "Feature", "properties": { "id": 178, "type": 2, "existence": true }, "geometry": { "type": "LineString", "coordinates": [ [ 857.0, 2067.0 ], [ 737.0, 2072.0 ] ] } },
{ "type": "Feature", "properties": { "id": 179, "type": 2, "existence": true }, "geometry": { "type": "LineString", "coordinates": [ [ 737.0, 2072.0 ], [ 724.0, 1984.0 ] ] } },
{ "type": "Feature", "properties": { "id": 180, "type": 2, "existence": true }, "geometry": { "type": "LineString", "coordinates": [ [ 724.0, 1984.0 ], [ 724.0, 1984.0 ] ] } },
{ "type": "Feature", "properties": { "id": 181, "type": 2, "existence": true }, "geometry": { "type": "LineString", "coordinates": [ [ 934.0, 2248.0 ], [ 931.0, 2097.0 ] ] } },
{ "type": "Feature", "properties": { "id": 182, "type": 2, "existence": true }, "geometry": { "type": "LineString", "coordinates": [ [ 1162.0, 1984.0 ], [ 854.0, 1990.0 ] ] } },
{ "type": "Feature", "properties": { "id": 183, "type": 2, "existence": true }, "geometry": { "type": "LineString", "coordinates": [ [ 854.0, 1990.0 ], [ 854.0, 1990.0 ] ] } },
{ "type": "Feature", "properties": { "id": 184, "type": 2, "existence": true }, "geometry": { "type": "LineString", "coordinates": [ [ 1345.0, 1609.0 ], [ 1181.0, 1628.0 ] ] } },
{ "type": "Feature", "properties": { "id": 185, "type": 2, "existence": true }, "geometry": { "type": "LineString", "coordinates": [ [ 1181.0, 1628.0 ], [ 1181.0, 1628.0 ] ] } },
{ "type": "Feature", "properties": { "id": 186, "type": 2, "existence": true }, "geometry": { "type": "LineString", "coordinates": [ [ 369.0, 1246.0 ], [ 399.0, 1091.0 ] ] } },
{ "type": "Feature", "properties": { "id": 187, "type": 2, "existence": true }, "geometry": { "type": "LineString", "coordinates": [ [ 399.0, 1091.0 ], [ 399.0, 1091.0 ] ] } },
{ "type": "Feature", "properties": { "id": 188, "type": 2, "existence": true }, "geometry": { "type": "LineString", "coordinates": [ [ 639.0, 1235.0 ], [ 637.0, 1082.0 ] ] } },
{ "type": "Feature", "properties": { "id": 189, "type": 2, "existence": true }, "geometry": { "type": "LineString", "coordinates": [ [ 637.0, 1082.0 ], [ 637.0, 1082.0 ] ] } },
{ "type": "Feature", "properties": { "id": 190, "type": 2, "existence": true }, "geometry": { "type": "LineString", "coordinates": [ [ 1254.0, 1619.0 ], [ 1257.0, 1527.0 ] ] } },
{ "type": "Feature", "properties": { "id": 191, "type": 2, "existence": true }, "geometry": { "type": "LineString", "coordinates": [ [ 1257.0, 1527.0 ], [ 1257.0, 1525.0 ] ] } },
{ "type": "Feature", "properties": { "id": 192, "type": 2, "existence": true }, "geometry": { "type": "LineString", "coordinates": [ [ 186.0, 1763.0 ], [ 544.0, 1706.0 ] ] } },
{ "type": "Feature", "properties": { "id": 193, "type": 2, "existence": true }, "geometry": { "type": "LineString", "coordinates": [ [ 544.0, 1706.0 ], [ 544.0, 1706.0 ] ] } },
{ "type": "Feature", "properties": { "id": 194, "type": 2, "existence": true }, "geometry": { "type": "LineString", "coordinates": [ [ 544.0, 1706.0 ], [ 838.0, 1622.0 ] ] } },
{ "type": "Feature", "properties": { "id": 195, "type": 2, "existence": true }, "geometry": { "type": "LineString", "coordinates": [ [ 838.0, 1622.0 ], [ 841.0, 1621.0 ] ] } },
{ "type": "Feature", "properties": { "id": 196, "type": 2, "existence": true }, "geometry": { "type": "LineString", "coordinates": [ [ 841.0, 1621.0 ], [ 1196.0, 1538.0 ] ] } },
{ "type": "Feature", "properties": { "id": 197, "type": 2, "existence": true }, "geometry": { "type": "LineString", "coordinates": [ [ 1196.0, 1538.0 ], [ 1196.0, 1538.0 ] ] } },
{ "type": "Feature", "properties": { "id": 198, "type": 2, "existence": true }, "geometry": { "type": "LineString", "coordinates": [ [ 1196.0, 1538.0 ], [ 1257.0, 1527.0 ] ] } },
{ "type": "Feature", "properties": { "id": 199, "type": 2, "existence": true }, "geometry": { "type": "LineString", "coordinates": [ [ 1257.0, 1527.0 ], [ 1348.0, 1510.0 ] ] } },
{ "type": "Feature", "properties": { "id": 200, "type": 2, "existence": true }, "geometry": { "type": "LineString", "coordinates": [ [ 1348.0, 1510.0 ], [ 1460.0, 1489.0 ] ] } },
{ "type": "Feature", "properties": { "id": 201, "type": 2, "existence": true }, "geometry": { "type": "LineString", "coordinates": [ [ 1460.0, 1489.0 ], [ 1555.0, 1471.0 ] ] } },
{ "type": "Feature", "properties": { "id": 202, "type": 2, "existence": true }, "geometry": { "type": "LineString", "coordinates": [ [ 1555.0, 1471.0 ], [ 1555.0, 1469.0 ] ] } },
{ "type": "Feature", "properties": { "id": 203, "type": 2, "existence": true }, "geometry": { "type": "LineString", "coordinates": [ [ 662.0, 781.0 ], [ 656.0, 657.0 ] ] } },
{ "type": "Feature", "properties": { "id": 204, "type": 2, "existence": true }, "geometry": { "type": "LineString", "coordinates": [ [ 1230.0, 837.0 ], [ 1230.0, 836.0 ] ] } },
{ "type": "Feature", "properties": { "id": 205, "type": 2, "existence": true }, "geometry": { "type": "LineString", "coordinates": [ [ 1230.0, 836.0 ], [ 1253.0, 581.0 ] ] } },
{ "type": "Feature", "properties": { "id": 206, "type": 2, "existence": true }, "geometry": { "type": "LineString", "coordinates": [ [ 423.0, 1445.0 ], [ 420.0, 1361.0 ] ] } },
{ "type": "Feature", "properties": { "id": 207, "type": 2, "existence": true }, "geometry": { "type": "LineString", "coordinates": [ [ 420.0, 1361.0 ], [ 417.0, 1244.0 ] ] } },
{ "type": "Feature", "properties": { "id": 208, "type": 2, "existence": true }, "geometry": { "type": "LineString", "coordinates": [ [ 417.0, 1244.0 ], [ 417.0, 1244.0 ] ] } },
{ "type": "Feature", "properties": { "id": 209, "type": 2, "existence": true }, "geometry": { "type": "LineString", "coordinates": [ [ 420.0, 1361.0 ], [ 420.0, 1361.0 ] ] } },
{ "type": "Feature", "properties": { "id": 210, "type": 2, "existence": true }, "geometry": { "type": "LineString", "coordinates": [ [ 420.0, 1361.0 ], [ 525.0, 1351.0 ] ] } },
{ "type": "Feature", "properties": { "id": 211, "type": 2, "existence": true }, "geometry": { "type": "LineString", "coordinates": [ [ 213.0, 1632.0 ], [ 533.0, 1560.0 ] ] } },
{ "type": "Feature", "properties": { "id": 212, "type": 2, "existence": true }, "geometry": { "type": "LineString", "coordinates": [ [ 533.0, 1560.0 ], [ 533.0, 1560.0 ] ] } },
{ "type": "Feature", "properties": { "id": 213, "type": 2, "existence": true }, "geometry": { "type": "LineString", "coordinates": [ [ 533.0, 1560.0 ], [ 838.0, 1533.0 ] ] } },
{ "type": "Feature", "properties": { "id": 214, "type": 2, "existence": true }, "geometry": { "type": "LineString", "coordinates": [ [ 838.0, 1533.0 ], [ 838.0, 1533.0 ] ] } },
{ "type": "Feature", "properties": { "id": 215, "type": 2, "existence": true }, "geometry": { "type": "LineString", "coordinates": [ [ 838.0, 1533.0 ], [ 1029.0, 1491.0 ] ] } },
{ "type": "Feature", "properties": { "id": 216, "type": 2, "existence": true }, "geometry": { "type": "LineString", "coordinates": [ [ 1029.0, 1491.0 ], [ 1209.0, 1452.0 ] ] } },
{ "type": "Feature", "properties": { "id": 217, "type": 2, "existence": true }, "geometry": { "type": "LineString", "coordinates": [ [ 841.0, 1682.0 ], [ 843.0, 1682.0 ] ] } },
{ "type": "Feature", "properties": { "id": 218, "type": 2, "existence": true }, "geometry": { "type": "LineString", "coordinates": [ [ 843.0, 1682.0 ], [ 1001.0, 1665.0 ] ] } },
{ "type": "Feature", "properties": { "id": 219, "type": 2, "existence": true }, "geometry": { "type": "LineString", "coordinates": [ [ 1001.0, 1665.0 ], [ 1017.0, 1794.0 ] ] } },
{ "type": "Feature", "properties": { "id": 220, "type": 2, "existence": true }, "geometry": { "type": "LineString", "coordinates": [ [ 940.0, 1509.0 ], [ 932.0, 1415.0 ] ] } },
{ "type": "Feature", "properties": { "id": 221, "type": 2, "existence": true }, "geometry": { "type": "LineString", "coordinates": [ [ 932.0, 1415.0 ], [ 932.0, 1415.0 ] ] } },
{ "type": "Feature", "properties": { "id": 222, "type": 2, "existence": true }, "geometry": { "type": "LineString", "coordinates": [ [ 1309.0, 480.0 ], [ 1310.0, 480.0 ] ] } },
{ "type": "Feature", "properties": { "id": 223, "type": 2, "existence": true }, "geometry": { "type": "LineString", "coordinates": [ [ 1310.0, 480.0 ], [ 1466.0, 466.0 ] ] } },
{ "type": "Feature", "properties": { "id": 224, "type": 2, "existence": true }, "geometry": { "type": "LineString", "coordinates": [ [ 1466.0, 466.0 ], [ 1636.0, 450.0 ] ] } },
{ "type": "Feature", "properties": { "id": 225, "type": 2, "existence": true }, "geometry": { "type": "LineString", "coordinates": [ [ 1636.0, 450.0 ], [ 1644.0, 342.0 ] ] } },
{ "type": "Feature", "properties": { "id": 226, "type": 2, "existence": true }, "geometry": { "type": "LineString", "coordinates": [ [ 1644.0, 342.0 ], [ 1644.0, 342.0 ] ] } },
{ "type": "Feature", "properties": { "id": 227, "type": 2, "existence": true }, "geometry": { "type": "LineString", "coordinates": [ [ 1644.0, 342.0 ],[ 1682.0, 198.0 ], [ 1704.0, 116.0 ] ] } },
{ "type": "Feature", "properties": { "id": 228, "type": 2, "existence": true }, "geometry": { "type": "LineString", "coordinates": [ [ 1704.0, 116.0 ], [ 1704.0, 115.0 ] ] } },
{ "type": "Feature", "properties": { "id": 229, "type": 2, "existence": true }, "geometry": { "type": "LineString", "coordinates": [ [ 1629.0, 541.0 ], [ 1620.0, 816.0 ] ] } },
{ "type": "Feature", "properties": { "id": 230, "type": 2, "existence": true }, "geometry": { "type": "LineString", "coordinates": [ [ 1620.0, 816.0 ], [ 1616.0, 950.0 ] ] } },
{ "type": "Feature", "properties": { "id": 231, "type": 2, "existence": true }, "geometry": { "type": "LineString", "coordinates": [ [ 1329.0, 951.0 ], [ 1277.0, 1441.0 ] ] } },
{ "type": "Feature", "properties": { "id": 232, "type": 2, "existence": true }, "geometry": { "type": "LineString", "coordinates": [ [ 1277.0, 1441.0 ], [ 1620.0, 1361.0 ] ] } },
{ "type": "Feature", "properties": { "id": 233, "type": 2, "existence": true }, "geometry": { "type": "LineString", "coordinates": [ [ 1620.0, 1361.0 ], [ 1616.0, 950.0 ] ] } },
{ "type": "Feature", "properties": { "id": 234, "type": 2, "existence": true }, "geometry": { "type": "LineString", "coordinates": [ [ 1616.0, 950.0 ], [ 1616.0, 950.0 ] ] } },
{ "type": "Feature", "properties": { "id": 235, "type": 2, "existence": true }, "geometry": { "type": "LineString", "coordinates": [ [ 1329.0, 951.0 ], [ 1329.0, 951.0 ] ] } },
{ "type": "Feature", "properties": { "id": 236, "type": 2, "existence": true }, "geometry": { "type": "LineString", "coordinates": [ [ 1329.0, 951.0 ], [ 1366.0, 832.0 ] ] } },
{ "type": "Feature", "properties": { "id": 237, "type": 2, "existence": true }, "geometry": { "type": "LineString", "coordinates": [ [ 1446.0, 827.0 ], [ 1446.0, 827.0 ] ] } },
{ "type": "Feature", "properties": { "id": 238, "type": 2, "existence": true }, "geometry": { "type": "LineString", "coordinates": [ [ 1446.0, 827.0 ], [ 1457.0, 559.0 ] ] } },
{ "type": "Feature", "properties": { "id": 239, "type": 2, "existence": true }, "geometry": { "type": "LineString", "coordinates": [ [ 1457.0, 559.0 ], [ 1457.0, 558.0 ] ] } },
{ "type": "Feature", "properties": { "id": 240, "type": 2, "existence": true }, "geometry": { "type": "LineString", "coordinates": [ [ 1021.0, 1410.0 ], [ 1029.0, 1491.0 ] ] } },
{ "type": "Feature", "properties": { "id": 241, "type": 2, "existence": true }, "geometry": { "type": "LineString", "coordinates": [ [ 1029.0, 1491.0 ], [ 1029.0, 1492.0 ] ] } },
{ "type": "Feature", "properties": { "id": 242, "type": 2, "existence": true }, "geometry": { "type": "LineString", "coordinates": [ [ 1274.0, 55.0 ], [ 1274.0, 55.0 ] ] } },
{ "type": "Feature", "properties": { "id": 243, "type": 2, "existence": true }, "geometry": { "type": "LineString", "coordinates": [ [ 1274.0, 55.0 ], [ 1265.0, 112.0 ] ] } },
{ "type": "Feature", "properties": { "id": 244, "type": 2, "existence": true }, "geometry": { "type": "LineString", "coordinates": [ [ 1265.0, 112.0 ], [ 1340.0, 120.0 ] ] } },
{ "type": "Feature", "properties": { "id": 245, "type": 2, "existence": true }, "geometry": { "type": "LineString", "coordinates": [ [ 1340.0, 120.0 ], [ 1414.0, 127.0 ] ] } },
{ "type": "Feature", "properties": { "id": 246, "type": 2, "existence": true }, "geometry": { "type": "LineString", "coordinates": [ [ 1414.0, 127.0 ], [ 1420.0, 70.0 ] ] } },
{ "type": "Feature", "properties": { "id": 247, "type": 2, "existence": true }, "geometry": { "type": "LineString", "coordinates": [ [ 1420.0, 70.0 ], [ 1420.0, 70.0 ] ] } },
{ "type": "Feature", "properties": { "id": 248, "type": 2, "existence": true }, "geometry": { "type": "LineString", "coordinates": [ [ 55.0, 2605.0 ], [ 55.0, 2605.0 ] ] } },
{ "type": "Feature", "properties": { "id": 249, "type": 2, "existence": true }, "geometry": { "type": "LineString", "coordinates": [ [ 55.0, 2605.0 ], [ 96.0, 2335.0 ] ] } },
{ "type": "Feature", "properties": { "id": 250, "type": 2, "existence": true }, "geometry": { "type": "LineString", "coordinates": [ [ 96.0, 2335.0 ], [ 139.0, 2053.0 ] ] } },
{ "type": "Feature", "properties": { "id": 251, "type": 2, "existence": true }, "geometry": { "type": "LineString", "coordinates": [ [ 139.0, 2053.0 ], [ 148.0, 2002.0 ] ] } },
{ "type": "Feature", "properties": { "id": 252, "type": 2, "existence": true }, "geometry": { "type": "LineString", "coordinates": [ [ 148.0, 2002.0 ], [ 152.0, 1977.0 ] ] } },
{ "type": "Feature", "properties": { "id": 253, "type": 2, "existence": true }, "geometry": { "type": "LineString", "coordinates": [ [ 152.0, 1977.0 ], [ 186.0, 1763.0 ] ] } },
{ "type": "Feature", "properties": { "id": 254, "type": 2, "existence": true }, "geometry": { "type": "LineString", "coordinates": [ [ 186.0, 1763.0 ], [ 213.0, 1632.0 ] ] } },
{ "type": "Feature", "properties": { "id": 255, "type": 2, "existence": true }, "geometry": { "type": "LineString", "coordinates": [ [ 213.0, 1632.0 ], [ 240.0, 1251.0 ] ] } },
{ "type": "Feature", "properties": { "id": 256, "type": 2, "existence": true }, "geometry": { "type": "LineString", "coordinates": [ [ 240.0, 1251.0 ], [ 297.0, 1095.0 ] ] } },
{ "type": "Feature", "properties": { "id": 257, "type": 2, "existence": true }, "geometry": { "type": "LineString", "coordinates": [ [ 297.0, 1095.0 ], [ 459.0, 840.0 ] ] } },
{ "type": "Feature", "properties": { "id": 258, "type": 2, "existence": true }, "geometry": { "type": "LineString", "coordinates": [ [ 459.0, 840.0 ], [ 592.0, 644.0 ] ] } },
{ "type": "Feature", "properties": { "id": 259, "type": 2, "existence": true }, "geometry": { "type": "LineString", "coordinates": [ [ 592.0, 644.0 ], [ 617.0, 598.0 ] ] } },
{ "type": "Feature", "properties": { "id": 260, "type": 2, "existence": true }, "geometry": { "type": "LineString", "coordinates": [ [ 617.0, 598.0 ], [ 726.0, 83.0 ] ] } },
{ "type": "Feature", "properties": { "id": 261, "type": 2, "existence": true }, "geometry": { "type": "LineString", "coordinates": [ [ 726.0, 83.0 ], [ 749.0, 6.0 ] ] } },
{ "type": "Feature", "properties": { "id": 262, "type": 2, "existence": true }, "geometry": { "type": "LineString", "coordinates": [ [ 154.0, 1965.0 ], [ 222.0, 1956.0 ] ] } },
{ "type": "Feature", "properties": { "id": 263, "type": 2, "existence": true }, "geometry": { "type": "LineString", "coordinates": [ [ 222.0, 1956.0 ], [ 500.0, 1920.0 ] ] } },
{ "type": "Feature", "properties": { "id": 264, "type": 2, "existence": true }, "geometry": { "type": "LineString", "coordinates": [ [ 500.0, 1920.0 ], [ 565.0, 1901.0 ] ] } },
{ "type": "Feature", "properties": { "id": 265, "type": 2, "existence": true }, "geometry": { "type": "LineString", "coordinates": [ [ 565.0, 1901.0 ], [ 668.0, 1870.0 ] ] } },
{ "type": "Feature", "properties": { "id": 266, "type": 2, "existence": true }, "geometry": { "type": "LineString", "coordinates": [ [ 668.0, 1870.0 ], [ 848.0, 1816.0 ] ] } },
{ "type": "Feature", "properties": { "id": 267, "type": 2, "existence": true }, "geometry": { "type": "LineString", "coordinates": [ [ 848.0, 1816.0 ], [ 849.0, 1816.0 ] ] } },
{ "type": "Feature", "properties": { "id": 268, "type": 2, "existence": true }, "geometry": { "type": "LineString", "coordinates": [ [ 849.0, 1816.0 ], [ 1017.0, 1794.0 ],[ 1157.0, 1776.0 ] ] } },
{ "type": "Feature", "properties": { "id": 269, "type": 2, "existence": true }, "geometry": { "type": "LineString", "coordinates": [ [ 1157.0, 1776.0 ], [ 1161.0, 1776.0 ] ] } },
{ "type": "Feature", "properties": { "id": 270, "type": 2, "existence": true }, "geometry": { "type": "LineString", "coordinates": [ [ 1161.0, 1776.0 ],[ 1350.0, 1745.0 ], [ 1442.0, 1731.0 ] ] } },
{ "type": "Feature", "properties": { "id": 271, "type": 2, "existence": true }, "geometry": { "type": "LineString", "coordinates": [ [ 1442.0, 1731.0 ], [ 1569.0, 1710.0 ] ] } },
{ "type": "Feature", "properties": { "id": 272, "type": 2, "existence": true }, "geometry": { "type": "LineString", "coordinates": [ [ 1569.0, 1710.0 ], [ 1663.0, 1695.0 ] ] } },
{ "type": "Feature", "properties": { "id": 273, "type": 2, "existence": true }, "geometry": { "type": "LineString", "coordinates": [ [ 1663.0, 1695.0 ], [ 1664.0, 1695.0 ] ] } },
{ "type": "Feature", "properties": { "id": 274, "type": 2, "existence": true }, "geometry": { "type": "LineString", "coordinates": [ [ 1348.0, 1509.0 ], [ 1348.0, 1510.0 ] ] } },
{ "type": "Feature", "properties": { "id": 275, "type": 2, "existence": true }, "geometry": { "type": "LineString", "coordinates": [ [ 1348.0, 1510.0 ], [ 1345.0, 1609.0 ] ] } },
{ "type": "Feature", "properties": { "id": 276, "type": 2, "existence": true }, "geometry": { "type": "LineString", "coordinates": [ [ 1345.0, 1609.0 ], [ 1350.0, 1745.0 ] ] } },
{ "type": "Feature", "properties": { "id": 277, "type": 2, "existence": true }, "geometry": { "type": "LineString", "coordinates": [ [ 1442.0, 1731.0 ], [ 1442.0, 1731.0 ] ] } },
{ "type": "Feature", "properties": { "id": 278, "type": 2, "existence": true }, "geometry": { "type": "LineString", "coordinates": [ [ 1442.0, 1731.0 ], [ 1460.0, 1489.0 ] ] } },
{ "type": "Feature", "properties": { "id": 279, "type": 2, "existence": true }, "geometry": { "type": "LineString", "coordinates": [ [ 1460.0, 1489.0 ], [ 1460.0, 1488.0 ] ] } },
{ "type": "Feature", "properties": { "id": 280, "type": 2, "existence": true }, "geometry": { "type": "LineString", "coordinates": [ [ 1282.0, 806.0 ], [ 1282.0, 806.0 ] ] } },
{ "type": "Feature", "properties": { "id": 281, "type": 2, "existence": true }, "geometry": { "type": "LineString", "coordinates": [ [ 1282.0, 806.0 ], [ 1410.0, 798.0 ] ] } },
{ "type": "Feature", "properties": { "id": 282, "type": 2, "existence": true }, "geometry": { "type": "LineString", "coordinates": [ [ 1410.0, 798.0 ], [ 1427.0, 562.0 ] ] } },
{ "type": "Feature", "properties": { "id": 283, "type": 2, "existence": true }, "geometry": { "type": "LineString", "coordinates": [ [ 1427.0, 562.0 ], [ 1427.0, 562.0 ] ] } },
{ "type": "Feature", "properties": { "id": 284, "type": 2, "existence": true }, "geometry": { "type": "LineString", "coordinates": [ [ 354.0, 1093.0 ], [ 447.0, 964.0 ] ] } },
{ "type": "Feature", "properties": { "id": 285, "type": 2, "existence": true }, "geometry": { "type": "LineString", "coordinates": [ [ 447.0, 964.0 ], [ 912.0, 952.0 ] ] } },
{ "type": "Feature", "properties": { "id": 286, "type": 2, "existence": true }, "geometry": { "type": "LineString", "coordinates": [ [ 912.0, 952.0 ], [ 914.0, 952.0 ] ] } },
{ "type": "Feature", "properties": { "id": 287, "type": 2, "existence": true }, "geometry": { "type": "LineString", "coordinates": [ [ 1606.0, 2375.0 ], [ 1602.0, 2298.0 ] ] } },
{ "type": "Feature", "properties": { "id": 288, "type": 2, "existence": true }, "geometry": { "type": "LineString", "coordinates": [ [ 1602.0, 2298.0 ], [ 1598.0, 2232.0 ] ] } },
{ "type": "Feature", "properties": { "id": 289, "type": 2, "existence": true }, "geometry": { "type": "LineString", "coordinates": [ [ 1598.0, 2232.0 ], [ 1589.0, 2078.0 ] ] } },
{ "type": "Feature", "properties": { "id": 290, "type": 2, "existence": true }, "geometry": { "type": "LineString", "coordinates": [ [ 1589.0, 2078.0 ], [ 1570.0, 1744.0 ] ] } },
{ "type": "Feature", "properties": { "id": 291, "type": 2, "existence": true }, "geometry": { "type": "LineString", "coordinates": [ [ 1570.0, 1744.0 ], [ 1569.0, 1710.0 ] ] } },
{ "type": "Feature", "properties": { "id": 292, "type": 2, "existence": true }, "geometry": { "type": "LineString", "coordinates": [ [ 1569.0, 1710.0 ], [ 1555.0, 1471.0 ] ] } },
{ "type": "Feature", "properties": { "id": 293, "type": 2, "existence": true }, "geometry": { "type": "LineString", "coordinates": [ [ 850.0, 1886.0 ], [ 850.0, 1886.0 ] ] } },
{ "type": "Feature", "properties": { "id": 294, "type": 2, "existence": true }, "geometry": { "type": "LineString", "coordinates": [ [ 850.0, 1886.0 ], [ 1155.0, 1837.0 ] ] } },
{ "type": "Feature", "properties": { "id": 295, "type": 2, "existence": true }, "geometry": { "type": "LineString", "coordinates": [ [ 1155.0, 1837.0 ], [ 1366.0, 1803.0 ] ] } },
{ "type": "Feature", "properties": { "id": 296, "type": 2, "existence": true }, "geometry": { "type": "LineString", "coordinates": [ [ 1366.0, 1803.0 ], [ 1366.0, 1803.0 ] ] } },
{ "type": "Feature", "properties": { "id": 297, "type": 2, "existence": true }, "geometry": { "type": "LineString", "coordinates": [ [ 1272.0, 2087.0 ], [ 1272.0, 2086.0 ] ] } },
{ "type": "Feature", "properties": { "id": 298, "type": 2, "existence": true }, "geometry": { "type": "LineString", "coordinates": [ [ 1272.0, 2086.0 ], [ 1262.0, 1937.0 ] ] } },
{ "type": "Feature", "properties": { "id": 299, "type": 2, "existence": true }, "geometry": { "type": "LineString", "coordinates": [ [ 1262.0, 1937.0 ], [ 1255.0, 1821.0 ] ] } },
{ "type": "Feature", "properties": { "id": 300, "type": 2, "existence": true }, "geometry": { "type": "LineString", "coordinates": [ [ 1268.0, 2022.0 ], [ 1372.0, 2016.0 ] ] } },
{ "type": "Feature", "properties": { "id": 301, "type": 2, "existence": true }, "geometry": { "type": "LineString", "coordinates": [ [ 1372.0, 2016.0 ], [ 1372.0, 2016.0 ] ] } },
{ "type": "Feature", "properties": { "id": 302, "type": 2, "existence": true }, "geometry": { "type": "LineString", "coordinates": [ [ 1312.0, 1931.0 ], [ 1312.0, 1930.0 ] ] } },
{ "type": "Feature", "properties": { "id": 303, "type": 2, "existence": true }, "geometry": { "type": "LineString", "coordinates": [ [ 1312.0, 1930.0 ], [ 1319.0, 1811.0 ] ] } },
{ "type": "Feature", "properties": { "id": 304, "type": 2, "existence": true }, "geometry": { "type": "LineString", "coordinates": [ [ 1175.0, 2241.0 ], [ 1379.0, 2237.0 ] ] } },
{ "type": "Feature", "properties": { "id": 305, "type": 2, "existence": true }, "geometry": { "type": "LineString", "coordinates": [ [ 1379.0, 2237.0 ], [ 1598.0, 2232.0 ] ] } },
{ "type": "Feature", "properties": { "id": 306, "type": 2, "existence": true }, "geometry": { "type": "LineString", "coordinates": [ [ 1598.0, 2232.0 ], [ 1598.0, 2232.0 ] ] } },
{ "type": "Feature", "properties": { "id": 307, "type": 2, "existence": true }, "geometry": { "type": "LineString", "coordinates": [ [ 96.0, 2335.0 ], [ 96.0, 2335.0 ] ] } },
{ "type": "Feature", "properties": { "id": 308, "type": 2, "existence": true }, "geometry": { "type": "LineString", "coordinates": [ [ 96.0, 2335.0 ], [ 192.0, 2333.0 ] ] } },
{ "type": "Feature", "properties": { "id": 309, "type": 2, "existence": true }, "geometry": { "type": "LineString", "coordinates": [ [ 192.0, 2333.0 ], [ 526.0, 2324.0 ] ] } },
{ "type": "Feature", "properties": { "id": 310, "type": 2, "existence": true }, "geometry": { "type": "LineString", "coordinates": [ [ 526.0, 2324.0 ], [ 865.0, 2316.0 ] ] } },
{ "type": "Feature", "properties": { "id": 311, "type": 2, "existence": true }, "geometry": { "type": "LineString", "coordinates": [ [ 865.0, 2316.0 ], [ 1176.0, 2308.0 ] ] } },
{ "type": "Feature", "properties": { "id": 312, "type": 2, "existence": true }, "geometry": { "type": "LineString", "coordinates": [ [ 1176.0, 2308.0 ], [ 1381.0, 2303.0 ] ] } },
{ "type": "Feature", "properties": { "id": 313, "type": 2, "existence": true }, "geometry": { "type": "LineString", "coordinates": [ [ 1381.0, 2303.0 ], [ 1602.0, 2298.0 ] ] } },
{ "type": "Feature", "properties": { "id": 314, "type": 2, "existence": true }, "geometry": { "type": "LineString", "coordinates": [ [ 1602.0, 2298.0 ], [ 1602.0, 2298.0 ] ] } },
{ "type": "Feature", "properties": { "id": 315, "type": 2, "existence": true }, "geometry": { "type": "LineString", "coordinates": [ [ 1478.0, 203.0 ], [ 1472.0, 345.0 ] ] } },
{ "type": "Feature", "properties": { "id": 316, "type": 2, "existence": true }, "geometry": { "type": "LineString", "coordinates": [ [ 1472.0, 345.0 ], [ 1468.0, 428.0 ] ] } },
{ "type": "Feature", "properties": { "id": 317, "type": 2, "existence": true }, "geometry": { "type": "LineString", "coordinates": [ [ 1468.0, 428.0 ], [ 1466.0, 466.0 ] ] } },
{ "type": "Feature", "properties": { "id": 318, "type": 2, "existence": true }, "geometry": { "type": "LineString", "coordinates": [ [ 1466.0, 466.0 ], [ 1466.0, 466.0 ] ] } },
{ "type": "Feature", "properties": { "id": 319, "type": 2, "existence": true }, "geometry": { "type": "LineString", "coordinates": [ [ 1141.0, 441.0 ], [ 1314.0, 434.0 ] ] } },
{ "type": "Feature", "properties": { "id": 320, "type": 2, "existence": true }, "geometry": { "type": "LineString", "coordinates": [ [ 1314.0, 434.0 ], [ 1468.0, 428.0 ] ] } },
{ "type": "Feature", "properties": { "id": 321, "type": 2, "existence": true }, "geometry": { "type": "LineString", "coordinates": [ [ 1468.0, 428.0 ], [ 1468.0, 428.0 ] ] } },
{ "type": "Feature", "properties": { "id": 322, "type": 2, "existence": true }, "geometry": { "type": "LineString", "coordinates": [ [ 1143.0, 502.0 ], [ 1141.0, 441.0 ] ] } },
{ "type": "Feature", "properties": { "id": 323, "type": 2, "existence": true }, "geometry": { "type": "LineString", "coordinates": [ [ 1143.0, 502.0 ], [ 933.0, 514.0 ] ] } },
{ "type": "Feature", "properties": { "id": 324, "type": 2, "existence": true }, "geometry": { "type": "LineString", "coordinates": [ [ 933.0, 514.0 ], [ 659.0, 530.0 ] ] } },
{ "type": "Feature", "properties": { "id": 325, "type": 2, "existence": true }, "geometry": { "type": "LineString", "coordinates": [ [ 659.0, 530.0 ], [ 745.0, 139.0 ] ] } },
{ "type": "Feature", "properties": { "id": 326, "type": 2, "existence": true }, "geometry": { "type": "LineString", "coordinates": [ [ 745.0, 139.0 ], [ 892.0, 140.0 ] ] } },
{ "type": "Feature", "properties": { "id": 327, "type": 2, "existence": true }, "geometry": { "type": "LineString", "coordinates": [ [ 892.0, 140.0 ], [ 894.0, 140.0 ] ] } },
{ "type": "Feature", "properties": { "id": 328, "type": 2, "existence": true }, "geometry": { "type": "LineString", "coordinates": [ [ 894.0, 140.0 ], [ 1122.0, 132.0 ] ] } },
{ "type": "Feature", "properties": { "id": 329, "type": 2, "existence": true }, "geometry": { "type": "LineString", "coordinates": [ [ 1122.0, 132.0 ], [ 1328.0, 261.0 ] ] } },
{ "type": "Feature", "properties": { "id": 330, "type": 2, "existence": true }, "geometry": { "type": "LineString", "coordinates": [ [ 1328.0, 261.0 ], [ 1328.0, 261.0 ] ] } },
{ "type": "Feature", "properties": { "id": 331, "type": 2, "existence": true }, "geometry": { "type": "LineString", "coordinates": [ [ 1328.0, 261.0 ], [ 1478.0, 203.0 ] ] } },
{ "type": "Feature", "properties": { "id": 332, "type": 2, "existence": true }, "geometry": { "type": "LineString", "coordinates": [ [ 1478.0, 203.0 ], [ 1682.0, 198.0 ] ] } },
{ "type": "Feature", "properties": { "id": 333, "type": 2, "existence": true }, "geometry": { "type": "LineString", "coordinates": [ [ 656.0, 657.0 ], [ 945.0, 620.0 ] ] } },
{ "type": "Feature", "properties": { "id": 334, "type": 2, "existence": true }, "geometry": { "type": "LineString", "coordinates": [ [ 945.0, 620.0 ], [ 1253.0, 581.0 ] ] } },
{ "type": "Feature", "properties": { "id": 335, "type": 2, "existence": true }, "geometry": { "type": "LineString", "coordinates": [ [ 1253.0, 581.0 ], [ 1302.0, 576.0 ] ] } },
{ "type": "Feature", "properties": { "id": 336, "type": 2, "existence": true }, "geometry": { "type": "LineString", "coordinates": [ [ 1302.0, 576.0 ], [ 1427.0, 562.0 ] ] } },
{ "type": "Feature", "properties": { "id": 337, "type": 2, "existence": true }, "geometry": { "type": "LineString", "coordinates": [ [ 1427.0, 562.0 ], [ 1457.0, 559.0 ] ] } },
{ "type": "Feature", "properties": { "id": 338, "type": 2, "existence": true }, "geometry": { "type": "LineString", "coordinates": [ [ 1457.0, 559.0 ], [ 1629.0, 541.0 ] ] } },
{ "type": "Feature", "properties": { "id": 339, "type": 2, "existence": true }, "geometry": { "type": "LineString", "coordinates": [ [ 1629.0, 541.0 ], [ 1652.0, 539.0 ] ] } },
{ "type": "Feature", "properties": { "id": 340, "type": 13, "existence": true }, "geometry": { "type": "Point", "coordinates": [ 0.0, 2606.0 ] } },
{ "type": "Feature", "properties": { "id": 341, "type": 13, "existence": true }, "geometry": { "type": "Point", "coordinates": [ 55.0, 2605.0 ] } },
{ "type": "Feature", "properties": { "id": 342, "type": 13, "existence": true }, "geometry": { "type": "Point", "coordinates": [ 55.0, 2605.0 ] } },
{ "type": "Feature", "properties": { "id": 343, "type": 13, "existence": true }, "geometry": { "type": "Point", "coordinates": [ 86.0, 2021.0 ] } },
{ "type": "Feature", "properties": { "id": 344, "type": 13, "existence": true }, "geometry": { "type": "Point", "coordinates": [ 96.0, 2335.0 ] } },
{ "type": "Feature", "properties": { "id": 345, "type": 13, "existence": true }, "geometry": { "type": "Point", "coordinates": [ 96.0, 2335.0 ] } },
{ "type": "Feature", "properties": { "id": 346, "type": 13, "existence": true }, "geometry": { "type": "Point", "coordinates": [ 139.0, 2053.0 ] } },
{ "type": "Feature", "properties": { "id": 347, "type": 13, "existence": true }, "geometry": { "type": "Point", "coordinates": [ 140.0, 1644.0 ] } },
{ "type": "Feature", "properties": { "id": 348, "type": 13, "existence": true }, "geometry": { "type": "Point", "coordinates": [ 147.0, 2002.0 ] } },
{ "type": "Feature", "properties": { "id": 349, "type": 13, "existence": true }, "geometry": { "type": "Point", "coordinates": [ 148.0, 2002.0 ] } },
{ "type": "Feature", "properties": { "id": 350, "type": 13, "existence": true }, "geometry": { "type": "Point", "coordinates": [ 152.0, 1977.0 ] } },
{ "type": "Feature", "properties": { "id": 351, "type": 13, "existence": true }, "geometry": { "type": "Point", "coordinates": [ 154.0, 1965.0 ] } },
{ "type": "Feature", "properties": { "id": 352, "type": 13, "existence": true }, "geometry": { "type": "Point", "coordinates": [ 182.0, 1315.0 ] } },
{ "type": "Feature", "properties": { "id": 353, "type": 13, "existence": true }, "geometry": { "type": "Point", "coordinates": [ 186.0, 1763.0 ] } },
{ "type": "Feature", "properties": { "id": 354, "type": 13, "existence": true }, "geometry": { "type": "Point", "coordinates": [ 189.0, 2270.0 ] } },
{ "type": "Feature", "properties": { "id": 355, "type": 13, "existence": true }, "geometry": { "type": "Point", "coordinates": [ 192.0, 2333.0 ] } },
{ "type": "Feature", "properties": { "id": 356, "type": 13, "existence": true }, "geometry": { "type": "Point", "coordinates": [ 202.0, 2524.0 ] } },
{ "type": "Feature", "properties": { "id": 357, "type": 13, "existence": true }, "geometry": { "type": "Point", "coordinates": [ 206.0, 2602.0 ] } },
{ "type": "Feature", "properties": { "id": 358, "type": 13, "existence": true }, "geometry": { "type": "Point", "coordinates": [ 211.0, 2046.0 ] } },
{ "type": "Feature", "properties": { "id": 359, "type": 13, "existence": true }, "geometry": { "type": "Point", "coordinates": [ 212.0, 1147.0 ] } },
{ "type": "Feature", "properties": { "id": 360, "type": 13, "existence": true }, "geometry": { "type": "Point", "coordinates": [ 213.0, 1632.0 ] } },
{ "type": "Feature", "properties": { "id": 361, "type": 13, "existence": true }, "geometry": { "type": "Point", "coordinates": [ 216.0, 1992.0 ] } },
{ "type": "Feature", "properties": { "id": 362, "type": 13, "existence": true }, "geometry": { "type": "Point", "coordinates": [ 217.0, 1987.0 ] } },
{ "type": "Feature", "properties": { "id": 363, "type": 13, "existence": true }, "geometry": { "type": "Point", "coordinates": [ 222.0, 1956.0 ] } },
{ "type": "Feature", "properties": { "id": 364, "type": 13, "existence": true }, "geometry": { "type": "Point", "coordinates": [ 240.0, 1251.0 ] } },
{ "type": "Feature", "properties": { "id": 365, "type": 13, "existence": true }, "geometry": { "type": "Point", "coordinates": [ 250.0, 1799.0 ] } },
{ "type": "Feature", "properties": { "id": 366, "type": 13, "existence": true }, "geometry": { "type": "Point", "coordinates": [ 271.0, 992.0 ] } },
{ "type": "Feature", "properties": { "id": 367, "type": 13, "existence": true }, "geometry": { "type": "Point", "coordinates": [ 274.0, 1454.0 ] } },
{ "type": "Feature", "properties": { "id": 368, "type": 13, "existence": true }, "geometry": { "type": "Point", "coordinates": [ 297.0, 1095.0 ] } },
{ "type": "Feature", "properties": { "id": 369, "type": 13, "existence": true }, "geometry": { "type": "Point", "coordinates": [ 303.0, 1249.0 ] } },
{ "type": "Feature", "properties": { "id": 370, "type": 13, "existence": true }, "geometry": { "type": "Point", "coordinates": [ 354.0, 1093.0 ] } },
{ "type": "Feature", "properties": { "id": 371, "type": 13, "existence": true }, "geometry": { "type": "Point", "coordinates": [ 369.0, 1246.0 ] } },
{ "type": "Feature", "properties": { "id": 372, "type": 13, "existence": true }, "geometry": { "type": "Point", "coordinates": [ 399.0, 1091.0 ] } },
{ "type": "Feature", "properties": { "id": 373, "type": 13, "existence": true }, "geometry": { "type": "Point", "coordinates": [ 399.0, 1091.0 ] } },
{ "type": "Feature", "properties": { "id": 374, "type": 13, "existence": true }, "geometry": { "type": "Point", "coordinates": [ 417.0, 1244.0 ] } },
{ "type": "Feature", "properties": { "id": 375, "type": 13, "existence": true }, "geometry": { "type": "Point", "coordinates": [ 417.0, 1244.0 ] } },
{ "type": "Feature", "properties": { "id": 376, "type": 13, "existence": true }, "geometry": { "type": "Point", "coordinates": [ 420.0, 1361.0 ] } },
{ "type": "Feature", "properties": { "id": 377, "type": 13, "existence": true }, "geometry": { "type": "Point", "coordinates": [ 420.0, 1361.0 ] } },
{ "type": "Feature", "properties": { "id": 378, "type": 13, "existence": true }, "geometry": { "type": "Point", "coordinates": [ 422.0, 795.0 ] } },
{ "type": "Feature", "properties": { "id": 379, "type": 13, "existence": true }, "geometry": { "type": "Point", "coordinates": [ 423.0, 1445.0 ] } },
{ "type": "Feature", "properties": { "id": 380, "type": 13, "existence": true }, "geometry": { "type": "Point", "coordinates": [ 447.0, 964.0 ] } },
{ "type": "Feature", "properties": { "id": 381, "type": 13, "existence": true }, "geometry": { "type": "Point", "coordinates": [ 453.0, 2022.0 ] } },
{ "type": "Feature", "properties": { "id": 382, "type": 13, "existence": true }, "geometry": { "type": "Point", "coordinates": [ 453.0, 2022.0 ] } },
{ "type": "Feature", "properties": { "id": 383, "type": 13, "existence": true }, "geometry": { "type": "Point", "coordinates": [ 459.0, 840.0 ] } },
{ "type": "Feature", "properties": { "id": 384, "type": 13, "existence": true }, "geometry": { "type": "Point", "coordinates": [ 463.0, 2262.0 ] } },
{ "type": "Feature", "properties": { "id": 385, "type": 13, "existence": true }, "geometry": { "type": "Point", "coordinates": [ 463.0, 2262.0 ] } },
{ "type": "Feature", "properties": { "id": 386, "type": 13, "existence": true }, "geometry": { "type": "Point", "coordinates": [ 500.0, 1920.0 ] } },
{ "type": "Feature", "properties": { "id": 387, "type": 13, "existence": true }, "geometry": { "type": "Point", "coordinates": [ 513.0, 1950.0 ] } },
{ "type": "Feature", "properties": { "id": 388, "type": 13, "existence": true }, "geometry": { "type": "Point", "coordinates": [ 515.0, 2016.0 ] } },
{ "type": "Feature", "properties": { "id": 389, "type": 13, "existence": true }, "geometry": { "type": "Point", "coordinates": [ 515.0, 2016.0 ] } },
{ "type": "Feature", "properties": { "id": 390, "type": 13, "existence": true }, "geometry": { "type": "Point", "coordinates": [ 521.0, 1240.0 ] } },
{ "type": "Feature", "properties": { "id": 391, "type": 13, "existence": true }, "geometry": { "type": "Point", "coordinates": [ 523.0, 2260.0 ] } },
{ "type": "Feature", "properties": { "id": 392, "type": 13, "existence": true }, "geometry": { "type": "Point", "coordinates": [ 525.0, 1351.0 ] } },
{ "type": "Feature", "properties": { "id": 393, "type": 13, "existence": true }, "geometry": { "type": "Point", "coordinates": [ 526.0, 2324.0 ] } },
{ "type": "Feature", "properties": { "id": 394, "type": 13, "existence": true }, "geometry": { "type": "Point", "coordinates": [ 528.0, 1439.0 ] } },
{ "type": "Feature", "properties": { "id": 395, "type": 13, "existence": true }, "geometry": { "type": "Point", "coordinates": [ 528.0, 1439.0 ] } },
{ "type": "Feature", "properties": { "id": 396, "type": 13, "existence": true }, "geometry": { "type": "Point", "coordinates": [ 532.0, 2514.0 ] } },
{ "type": "Feature", "properties": { "id": 397, "type": 13, "existence": true }, "geometry": { "type": "Point", "coordinates": [ 533.0, 1560.0 ] } },
{ "type": "Feature", "properties": { "id": 398, "type": 13, "existence": true }, "geometry": { "type": "Point", "coordinates": [ 533.0, 1560.0 ] } },
{ "type": "Feature", "properties": { "id": 399, "type": 13, "existence": true }, "geometry": { "type": "Point", "coordinates": [ 535.0, 1627.0 ] } },
{ "type": "Feature", "properties": { "id": 400, "type": 13, "existence": true }, "geometry": { "type": "Point", "coordinates": [ 543.0, 637.0 ] } },
{ "type": "Feature", "properties": { "id": 401, "type": 13, "existence": true }, "geometry": { "type": "Point", "coordinates": [ 544.0, 1706.0 ] } },
{ "type": "Feature", "properties": { "id": 402, "type": 13, "existence": true }, "geometry": { "type": "Point", "coordinates": [ 544.0, 1706.0 ] } },
{ "type": "Feature", "properties": { "id": 403, "type": 13, "existence": true }, "geometry": { "type": "Point", "coordinates": [ 548.0, 1750.0 ] } },
{ "type": "Feature", "properties": { "id": 404, "type": 13, "existence": true }, "geometry": { "type": "Point", "coordinates": [ 565.0, 1901.0 ] } },
{ "type": "Feature", "properties": { "id": 405, "type": 13, "existence": true }, "geometry": { "type": "Point", "coordinates": [ 568.0, 1933.0 ] } },
{ "type": "Feature", "properties": { "id": 406, "type": 13, "existence": true }, "geometry": { "type": "Point", "coordinates": [ 571.0, 569.0 ] } },
{ "type": "Feature", "properties": { "id": 407, "type": 13, "existence": true }, "geometry": { "type": "Point", "coordinates": [ 592.0, 644.0 ] } },
{ "type": "Feature", "properties": { "id": 408, "type": 13, "existence": true }, "geometry": { "type": "Point", "coordinates": [ 617.0, 598.0 ] } },
{ "type": "Feature", "properties": { "id": 409, "type": 13, "existence": true }, "geometry": { "type": "Point", "coordinates": [ 637.0, 1082.0 ] } },
{ "type": "Feature", "properties": { "id": 410, "type": 13, "existence": true }, "geometry": { "type": "Point", "coordinates": [ 637.0, 1082.0 ] } },
{ "type": "Feature", "properties": { "id": 411, "type": 13, "existence": true }, "geometry": { "type": "Point", "coordinates": [ 639.0, 1235.0 ] } },
{ "type": "Feature", "properties": { "id": 412, "type": 13, "existence": true }, "geometry": { "type": "Point", "coordinates": [ 641.0, 1735.0 ] } },
{ "type": "Feature", "properties": { "id": 413, "type": 13, "existence": true }, "geometry": { "type": "Point", "coordinates": [ 656.0, 657.0 ] } },
{ "type": "Feature", "properties": { "id": 414, "type": 13, "existence": true }, "geometry": { "type": "Point", "coordinates": [ 659.0, 530.0 ] } },
{ "type": "Feature", "properties": { "id": 415, "type": 13, "existence": true }, "geometry": { "type": "Point", "coordinates": [ 662.0, 781.0 ] } },
{ "type": "Feature", "properties": { "id": 416, "type": 13, "existence": true }, "geometry": { "type": "Point", "coordinates": [ 668.0, 1870.0 ] } },
{ "type": "Feature", "properties": { "id": 417, "type": 13, "existence": true }, "geometry": { "type": "Point", "coordinates": [ 674.0, 1901.0 ] } },
{ "type": "Feature", "properties": { "id": 418, "type": 13, "existence": true }, "geometry": { "type": "Point", "coordinates": [ 674.0, 1901.0 ] } },
{ "type": "Feature", "properties": { "id": 419, "type": 13, "existence": true }, "geometry": { "type": "Point", "coordinates": [ 691.0, 0.0 ] } },
{ "type": "Feature", "properties": { "id": 420, "type": 13, "existence": true }, "geometry": { "type": "Point", "coordinates": [ 724.0, 1984.0 ] } },
{ "type": "Feature", "properties": { "id": 421, "type": 13, "existence": true }, "geometry": { "type": "Point", "coordinates": [ 724.0, 1984.0 ] } },
{ "type": "Feature", "properties": { "id": 422, "type": 13, "existence": true }, "geometry": { "type": "Point", "coordinates": [ 726.0, 83.0 ] } },
{ "type": "Feature", "properties": { "id": 423, "type": 13, "existence": true }, "geometry": { "type": "Point", "coordinates": [ 737.0, 2072.0 ] } },
{ "type": "Feature", "properties": { "id": 424, "type": 13, "existence": true }, "geometry": { "type": "Point", "coordinates": [ 745.0, 139.0 ] } },
{ "type": "Feature", "properties": { "id": 425, "type": 13, "existence": true }, "geometry": { "type": "Point", "coordinates": [ 749.0, 6.0 ] } },
{ "type": "Feature", "properties": { "id": 426, "type": 13, "existence": true }, "geometry": { "type": "Point", "coordinates": [ 827.0, 1228.0 ] } },
{ "type": "Feature", "properties": { "id": 427, "type": 13, "existence": true }, "geometry": { "type": "Point", "coordinates": [ 834.0, 1421.0 ] } },
{ "type": "Feature", "properties": { "id": 428, "type": 13, "existence": true }, "geometry": { "type": "Point", "coordinates": [ 838.0, 1533.0 ] } },
{ "type": "Feature", "properties": { "id": 429, "type": 13, "existence": true }, "geometry": { "type": "Point", "coordinates": [ 838.0, 1533.0 ] } },
{ "type": "Feature", "properties": { "id": 430, "type": 13, "existence": true }, "geometry": { "type": "Point", "coordinates": [ 838.0, 1622.0 ] } },
{ "type": "Feature", "properties": { "id": 431, "type": 13, "existence": true }, "geometry": { "type": "Point", "coordinates": [ 841.0, 1621.0 ] } },
{ "type": "Feature", "properties": { "id": 432, "type": 13, "existence": true }, "geometry": { "type": "Point", "coordinates": [ 841.0, 1682.0 ] } },
{ "type": "Feature", "properties": { "id": 433, "type": 13, "existence": true }, "geometry": { "type": "Point", "coordinates": [ 843.0, 1682.0 ] } },
{ "type": "Feature", "properties": { "id": 434, "type": 13, "existence": true }, "geometry": { "type": "Point", "coordinates": [ 848.0, 1816.0 ] } },
{ "type": "Feature", "properties": { "id": 435, "type": 13, "existence": true }, "geometry": { "type": "Point", "coordinates": [ 849.0, 1816.0 ] } },
{ "type": "Feature", "properties": { "id": 436, "type": 13, "existence": true }, "geometry": { "type": "Point", "coordinates": [ 849.0, 1847.0 ] } },
{ "type": "Feature", "properties": { "id": 437, "type": 13, "existence": true }, "geometry": { "type": "Point", "coordinates": [ 850.0, 1886.0 ] } },
{ "type": "Feature", "properties": { "id": 438, "type": 13, "existence": true }, "geometry": { "type": "Point", "coordinates": [ 850.0, 1886.0 ] } },
{ "type": "Feature", "properties": { "id": 439, "type": 13, "existence": true }, "geometry": { "type": "Point", "coordinates": [ 852.0, 1074.0 ] } },
{ "type": "Feature", "properties": { "id": 440, "type": 13, "existence": true }, "geometry": { "type": "Point", "coordinates": [ 853.0, 1965.0 ] } },
{ "type": "Feature", "properties": { "id": 441, "type": 13, "existence": true }, "geometry": { "type": "Point", "coordinates": [ 854.0, 1990.0 ] } },
{ "type": "Feature", "properties": { "id": 442, "type": 13, "existence": true }, "geometry": { "type": "Point", "coordinates": [ 854.0, 1990.0 ] } },
{ "type": "Feature", "properties": { "id": 443, "type": 13, "existence": true }, "geometry": { "type": "Point", "coordinates": [ 857.0, 2067.0 ] } },
{ "type": "Feature", "properties": { "id": 444, "type": 13, "existence": true }, "geometry": { "type": "Point", "coordinates": [ 857.0, 2067.0 ] } },
{ "type": "Feature", "properties": { "id": 445, "type": 13, "existence": true }, "geometry": { "type": "Point", "coordinates": [ 858.0, 2098.0 ] } },
{ "type": "Feature", "properties": { "id": 446, "type": 13, "existence": true }, "geometry": { "type": "Point", "coordinates": [ 863.0, 2250.0 ] } },
{ "type": "Feature", "properties": { "id": 447, "type": 13, "existence": true }, "geometry": { "type": "Point", "coordinates": [ 865.0, 2316.0 ] } },
{ "type": "Feature", "properties": { "id": 448, "type": 13, "existence": true }, "geometry": { "type": "Point", "coordinates": [ 872.0, 2503.0 ] } },
{ "type": "Feature", "properties": { "id": 449, "type": 13, "existence": true }, "geometry": { "type": "Point", "coordinates": [ 875.0, 1073.0 ] } },
{ "type": "Feature", "properties": { "id": 450, "type": 13, "existence": true }, "geometry": { "type": "Point", "coordinates": [ 875.0, 2589.0 ] } },
{ "type": "Feature", "properties": { "id": 451, "type": 13, "existence": true }, "geometry": { "type": "Point", "coordinates": [ 876.0, 2503.0 ] } },
{ "type": "Feature", "properties": { "id": 452, "type": 13, "existence": true }, "geometry": { "type": "Point", "coordinates": [ 878.0, 18.0 ] } },
{ "type": "Feature", "properties": { "id": 453, "type": 13, "existence": true }, "geometry": { "type": "Point", "coordinates": [ 878.0, 18.0 ] } },
{ "type": "Feature", "properties": { "id": 454, "type": 13, "existence": true }, "geometry": { "type": "Point", "coordinates": [ 892.0, 140.0 ] } },
{ "type": "Feature", "properties": { "id": 455, "type": 13, "existence": true }, "geometry": { "type": "Point", "coordinates": [ 894.0, 140.0 ] } },
{ "type": "Feature", "properties": { "id": 456, "type": 13, "existence": true }, "geometry": { "type": "Point", "coordinates": [ 912.0, 952.0 ] } },
{ "type": "Feature", "properties": { "id": 457, "type": 13, "existence": true }, "geometry": { "type": "Point", "coordinates": [ 914.0, 952.0 ] } },
{ "type": "Feature", "properties": { "id": 458, "type": 13, "existence": true }, "geometry": { "type": "Point", "coordinates": [ 921.0, 354.0 ] } },
{ "type": "Feature", "properties": { "id": 459, "type": 13, "existence": true }, "geometry": { "type": "Point", "coordinates": [ 931.0, 2097.0 ] } },
{ "type": "Feature", "properties": { "id": 460, "type": 13, "existence": true }, "geometry": { "type": "Point", "coordinates": [ 932.0, 1415.0 ] } },
{ "type": "Feature", "properties": { "id": 461, "type": 13, "existence": true }, "geometry": { "type": "Point", "coordinates": [ 932.0, 1415.0 ] } },
{ "type": "Feature", "properties": { "id": 462, "type": 13, "existence": true }, "geometry": { "type": "Point", "coordinates": [ 933.0, 514.0 ] } },
{ "type": "Feature", "properties": { "id": 463, "type": 13, "existence": true }, "geometry": { "type": "Point", "coordinates": [ 934.0, 2248.0 ] } },
{ "type": "Feature", "properties": { "id": 464, "type": 13, "existence": true }, "geometry": { "type": "Point", "coordinates": [ 940.0, 1509.0 ] } },
{ "type": "Feature", "properties": { "id": 465, "type": 13, "existence": true }, "geometry": { "type": "Point", "coordinates": [ 945.0, 620.0 ] } },
{ "type": "Feature", "properties": { "id": 466, "type": 13, "existence": true }, "geometry": { "type": "Point", "coordinates": [ 945.0, 621.0 ] } },
{ "type": "Feature", "properties": { "id": 467, "type": 13, "existence": true }, "geometry": { "type": "Point", "coordinates": [ 947.0, 838.0 ] } },
{ "type": "Feature", "properties": { "id": 468, "type": 13, "existence": true }, "geometry": { "type": "Point", "coordinates": [ 1001.0, 1665.0 ] } },
{ "type": "Feature", "properties": { "id": 469, "type": 13, "existence": true }, "geometry": { "type": "Point", "coordinates": [ 1017.0, 1794.0 ] } },
{ "type": "Feature", "properties": { "id": 470, "type": 13, "existence": true }, "geometry": { "type": "Point", "coordinates": [ 1021.0, 1410.0 ] } },
{ "type": "Feature", "properties": { "id": 471, "type": 13, "existence": true }, "geometry": { "type": "Point", "coordinates": [ 1022.0, 1220.0 ] } },
{ "type": "Feature", "properties": { "id": 472, "type": 13, "existence": true }, "geometry": { "type": "Point", "coordinates": [ 1029.0, 1491.0 ] } },
{ "type": "Feature", "properties": { "id": 473, "type": 13, "existence": true }, "geometry": { "type": "Point", "coordinates": [ 1029.0, 1492.0 ] } },
{ "type": "Feature", "properties": { "id": 474, "type": 13, "existence": true }, "geometry": { "type": "Point", "coordinates": [ 1122.0, 132.0 ] } },
{ "type": "Feature", "properties": { "id": 475, "type": 13, "existence": true }, "geometry": { "type": "Point", "coordinates": [ 1141.0, 441.0 ] } },
{ "type": "Feature", "properties": { "id": 476, "type": 13, "existence": true }, "geometry": { "type": "Point", "coordinates": [ 1143.0, 502.0 ] } },
{ "type": "Feature", "properties": { "id": 477, "type": 13, "existence": true }, "geometry": { "type": "Point", "coordinates": [ 1153.0, 1803.0 ] } },
{ "type": "Feature", "properties": { "id": 478, "type": 13, "existence": true }, "geometry": { "type": "Point", "coordinates": [ 1155.0, 1837.0 ] } },
{ "type": "Feature", "properties": { "id": 479, "type": 13, "existence": true }, "geometry": { "type": "Point", "coordinates": [ 1157.0, 1776.0 ] } },
{ "type": "Feature", "properties": { "id": 480, "type": 13, "existence": true }, "geometry": { "type": "Point", "coordinates": [ 1161.0, 1776.0 ] } },
{ "type": "Feature", "properties": { "id": 481, "type": 13, "existence": true }, "geometry": { "type": "Point", "coordinates": [ 1161.0, 1950.0 ] } },
{ "type": "Feature", "properties": { "id": 482, "type": 13, "existence": true }, "geometry": { "type": "Point", "coordinates": [ 1162.0, 1984.0 ] } },
{ "type": "Feature", "properties": { "id": 483, "type": 13, "existence": true }, "geometry": { "type": "Point", "coordinates": [ 1168.0, 2089.0 ] } },
{ "type": "Feature", "properties": { "id": 484, "type": 13, "existence": true }, "geometry": { "type": "Point", "coordinates": [ 1175.0, 2241.0 ] } },
{ "type": "Feature", "properties": { "id": 485, "type": 13, "existence": true }, "geometry": { "type": "Point", "coordinates": [ 1176.0, 2308.0 ] } },
{ "type": "Feature", "properties": { "id": 486, "type": 13, "existence": true }, "geometry": { "type": "Point", "coordinates": [ 1178.0, 2493.0 ] } },
{ "type": "Feature", "properties": { "id": 487, "type": 13, "existence": true }, "geometry": { "type": "Point", "coordinates": [ 1181.0, 1628.0 ] } },
{ "type": "Feature", "properties": { "id": 488, "type": 13, "existence": true }, "geometry": { "type": "Point", "coordinates": [ 1181.0, 1628.0 ] } },
{ "type": "Feature", "properties": { "id": 489, "type": 13, "existence": true }, "geometry": { "type": "Point", "coordinates": [ 1196.0, 1538.0 ] } },
{ "type": "Feature", "properties": { "id": 490, "type": 13, "existence": true }, "geometry": { "type": "Point", "coordinates": [ 1196.0, 1538.0 ] } },
{ "type": "Feature", "properties": { "id": 491, "type": 13, "existence": true }, "geometry": { "type": "Point", "coordinates": [ 1209.0, 1452.0 ] } },
{ "type": "Feature", "properties": { "id": 492, "type": 13, "existence": true }, "geometry": { "type": "Point", "coordinates": [ 1230.0, 837.0 ] } },
{ "type": "Feature", "properties": { "id": 493, "type": 13, "existence": true }, "geometry": { "type": "Point", "coordinates": [ 1230.0, 836.0 ] } },
{ "type": "Feature", "properties": { "id": 494, "type": 13, "existence": true }, "geometry": { "type": "Point", "coordinates": [ 1248.0, 1211.0 ] } },
{ "type": "Feature", "properties": { "id": 495, "type": 13, "existence": true }, "geometry": { "type": "Point", "coordinates": [ 1253.0, 581.0 ] } },
{ "type": "Feature", "properties": { "id": 496, "type": 13, "existence": true }, "geometry": { "type": "Point", "coordinates": [ 1254.0, 1619.0 ] } },
{ "type": "Feature", "properties": { "id": 497, "type": 13, "existence": true }, "geometry": { "type": "Point", "coordinates": [ 1255.0, 1821.0 ] } },
{ "type": "Feature", "properties": { "id": 498, "type": 13, "existence": true }, "geometry": { "type": "Point", "coordinates": [ 1257.0, 1527.0 ] } },
{ "type": "Feature", "properties": { "id": 499, "type": 13, "existence": true }, "geometry": { "type": "Point", "coordinates": [ 1257.0, 1525.0 ] } },
{ "type": "Feature", "properties": { "id": 500, "type": 13, "existence": true }, "geometry": { "type": "Point", "coordinates": [ 1261.0, 1060.0 ] } },
{ "type": "Feature", "properties": { "id": 501, "type": 13, "existence": true }, "geometry": { "type": "Point", "coordinates": [ 1261.0, 1060.0 ] } },
{ "type": "Feature", "properties": { "id": 502, "type": 13, "existence": true }, "geometry": { "type": "Point", "coordinates": [ 1262.0, 1937.0 ] } },
{ "type": "Feature", "properties": { "id": 503, "type": 13, "existence": true }, "geometry": { "type": "Point", "coordinates": [ 1265.0, 112.0 ] } },
{ "type": "Feature", "properties": { "id": 504, "type": 13, "existence": true }, "geometry": { "type": "Point", "coordinates": [ 1268.0, 2022.0 ] } },
{ "type": "Feature", "properties": { "id": 505, "type": 13, "existence": true }, "geometry": { "type": "Point", "coordinates": [ 1270.0, 951.0 ] } },
{ "type": "Feature", "properties": { "id": 506, "type": 13, "existence": true }, "geometry": { "type": "Point", "coordinates": [ 1272.0, 2086.0 ] } },
{ "type": "Feature", "properties": { "id": 507, "type": 13, "existence": true }, "geometry": { "type": "Point", "coordinates": [ 1272.0, 2087.0 ] } },
{ "type": "Feature", "properties": { "id": 508, "type": 13, "existence": true }, "geometry": { "type": "Point", "coordinates": [ 1274.0, 55.0 ] } },
{ "type": "Feature", "properties": { "id": 509, "type": 13, "existence": true }, "geometry": { "type": "Point", "coordinates": [ 1274.0, 55.0 ] } },
{ "type": "Feature", "properties": { "id": 510, "type": 13, "existence": true }, "geometry": { "type": "Point", "coordinates": [ 1276.0, 2581.0 ] } },
{ "type": "Feature", "properties": { "id": 511, "type": 13, "existence": true }, "geometry": { "type": "Point", "coordinates": [ 1277.0, 1441.0 ] } },
{ "type": "Feature", "properties": { "id": 512, "type": 13, "existence": true }, "geometry": { "type": "Point", "coordinates": [ 1280.0, 836.0 ] } },
{ "type": "Feature", "properties": { "id": 513, "type": 13, "existence": true }, "geometry": { "type": "Point", "coordinates": [ 1282.0, 806.0 ] } },
{ "type": "Feature", "properties": { "id": 514, "type": 13, "existence": true }, "geometry": { "type": "Point", "coordinates": [ 1282.0, 806.0 ] } },
{ "type": "Feature", "properties": { "id": 515, "type": 13, "existence": true }, "geometry": { "type": "Point", "coordinates": [ 1294.0, 836.0 ] } },
{ "type": "Feature", "properties": { "id": 516, "type": 13, "existence": true }, "geometry": { "type": "Point", "coordinates": [ 1302.0, 576.0 ] } },
{ "type": "Feature", "properties": { "id": 517, "type": 13, "existence": true }, "geometry": { "type": "Point", "coordinates": [ 1309.0, 480.0 ] } },
{ "type": "Feature", "properties": { "id": 518, "type": 13, "existence": true }, "geometry": { "type": "Point", "coordinates": [ 1310.0, 480.0 ] } },
{ "type": "Feature", "properties": { "id": 519, "type": 13, "existence": true }, "geometry": { "type": "Point", "coordinates": [ 1312.0, 1931.0 ] } },
{ "type": "Feature", "properties": { "id": 520, "type": 13, "existence": true }, "geometry": { "type": "Point", "coordinates": [ 1312.0, 1930.0 ] } },
{ "type": "Feature", "properties": { "id": 521, "type": 13, "existence": true }, "geometry": { "type": "Point", "coordinates": [ 1314.0, 434.0 ] } },
{ "type": "Feature", "properties": { "id": 522, "type": 13, "existence": true }, "geometry": { "type": "Point", "coordinates": [ 1319.0, 1811.0 ] } },
{ "type": "Feature", "properties": { "id": 523, "type": 13, "existence": true }, "geometry": { "type": "Point", "coordinates": [ 1321.0, 348.0 ] } },
{ "type": "Feature", "properties": { "id": 524, "type": 13, "existence": true }, "geometry": { "type": "Point", "coordinates": [ 1328.0, 261.0 ] } },
{ "type": "Feature", "properties": { "id": 525, "type": 13, "existence": true }, "geometry": { "type": "Point", "coordinates": [ 1328.0, 261.0 ] } },
{ "type": "Feature", "properties": { "id": 526, "type": 13, "existence": true }, "geometry": { "type": "Point", "coordinates": [ 1329.0, 951.0 ] } },
{ "type": "Feature", "properties": { "id": 527, "type": 13, "existence": true }, "geometry": { "type": "Point", "coordinates": [ 1329.0, 951.0 ] } },
{ "type": "Feature", "properties": { "id": 528, "type": 13, "existence": true }, "geometry": { "type": "Point", "coordinates": [ 1340.0, 120.0 ] } },
{ "type": "Feature", "properties": { "id": 529, "type": 13, "existence": true }, "geometry": { "type": "Point", "coordinates": [ 1345.0, 62.0 ] } },
{ "type": "Feature", "properties": { "id": 530, "type": 13, "existence": true }, "geometry": { "type": "Point", "coordinates": [ 1345.0, 1609.0 ] } },
{ "type": "Feature", "properties": { "id": 531, "type": 13, "existence": true }, "geometry": { "type": "Point", "coordinates": [ 1348.0, 1510.0 ] } },
{ "type": "Feature", "properties": { "id": 532, "type": 13, "existence": true }, "geometry": { "type": "Point", "coordinates": [ 1348.0, 1509.0 ] } },
{ "type": "Feature", "properties": { "id": 533, "type": 13, "existence": true }, "geometry": { "type": "Point", "coordinates": [ 1350.0, 1745.0 ] } },
{ "type": "Feature", "properties": { "id": 534, "type": 13, "existence": true }, "geometry": { "type": "Point", "coordinates": [ 1365.0, 1773.0 ] } },
{ "type": "Feature", "properties": { "id": 535, "type": 13, "existence": true }, "geometry": { "type": "Point", "coordinates": [ 1366.0, 1803.0 ] } },
{ "type": "Feature", "properties": { "id": 536, "type": 13, "existence": true }, "geometry": { "type": "Point", "coordinates": [ 1366.0, 832.0 ] } },
{ "type": "Feature", "properties": { "id": 537, "type": 13, "existence": true }, "geometry": { "type": "Point", "coordinates": [ 1366.0, 1803.0 ] } },
{ "type": "Feature", "properties": { "id": 538, "type": 13, "existence": true }, "geometry": { "type": "Point", "coordinates": [ 1369.0, 1923.0 ] } },
{ "type": "Feature", "properties": { "id": 539, "type": 13, "existence": true }, "geometry": { "type": "Point", "coordinates": [ 1372.0, 2016.0 ] } },
{ "type": "Feature", "properties": { "id": 540, "type": 13, "existence": true }, "geometry": { "type": "Point", "coordinates": [ 1372.0, 2016.0 ] } },
{ "type": "Feature", "properties": { "id": 541, "type": 13, "existence": true }, "geometry": { "type": "Point", "coordinates": [ 1374.0, 2084.0 ] } },
{ "type": "Feature", "properties": { "id": 542, "type": 13, "existence": true }, "geometry": { "type": "Point", "coordinates": [ 1379.0, 2237.0 ] } },
{ "type": "Feature", "properties": { "id": 543, "type": 13, "existence": true }, "geometry": { "type": "Point", "coordinates": [ 1381.0, 2303.0 ] } },
{ "type": "Feature", "properties": { "id": 544, "type": 13, "existence": true }, "geometry": { "type": "Point", "coordinates": [ 1385.0, 2436.0 ] } },
{ "type": "Feature", "properties": { "id": 545, "type": 13, "existence": true }, "geometry": { "type": "Point", "coordinates": [ 1400.0, 67.0 ] } },
{ "type": "Feature", "properties": { "id": 546, "type": 13, "existence": true }, "geometry": { "type": "Point", "coordinates": [ 1410.0, 798.0 ] } },
{ "type": "Feature", "properties": { "id": 547, "type": 13, "existence": true }, "geometry": { "type": "Point", "coordinates": [ 1414.0, 127.0 ] } },
{ "type": "Feature", "properties": { "id": 548, "type": 13, "existence": true }, "geometry": { "type": "Point", "coordinates": [ 1420.0, 70.0 ] } },
{ "type": "Feature", "properties": { "id": 549, "type": 13, "existence": true }, "geometry": { "type": "Point", "coordinates": [ 1420.0, 70.0 ] } },
{ "type": "Feature", "properties": { "id": 550, "type": 13, "existence": true }, "geometry": { "type": "Point", "coordinates": [ 1427.0, 562.0 ] } },
{ "type": "Feature", "properties": { "id": 551, "type": 13, "existence": true }, "geometry": { "type": "Point", "coordinates": [ 1427.0, 562.0 ] } },
{ "type": "Feature", "properties": { "id": 552, "type": 13, "existence": true }, "geometry": { "type": "Point", "coordinates": [ 1442.0, 1731.0 ] } },
{ "type": "Feature", "properties": { "id": 553, "type": 13, "existence": true }, "geometry": { "type": "Point", "coordinates": [ 1442.0, 1731.0 ] } },
{ "type": "Feature", "properties": { "id": 554, "type": 13, "existence": true }, "geometry": { "type": "Point", "coordinates": [ 1446.0, 827.0 ] } },
{ "type": "Feature", "properties": { "id": 555, "type": 13, "existence": true }, "geometry": { "type": "Point", "coordinates": [ 1446.0, 827.0 ] } },
{ "type": "Feature", "properties": { "id": 556, "type": 13, "existence": true }, "geometry": { "type": "Point", "coordinates": [ 1457.0, 559.0 ] } },
{ "type": "Feature", "properties": { "id": 557, "type": 13, "existence": true }, "geometry": { "type": "Point", "coordinates": [ 1457.0, 558.0 ] } },
{ "type": "Feature", "properties": { "id": 558, "type": 13, "existence": true }, "geometry": { "type": "Point", "coordinates": [ 1460.0, 1489.0 ] } },
{ "type": "Feature", "properties": { "id": 559, "type": 13, "existence": true }, "geometry": { "type": "Point", "coordinates": [ 1460.0, 1488.0 ] } },
{ "type": "Feature", "properties": { "id": 560, "type": 13, "existence": true }, "geometry": { "type": "Point", "coordinates": [ 1466.0, 466.0 ] } },
{ "type": "Feature", "properties": { "id": 561, "type": 13, "existence": true }, "geometry": { "type": "Point", "coordinates": [ 1466.0, 466.0 ] } },
{ "type": "Feature", "properties": { "id": 562, "type": 13, "existence": true }, "geometry": { "type": "Point", "coordinates": [ 1468.0, 428.0 ] } },
{ "type": "Feature", "properties": { "id": 563, "type": 13, "existence": true }, "geometry": { "type": "Point", "coordinates": [ 1468.0, 428.0 ] } },
{ "type": "Feature", "properties": { "id": 564, "type": 13, "existence": true }, "geometry": { "type": "Point", "coordinates": [ 1472.0, 345.0 ] } },
{ "type": "Feature", "properties": { "id": 565, "type": 13, "existence": true }, "geometry": { "type": "Point", "coordinates": [ 1478.0, 203.0 ] } },
{ "type": "Feature", "properties": { "id": 566, "type": 13, "existence": true }, "geometry": { "type": "Point", "coordinates": [ 1555.0, 1469.0 ] } },
{ "type": "Feature", "properties": { "id": 567, "type": 13, "existence": true }, "geometry": { "type": "Point", "coordinates": [ 1555.0, 1471.0 ] } },
{ "type": "Feature", "properties": { "id": 568, "type": 13, "existence": true }, "geometry": { "type": "Point", "coordinates": [ 1569.0, 1710.0 ] } },
{ "type": "Feature", "properties": { "id": 569, "type": 13, "existence": true }, "geometry": { "type": "Point", "coordinates": [ 1570.0, 1744.0 ] } },
{ "type": "Feature", "properties": { "id": 570, "type": 13, "existence": true }, "geometry": { "type": "Point", "coordinates": [ 1589.0, 2078.0 ] } },
{ "type": "Feature", "properties": { "id": 571, "type": 13, "existence": true }, "geometry": { "type": "Point", "coordinates": [ 1598.0, 2232.0 ] } },
{ "type": "Feature", "properties": { "id": 572, "type": 13, "existence": true }, "geometry": { "type": "Point", "coordinates": [ 1598.0, 2232.0 ] } },
{ "type": "Feature", "properties": { "id": 573, "type": 13, "existence": true }, "geometry": { "type": "Point", "coordinates": [ 1602.0, 2298.0 ] } },
{ "type": "Feature", "properties": { "id": 574, "type": 13, "existence": true }, "geometry": { "type": "Point", "coordinates": [ 1602.0, 2298.0 ] } },
{ "type": "Feature", "properties": { "id": 575, "type": 13, "existence": true }, "geometry": { "type": "Point", "coordinates": [ 1606.0, 2375.0 ] } },
{ "type": "Feature", "properties": { "id": 576, "type": 13, "existence": true }, "geometry": { "type": "Point", "coordinates": [ 1616.0, 950.0 ] } },
{ "type": "Feature", "properties": { "id": 577, "type": 13, "existence": true }, "geometry": { "type": "Point", "coordinates": [ 1616.0, 950.0 ] } },
{ "type": "Feature", "properties": { "id": 578, "type": 13, "existence": true }, "geometry": { "type": "Point", "coordinates": [ 1620.0, 1361.0 ] } },
{ "type": "Feature", "properties": { "id": 579, "type": 13, "existence": true }, "geometry": { "type": "Point", "coordinates": [ 1620.0, 816.0 ] } },
{ "type": "Feature", "properties": { "id": 580, "type": 13, "existence": true }, "geometry": { "type": "Point", "coordinates": [ 1629.0, 541.0 ] } },
{ "type": "Feature", "properties": { "id": 581, "type": 13, "existence": true }, "geometry": { "type": "Point", "coordinates": [ 1636.0, 450.0 ] } },
{ "type": "Feature", "properties": { "id": 582, "type": 13, "existence": true }, "geometry": { "type": "Point", "coordinates": [ 1642.0, 950.0 ] } },
{ "type": "Feature", "properties": { "id": 583, "type": 13, "existence": true }, "geometry": { "type": "Point", "coordinates": [ 1642.0, 1394.0 ] } },
{ "type": "Feature", "properties": { "id": 584, "type": 13, "existence": true }, "geometry": { "type": "Point", "coordinates": [ 1644.0, 342.0 ] } },
{ "type": "Feature", "properties": { "id": 585, "type": 13, "existence": true }, "geometry": { "type": "Point", "coordinates": [ 1644.0, 342.0 ] } },
{ "type": "Feature", "properties": { "id": 586, "type": 13, "existence": true }, "geometry": { "type": "Point", "coordinates": [ 1644.0, 815.0 ] } },
{ "type": "Feature", "properties": { "id": 587, "type": 13, "existence": true }, "geometry": { "type": "Point", "coordinates": [ 1652.0, 539.0 ] } },
{ "type": "Feature", "properties": { "id": 588, "type": 13, "existence": true }, "geometry": { "type": "Point", "coordinates": [ 1654.0, 484.0 ] } },
{ "type": "Feature", "properties": { "id": 589, "type": 13, "existence": true }, "geometry": { "type": "Point", "coordinates": [ 1655.0, 2476.0 ] } },
{ "type": "Feature", "properties": { "id": 590, "type": 13, "existence": true }, "geometry": { "type": "Point", "coordinates": [ 1660.0, 2361.0 ] } },
{ "type": "Feature", "properties": { "id": 591, "type": 13, "existence": true }, "geometry": { "type": "Point", "coordinates": [ 1663.0, 370.0 ] } },
{ "type": "Feature", "properties": { "id": 592, "type": 13, "existence": true }, "geometry": { "type": "Point", "coordinates": [ 1663.0, 1695.0 ] } },
{ "type": "Feature", "properties": { "id": 593, "type": 13, "existence": true }, "geometry": { "type": "Point", "coordinates": [ 1664.0, 1695.0 ] } },
{ "type": "Feature", "properties": { "id": 594, "type": 13, "existence": true }, "geometry": { "type": "Point", "coordinates": [ 1666.0, 1731.0 ] } },
{ "type": "Feature", "properties": { "id": 595, "type": 13, "existence": true }, "geometry": { "type": "Point", "coordinates": [ 1669.0, 342.0 ] } },
{ "type": "Feature", "properties": { "id": 596, "type": 13, "existence": true }, "geometry": { "type": "Point", "coordinates": [ 1682.0, 198.0 ] } },
{ "type": "Feature", "properties": { "id": 597, "type": 13, "existence": true }, "geometry": { "type": "Point", "coordinates": [ 1683.0, 2075.0 ] } },
{ "type": "Feature", "properties": { "id": 598, "type": 13, "existence": true }, "geometry": { "type": "Point", "coordinates": [ 1704.0, 116.0 ] } },
{ "type": "Feature", "properties": { "id": 599, "type": 13, "existence": true }, "geometry": { "type": "Point", "coordinates": [ 1704.0, 115.0 ] } },
{ "type": "Feature", "properties": { "id": 600, "type": 13, "existence": true }, "geometry": { "type": "Point", "coordinates": [ 1711.0, 155.0 ] } },
{ "type": "Feature", "properties": { "id": 601, "type": 13, "existence": true }, "geometry": { "type": "Point", "coordinates": [ 1724.0, 119.0 ] } },
{ "type": "Feature", "properties": { "id": 602, "type": 1, "existence": true }, "geometry": { "type": "Polygon", "coordinates": [ [ [ 86.0, 2021.0 ], [ 0.0, 2606.0 ], [ 55.0, 2605.0 ], [ 96.0, 2335.0 ], [ 139.0, 2053.0 ], [ 148.0, 2002.0 ], [ 152.0, 1977.0 ], [ 186.0, 1763.0 ], [ 213.0, 1632.0 ], [ 240.0, 1251.0 ], [ 297.0, 1095.0 ], [ 459.0, 840.0 ], [ 592.0, 644.0 ], [ 617.0, 598.0 ], [ 726.0, 83.0 ], [ 749.0, 6.0 ], [ 691.0, 0.0 ], [ 571.0, 569.0 ], [ 543.0, 637.0 ], [ 422.0, 795.0 ], [ 271.0, 992.0 ], [ 212.0, 1147.0 ], [ 182.0, 1315.0 ], [ 140.0, 1644.0 ], [ 86.0, 2021.0 ] ] ] } },
{ "type": "Feature", "properties": { "id": 603, "type": 1, "existence": true }, "geometry": { "type": "Polygon", "coordinates": [ [ [ 1644.0, 815.0 ], [ 1620.0, 816.0 ], [ 1616.0, 950.0 ], [ 1616.0, 950.0 ], [ 1642.0, 950.0 ], [ 1644.0, 815.0 ] ] ] } },
{ "type": "Feature", "properties": { "id": 604, "type": 1, "existence": true }, "geometry": { "type": "Polygon", "coordinates": [ [ [ 1620.0, 816.0 ], [ 1644.0, 815.0 ], [ 1654.0, 484.0 ], [ 1663.0, 370.0 ], [ 1711.0, 155.0 ], [ 1724.0, 119.0 ], [ 1704.0, 116.0 ], [ 1644.0, 342.0 ], [ 1644.0, 342.0 ], [ 1636.0, 450.0 ], [ 1466.0, 466.0 ], [ 1310.0, 480.0 ], [ 1302.0, 576.0 ], [ 1427.0, 562.0 ], [ 1457.0, 559.0 ], [ 1629.0, 541.0 ], [ 1620.0, 816.0 ] ] ] } },
{ "type": "Feature", "properties": { "id": 605, "type": 1, "existence": true }, "geometry": { "type": "Polygon", "coordinates": [ [ [ 1620.0, 816.0 ], [ 1446.0, 827.0 ], [ 1294.0, 836.0 ], [ 1280.0, 836.0 ], [ 1270.0, 951.0 ], [ 1329.0, 951.0 ], [ 1616.0, 950.0 ], [ 1616.0, 950.0 ], [ 1620.0, 816.0 ] ] ] } },
{ "type": "Feature", "properties": { "id": 606, "type": 1, "existence": true }, "geometry": { "type": "Polygon", "coordinates": [ [ [ 1446.0, 827.0 ], [ 1620.0, 816.0 ], [ 1629.0, 541.0 ], [ 1457.0, 559.0 ], [ 1446.0, 827.0 ] ] ] } },
{ "type": "Feature", "properties": { "id": 607, "type": 1, "existence": true }, "geometry": { "type": "Polygon", "coordinates": [ [ [ 1294.0, 836.0 ], [ 1446.0, 827.0 ], [ 1457.0, 559.0 ], [ 1427.0, 562.0 ], [ 1410.0, 798.0 ], [ 1282.0, 806.0 ], [ 1280.0, 836.0 ], [ 1294.0, 836.0 ] ] ] } },
{ "type": "Feature", "properties": { "id": 608, "type": 1, "existence": true }, "geometry": { "type": "Polygon", "coordinates": [ [ [ 1280.0, 836.0 ], [ 1230.0, 836.0 ], [ 947.0, 838.0 ], [ 912.0, 952.0 ], [ 914.0, 952.0 ], [ 1270.0, 951.0 ], [ 1280.0, 836.0 ] ] ] } },
{ "type": "Feature", "properties": { "id": 609, "type": 1, "existence": true }, "geometry": { "type": "Polygon", "coordinates": [ [ [ 1230.0, 836.0 ], [ 1280.0, 836.0 ], [ 1282.0, 806.0 ], [ 1302.0, 576.0 ], [ 1253.0, 581.0 ], [ 1230.0, 836.0 ] ] ] } },
{ "type": "Feature", "properties": { "id": 610, "type": 1, "existence": true }, "geometry": { "type": "Polygon", "coordinates": [ [ [ 947.0, 838.0 ], [ 1230.0, 836.0 ], [ 1253.0, 581.0 ], [ 945.0, 620.0 ], [ 945.0, 621.0 ], [ 947.0, 838.0 ] ] ] } },
{ "type": "Feature", "properties": { "id": 611, "type": 1, "existence": true }, "geometry": { "type": "Polygon", "coordinates": [ [ [ 947.0, 838.0 ], [ 662.0, 781.0 ], [ 656.0, 657.0 ], [ 945.0, 620.0 ], [ 933.0, 514.0 ], [ 659.0, 530.0 ], [ 745.0, 139.0 ], [ 892.0, 140.0 ], [ 878.0, 18.0 ], [ 749.0, 6.0 ], [ 726.0, 83.0 ], [ 617.0, 598.0 ], [ 592.0, 644.0 ], [ 459.0, 840.0 ], [ 297.0, 1095.0 ], [ 240.0, 1251.0 ], [ 303.0, 1249.0 ], [ 354.0, 1093.0 ], [ 447.0, 964.0 ], [ 912.0, 952.0 ], [ 947.0, 838.0 ] ] ] } },
{ "type": "Feature", "properties": { "id": 612, "type": 1, "existence": true }, "geometry": { "type": "Polygon", "coordinates": [ [ [ 662.0, 781.0 ], [ 947.0, 838.0 ], [ 945.0, 621.0 ], [ 945.0, 620.0 ], [ 656.0, 657.0 ], [ 662.0, 781.0 ] ] ] } },
{ "type": "Feature", "properties": { "id": 613, "type": 1, "existence": true }, "geometry": { "type": "Polygon", "coordinates": [ [ [ 1642.0, 950.0 ], [ 1616.0, 950.0 ], [ 1620.0, 1361.0 ], [ 1277.0, 1441.0 ], [ 1329.0, 951.0 ], [ 1329.0, 951.0 ], [ 1270.0, 951.0 ], [ 1261.0, 1060.0 ], [ 1248.0, 1211.0 ], [ 1196.0, 1538.0 ], [ 1196.0, 1538.0 ], [ 1257.0, 1527.0 ], [ 1348.0, 1510.0 ], [ 1460.0, 1489.0 ], [ 1555.0, 1471.0 ], [ 1569.0, 1710.0 ], [ 1663.0, 1695.0 ], [ 1642.0, 1394.0 ], [ 1642.0, 950.0 ] ] ] } },
{ "type": "Feature", "properties": { "id": 614, "type": 1, "existence": true }, "geometry": { "type": "Polygon", "coordinates": [ [ [ 1616.0, 950.0 ], [ 1329.0, 951.0 ], [ 1329.0, 951.0 ], [ 1277.0, 1441.0 ], [ 1620.0, 1361.0 ], [ 1616.0, 950.0 ] ] ] } },
{ "type": "Feature", "properties": { "id": 615, "type": 1, "existence": true }, "geometry": { "type": "Polygon", "coordinates": [ [ [ 1270.0, 951.0 ], [ 914.0, 952.0 ], [ 912.0, 952.0 ], [ 875.0, 1073.0 ], [ 1261.0, 1060.0 ], [ 1270.0, 951.0 ] ] ] } },
{ "type": "Feature", "properties": { "id": 616, "type": 1, "existence": true }, "geometry": { "type": "Polygon", "coordinates": [ [ [ 1274.0, 55.0 ], [ 878.0, 18.0 ], [ 892.0, 140.0 ], [ 894.0, 140.0 ], [ 1122.0, 132.0 ], [ 1328.0, 261.0 ], [ 1328.0, 261.0 ], [ 1340.0, 120.0 ], [ 1265.0, 112.0 ], [ 1274.0, 55.0 ] ] ] } },
{ "type": "Feature", "properties": { "id": 617, "type": 1, "existence": true }, "geometry": { "type": "Polygon", "coordinates": [ [ [ 1400.0, 67.0 ], [ 1274.0, 55.0 ], [ 1265.0, 112.0 ], [ 1340.0, 120.0 ], [ 1414.0, 127.0 ], [ 1420.0, 70.0 ], [ 1400.0, 67.0 ] ] ] } },
{ "type": "Feature", "properties": { "id": 618, "type": 1, "existence": true }, "geometry": { "type": "Polygon", "coordinates": [ [ [ 1704.0, 116.0 ], [ 1420.0, 70.0 ], [ 1414.0, 127.0 ], [ 1340.0, 120.0 ], [ 1328.0, 261.0 ], [ 1478.0, 203.0 ], [ 1472.0, 345.0 ], [ 1644.0, 342.0 ], [ 1644.0, 342.0 ], [ 1704.0, 116.0 ] ] ] } },
{ "type": "Feature", "properties": { "id": 619, "type": 1, "existence": true }, "geometry": { "type": "Polygon", "coordinates": [ [ [ 217.0, 1987.0 ], [ 216.0, 1992.0 ], [ 513.0, 1950.0 ], [ 674.0, 1901.0 ], [ 668.0, 1870.0 ], [ 565.0, 1901.0 ], [ 500.0, 1920.0 ], [ 222.0, 1956.0 ], [ 217.0, 1987.0 ] ] ] } },
{ "type": "Feature", "properties": { "id": 620, "type": 1, "existence": true }, "geometry": { "type": "Polygon", "coordinates": [ [ [ 216.0, 1992.0 ], [ 217.0, 1987.0 ], [ 222.0, 1956.0 ], [ 250.0, 1799.0 ], [ 548.0, 1750.0 ], [ 544.0, 1706.0 ], [ 186.0, 1763.0 ], [ 152.0, 1977.0 ], [ 148.0, 2002.0 ], [ 216.0, 1992.0 ] ] ] } },
{ "type": "Feature", "properties": { "id": 621, "type": 1, "existence": true }, "geometry": { "type": "Polygon", "coordinates": [ [ [ 216.0, 1992.0 ], [ 211.0, 2046.0 ], [ 453.0, 2022.0 ], [ 515.0, 2016.0 ], [ 515.0, 2016.0 ], [ 513.0, 1950.0 ], [ 216.0, 1992.0 ] ] ] } },
{ "type": "Feature", "properties": { "id": 622, "type": 1, "existence": true }, "geometry": { "type": "Polygon", "coordinates": [ [ [ 211.0, 2046.0 ], [ 216.0, 1992.0 ], [ 148.0, 2002.0 ], [ 139.0, 2053.0 ], [ 211.0, 2046.0 ] ] ] } },
{ "type": "Feature", "properties": { "id": 623, "type": 1, "existence": true }, "geometry": { "type": "Polygon", "coordinates": [ [ [ 211.0, 2046.0 ], [ 189.0, 2270.0 ], [ 463.0, 2262.0 ], [ 453.0, 2022.0 ], [ 211.0, 2046.0 ] ] ] } },
{ "type": "Feature", "properties": { "id": 624, "type": 1, "existence": true }, "geometry": { "type": "Polygon", "coordinates": [ [ [ 189.0, 2270.0 ], [ 211.0, 2046.0 ], [ 139.0, 2053.0 ], [ 96.0, 2335.0 ], [ 192.0, 2333.0 ], [ 189.0, 2270.0 ] ] ] } },
{ "type": "Feature", "properties": { "id": 625, "type": 1, "existence": true }, "geometry": { "type": "Polygon", "coordinates": [ [ [ 189.0, 2270.0 ], [ 192.0, 2333.0 ], [ 526.0, 2324.0 ], [ 523.0, 2260.0 ], [ 463.0, 2262.0 ], [ 189.0, 2270.0 ] ] ] } },
{ "type": "Feature", "properties": { "id": 626, "type": 1, "existence": true }, "geometry": { "type": "Polygon", "coordinates": [ [ [ 192.0, 2333.0 ], [ 202.0, 2524.0 ], [ 532.0, 2514.0 ], [ 526.0, 2324.0 ], [ 192.0, 2333.0 ] ] ] } },
{ "type": "Feature", "properties": { "id": 627, "type": 1, "existence": true }, "geometry": { "type": "Polygon", "coordinates": [ [ [ 202.0, 2524.0 ], [ 192.0, 2333.0 ], [ 96.0, 2335.0 ], [ 55.0, 2605.0 ], [ 206.0, 2602.0 ], [ 202.0, 2524.0 ] ] ] } },
{ "type": "Feature", "properties": { "id": 628, "type": 1, "existence": true }, "geometry": { "type": "Polygon", "coordinates": [ [ [ 202.0, 2524.0 ], [ 206.0, 2602.0 ], [ 875.0, 2589.0 ], [ 872.0, 2503.0 ], [ 532.0, 2514.0 ], [ 202.0, 2524.0 ] ] ] } },
{ "type": "Feature", "properties": { "id": 629, "type": 1, "existence": true }, "geometry": { "type": "Polygon", "coordinates": [ [ [ 526.0, 2324.0 ], [ 532.0, 2514.0 ], [ 872.0, 2503.0 ], [ 865.0, 2316.0 ], [ 526.0, 2324.0 ] ] ] } },
{ "type": "Feature", "properties": { "id": 630, "type": 1, "existence": true }, "geometry": { "type": "Polygon", "coordinates": [ [ [ 523.0, 2260.0 ], [ 526.0, 2324.0 ], [ 865.0, 2316.0 ], [ 863.0, 2250.0 ], [ 523.0, 2260.0 ] ] ] } },
{ "type": "Feature", "properties": { "id": 631, "type": 1, "existence": true }, "geometry": { "type": "Polygon", "coordinates": [ [ [ 523.0, 2260.0 ], [ 515.0, 2016.0 ], [ 515.0, 2016.0 ], [ 453.0, 2022.0 ], [ 463.0, 2262.0 ], [ 523.0, 2260.0 ] ] ] } },
{ "type": "Feature", "properties": { "id": 632, "type": 1, "existence": true }, "geometry": { "type": "Polygon", "coordinates": [ [ [ 515.0, 2016.0 ], [ 523.0, 2260.0 ], [ 863.0, 2250.0 ], [ 857.0, 2067.0 ], [ 737.0, 2072.0 ], [ 724.0, 1984.0 ], [ 515.0, 2016.0 ] ] ] } },
{ "type": "Feature", "properties": { "id": 633, "type": 1, "existence": true }, "geometry": { "type": "Polygon", "coordinates": [ [ [ 513.0, 1950.0 ], [ 515.0, 2016.0 ], [ 724.0, 1984.0 ], [ 737.0, 2072.0 ], [ 857.0, 2067.0 ], [ 854.0, 1990.0 ], [ 850.0, 1886.0 ], [ 849.0, 1847.0 ], [ 674.0, 1901.0 ], [ 513.0, 1950.0 ] ] ] } },
{ "type": "Feature", "properties": { "id": 634, "type": 1, "existence": true }, "geometry": { "type": "Polygon", "coordinates": [ [ [ 1655.0, 2476.0 ], [ 1660.0, 2361.0 ], [ 1178.0, 2493.0 ], [ 876.0, 2503.0 ], [ 872.0, 2503.0 ], [ 875.0, 2589.0 ], [ 1276.0, 2581.0 ], [ 1655.0, 2476.0 ] ] ] } },
{ "type": "Feature", "properties": { "id": 635, "type": 1, "existence": true }, "geometry": { "type": "Polygon", "coordinates": [ [ [ 1660.0, 2361.0 ], [ 1683.0, 2075.0 ], [ 1589.0, 2078.0 ], [ 1598.0, 2232.0 ], [ 1602.0, 2298.0 ], [ 1381.0, 2303.0 ], [ 1176.0, 2308.0 ], [ 1178.0, 2493.0 ], [ 1660.0, 2361.0 ] ] ] } },
{ "type": "Feature", "properties": { "id": 636, "type": 1, "existence": true }, "geometry": { "type": "Polygon", "coordinates": [ [ [ 1683.0, 2075.0 ], [ 1666.0, 1731.0 ], [ 1570.0, 1744.0 ], [ 1589.0, 2078.0 ], [ 1683.0, 2075.0 ] ] ] } },
{ "type": "Feature", "properties": { "id": 637, "type": 1, "existence": true }, "geometry": { "type": "Polygon", "coordinates": [ [ [ 1666.0, 1731.0 ], [ 1663.0, 1695.0 ], [ 1569.0, 1710.0 ], [ 1570.0, 1744.0 ], [ 1666.0, 1731.0 ] ] ] } },
{ "type": "Feature", "properties": { "id": 638, "type": 1, "existence": true }, "geometry": { "type": "Polygon", "coordinates": [ [ [ 1381.0, 2303.0 ], [ 1379.0, 2237.0 ], [ 1175.0, 2241.0 ], [ 1176.0, 2308.0 ], [ 1381.0, 2303.0 ] ] ] } },
{ "type": "Feature", "properties": { "id": 639, "type": 1, "existence": true }, "geometry": { "type": "Polygon", "coordinates": [ [ [ 1379.0, 2237.0 ], [ 1381.0, 2303.0 ], [ 1602.0, 2298.0 ], [ 1598.0, 2232.0 ], [ 1379.0, 2237.0 ] ] ] } },
{ "type": "Feature", "properties": { "id": 640, "type": 1, "existence": true }, "geometry": { "type": "Polygon", "coordinates": [ [ [ 1379.0, 2237.0 ], [ 1374.0, 2084.0 ], [ 1272.0, 2086.0 ], [ 1168.0, 2089.0 ], [ 1175.0, 2241.0 ], [ 1379.0, 2237.0 ] ] ] } },
{ "type": "Feature", "properties": { "id": 641, "type": 1, "existence": true }, "geometry": { "type": "Polygon", "coordinates": [ [ [ 1374.0, 2084.0 ], [ 1379.0, 2237.0 ], [ 1598.0, 2232.0 ], [ 1589.0, 2078.0 ], [ 1374.0, 2084.0 ] ] ] } },
{ "type": "Feature", "properties": { "id": 642, "type": 1, "existence": true }, "geometry": { "type": "Polygon", "coordinates": [ [ [ 1374.0, 2084.0 ], [ 1372.0, 2016.0 ], [ 1369.0, 1923.0 ], [ 1312.0, 1930.0 ], [ 1262.0, 1937.0 ], [ 1272.0, 2086.0 ], [ 1374.0, 2084.0 ] ] ] } },
{ "type": "Feature", "properties": { "id": 643, "type": 1, "existence": true }, "geometry": { "type": "Polygon", "coordinates": [ [ [ 1372.0, 2016.0 ], [ 1374.0, 2084.0 ], [ 1589.0, 2078.0 ], [ 1570.0, 1744.0 ], [ 1365.0, 1773.0 ], [ 1366.0, 1803.0 ], [ 1369.0, 1923.0 ], [ 1372.0, 2016.0 ] ] ] } },
{ "type": "Feature", "properties": { "id": 644, "type": 1, "existence": true }, "geometry": { "type": "Polygon", "coordinates": [ [ [ 1369.0, 1923.0 ], [ 1366.0, 1803.0 ], [ 1155.0, 1837.0 ], [ 1161.0, 1950.0 ], [ 1262.0, 1937.0 ], [ 1312.0, 1930.0 ], [ 1369.0, 1923.0 ] ] ] } },
{ "type": "Feature", "properties": { "id": 645, "type": 1, "existence": true }, "geometry": { "type": "Polygon", "coordinates": [ [ [ 1366.0, 1803.0 ], [ 1365.0, 1773.0 ], [ 1153.0, 1803.0 ], [ 1155.0, 1837.0 ], [ 1366.0, 1803.0 ] ] ] } },
{ "type": "Feature", "properties": { "id": 646, "type": 1, "existence": true }, "geometry": { "type": "Polygon", "coordinates": [ [ [ 250.0, 1799.0 ], [ 222.0, 1956.0 ], [ 500.0, 1920.0 ], [ 565.0, 1901.0 ], [ 548.0, 1750.0 ], [ 250.0, 1799.0 ] ] ] } },
{ "type": "Feature", "properties": { "id": 647, "type": 1, "existence": true }, "geometry": { "type": "Polygon", "coordinates": [ [ [ 548.0, 1750.0 ], [ 641.0, 1735.0 ], [ 668.0, 1870.0 ], [ 848.0, 1816.0 ], [ 843.0, 1682.0 ], [ 841.0, 1621.0 ], [ 838.0, 1622.0 ], [ 544.0, 1706.0 ], [ 544.0, 1706.0 ], [ 548.0, 1750.0 ] ] ] } },
{ "type": "Feature", "properties": { "id": 648, "type": 1, "existence": true }, "geometry": { "type": "Polygon", "coordinates": [ [ [ 641.0, 1735.0 ], [ 548.0, 1750.0 ], [ 565.0, 1901.0 ], [ 668.0, 1870.0 ], [ 641.0, 1735.0 ] ] ] } },
{ "type": "Feature", "properties": { "id": 649, "type": 1, "existence": true }, "geometry": { "type": "Polygon", "coordinates": [ [ [ 668.0, 1870.0 ], [ 674.0, 1901.0 ], [ 849.0, 1847.0 ], [ 848.0, 1816.0 ], [ 668.0, 1870.0 ] ] ] } },
{ "type": "Feature", "properties": { "id": 650, "type": 1, "existence": true }, "geometry": { "type": "Polygon", "coordinates": [ [ [ 863.0, 2250.0 ], [ 1175.0, 2241.0 ], [ 1168.0, 2089.0 ], [ 1161.0, 1950.0 ], [ 1155.0, 1837.0 ], [ 850.0, 1886.0 ], [ 854.0, 1990.0 ], [ 857.0, 2067.0 ], [ 863.0, 2250.0 ] ] ] } },
{ "type": "Feature", "properties": { "id": 651, "type": 1, "existence": true }, "geometry": { "type": "Polygon", "coordinates": [ [ [ 1175.0, 2241.0 ], [ 863.0, 2250.0 ], [ 865.0, 2316.0 ], [ 1176.0, 2308.0 ], [ 1175.0, 2241.0 ] ] ] } },
{ "type": "Feature", "properties": { "id": 652, "type": 1, "existence": true }, "geometry": { "type": "Polygon", "coordinates": [ [ [ 1168.0, 2089.0 ], [ 1272.0, 2086.0 ], [ 1262.0, 1937.0 ], [ 1161.0, 1950.0 ], [ 1168.0, 2089.0 ] ] ] } },
{ "type": "Feature", "properties": { "id": 653, "type": 1, "existence": true }, "geometry": { "type": "Polygon", "coordinates": [ [ [ 544.0, 1706.0 ], [ 535.0, 1627.0 ], [ 533.0, 1560.0 ], [ 213.0, 1632.0 ], [ 186.0, 1763.0 ], [ 544.0, 1706.0 ] ] ] } },
{ "type": "Feature", "properties": { "id": 654, "type": 1, "existence": true }, "geometry": { "type": "Polygon", "coordinates": [ [ [ 535.0, 1627.0 ], [ 544.0, 1706.0 ], [ 544.0, 1706.0 ], [ 838.0, 1622.0 ], [ 841.0, 1621.0 ], [ 838.0, 1533.0 ], [ 533.0, 1560.0 ], [ 533.0, 1560.0 ], [ 535.0, 1627.0 ] ] ] } },
{ "type": "Feature", "properties": { "id": 655, "type": 1, "existence": true }, "geometry": { "type": "Polygon", "coordinates": [ [ [ 533.0, 1560.0 ], [ 528.0, 1439.0 ], [ 528.0, 1439.0 ], [ 423.0, 1445.0 ], [ 274.0, 1454.0 ], [ 303.0, 1249.0 ], [ 240.0, 1251.0 ], [ 213.0, 1632.0 ], [ 533.0, 1560.0 ] ] ] } },
{ "type": "Feature", "properties": { "id": 656, "type": 1, "existence": true }, "geometry": { "type": "Polygon", "coordinates": [ [ [ 528.0, 1439.0 ], [ 533.0, 1560.0 ], [ 533.0, 1560.0 ], [ 838.0, 1533.0 ], [ 834.0, 1421.0 ], [ 528.0, 1439.0 ] ] ] } },
{ "type": "Feature", "properties": { "id": 657, "type": 1, "existence": true }, "geometry": { "type": "Polygon", "coordinates": [ [ [ 528.0, 1439.0 ], [ 521.0, 1240.0 ], [ 417.0, 1244.0 ], [ 420.0, 1361.0 ], [ 423.0, 1445.0 ], [ 528.0, 1439.0 ], [ 528.0, 1439.0 ] ] ] } },
{ "type": "Feature", "properties": { "id": 658, "type": 1, "existence": true }, "geometry": { "type": "Polygon", "coordinates": [ [ [ 521.0, 1240.0 ], [ 528.0, 1439.0 ], [ 834.0, 1421.0 ], [ 827.0, 1228.0 ], [ 521.0, 1240.0 ] ] ] } },
{ "type": "Feature", "properties": { "id": 659, "type": 1, "existence": true }, "geometry": { "type": "Polygon", "coordinates": [ [ [ 1178.0, 2493.0 ], [ 1176.0, 2308.0 ], [ 865.0, 2316.0 ], [ 872.0, 2503.0 ], [ 876.0, 2503.0 ], [ 1178.0, 2493.0 ] ] ] } },
{ "type": "Feature", "properties": { "id": 660, "type": 1, "existence": true }, "geometry": { "type": "Polygon", "coordinates": [ [ [ 1155.0, 1837.0 ], [ 1153.0, 1803.0 ], [ 849.0, 1847.0 ], [ 850.0, 1886.0 ], [ 1155.0, 1837.0 ] ] ] } },
{ "type": "Feature", "properties": { "id": 661, "type": 1, "existence": true }, "geometry": { "type": "Polygon", "coordinates": [ [ [ 1153.0, 1803.0 ], [ 1157.0, 1776.0 ], [ 849.0, 1816.0 ], [ 848.0, 1816.0 ], [ 849.0, 1847.0 ], [ 1153.0, 1803.0 ] ] ] } },
{ "type": "Feature", "properties": { "id": 662, "type": 1, "existence": true }, "geometry": { "type": "Polygon", "coordinates": [ [ [ 1157.0, 1776.0 ], [ 1153.0, 1803.0 ], [ 1365.0, 1773.0 ], [ 1570.0, 1744.0 ], [ 1569.0, 1710.0 ], [ 1442.0, 1731.0 ], [ 1161.0, 1776.0 ], [ 1157.0, 1776.0 ] ] ] } },
{ "type": "Feature", "properties": { "id": 663, "type": 1, "existence": true }, "geometry": { "type": "Polygon", "coordinates": [ [ [ 1157.0, 1776.0 ], [ 1181.0, 1628.0 ], [ 1196.0, 1538.0 ], [ 841.0, 1621.0 ], [ 843.0, 1682.0 ], [ 848.0, 1816.0 ], [ 849.0, 1816.0 ], [ 1157.0, 1776.0 ] ] ] } },
{ "type": "Feature", "properties": { "id": 664, "type": 1, "existence": true }, "geometry": { "type": "Polygon", "coordinates": [ [ [ 1181.0, 1628.0 ], [ 1157.0, 1776.0 ], [ 1161.0, 1776.0 ], [ 1442.0, 1731.0 ], [ 1460.0, 1489.0 ], [ 1348.0, 1510.0 ], [ 1345.0, 1609.0 ], [ 1181.0, 1628.0 ] ] ] } },
{ "type": "Feature", "properties": { "id": 665, "type": 1, "existence": true }, "geometry": { "type": "Polygon", "coordinates": [ [ [ 1196.0, 1538.0 ], [ 1181.0, 1628.0 ], [ 1345.0, 1609.0 ], [ 1348.0, 1510.0 ], [ 1257.0, 1527.0 ], [ 1196.0, 1538.0 ], [ 1196.0, 1538.0 ] ] ] } },
{ "type": "Feature", "properties": { "id": 666, "type": 1, "existence": true }, "geometry": { "type": "Polygon", "coordinates": [ [ [ 1196.0, 1538.0 ], [ 1248.0, 1211.0 ], [ 1022.0, 1220.0 ], [ 1021.0, 1410.0 ], [ 1029.0, 1491.0 ], [ 838.0, 1533.0 ], [ 838.0, 1533.0 ], [ 841.0, 1621.0 ], [ 1196.0, 1538.0 ] ] ] } },
{ "type": "Feature", "properties": { "id": 667, "type": 1, "existence": true }, "geometry": { "type": "Polygon", "coordinates": [ [ [ 1248.0, 1211.0 ], [ 1261.0, 1060.0 ], [ 875.0, 1073.0 ], [ 827.0, 1228.0 ], [ 1022.0, 1220.0 ], [ 1248.0, 1211.0 ] ] ] } },
{ "type": "Feature", "properties": { "id": 668, "type": 1, "existence": true }, "geometry": { "type": "Polygon", "coordinates": [ [ [ 1302.0, 576.0 ], [ 1282.0, 806.0 ], [ 1410.0, 798.0 ], [ 1427.0, 562.0 ], [ 1302.0, 576.0 ] ] ] } },
{ "type": "Feature", "properties": { "id": 669, "type": 1, "existence": true }, "geometry": { "type": "Polygon", "coordinates": [ [ [ 1302.0, 576.0 ], [ 1310.0, 480.0 ], [ 1314.0, 434.0 ], [ 1141.0, 441.0 ], [ 1143.0, 502.0 ], [ 933.0, 514.0 ], [ 945.0, 620.0 ], [ 1253.0, 581.0 ], [ 1302.0, 576.0 ] ] ] } },
{ "type": "Feature", "properties": { "id": 670, "type": 1, "existence": true }, "geometry": { "type": "Polygon", "coordinates": [ [ [ 1314.0, 434.0 ], [ 1310.0, 480.0 ], [ 1466.0, 466.0 ], [ 1468.0, 428.0 ], [ 1314.0, 434.0 ] ] ] } },
{ "type": "Feature", "properties": { "id": 671, "type": 1, "existence": true }, "geometry": { "type": "Polygon", "coordinates": [ [ [ 1314.0, 434.0 ], [ 1321.0, 348.0 ], [ 1328.0, 261.0 ], [ 1328.0, 261.0 ], [ 1122.0, 132.0 ], [ 894.0, 140.0 ], [ 892.0, 140.0 ], [ 933.0, 514.0 ], [ 1143.0, 502.0 ], [ 1141.0, 441.0 ], [ 1314.0, 434.0 ] ] ] } },
{ "type": "Feature", "properties": { "id": 672, "type": 1, "existence": true }, "geometry": { "type": "Polygon", "coordinates": [ [ [ 1321.0, 348.0 ], [ 1314.0, 434.0 ], [ 1468.0, 428.0 ], [ 1472.0, 345.0 ], [ 1321.0, 348.0 ] ] ] } },
{ "type": "Feature", "properties": { "id": 673, "type": 1, "existence": true }, "geometry": { "type": "Polygon", "coordinates": [ [ [ 1328.0, 261.0 ], [ 1321.0, 348.0 ], [ 1472.0, 345.0 ], [ 1478.0, 203.0 ], [ 1328.0, 261.0 ] ] ] } },
{ "type": "Feature", "properties": { "id": 674, "type": 1, "existence": true }, "geometry": { "type": "Polygon", "coordinates": [ [ [ 354.0, 1093.0 ], [ 303.0, 1249.0 ], [ 417.0, 1244.0 ], [ 521.0, 1240.0 ], [ 827.0, 1228.0 ], [ 875.0, 1073.0 ], [ 852.0, 1074.0 ], [ 637.0, 1082.0 ], [ 399.0, 1091.0 ], [ 354.0, 1093.0 ] ] ] } },
{ "type": "Feature", "properties": { "id": 675, "type": 1, "existence": true }, "geometry": { "type": "Polygon", "coordinates": [ [ [ 354.0, 1093.0 ], [ 399.0, 1091.0 ], [ 637.0, 1082.0 ], [ 852.0, 1074.0 ], [ 875.0, 1073.0 ], [ 912.0, 952.0 ], [ 447.0, 964.0 ], [ 354.0, 1093.0 ] ] ] } },
{ "type": "Feature", "properties": { "id": 676, "type": 1, "existence": true }, "geometry": { "type": "Polygon", "coordinates": [ [ [ 834.0, 1421.0 ], [ 932.0, 1415.0 ], [ 1021.0, 1410.0 ], [ 1022.0, 1220.0 ], [ 827.0, 1228.0 ], [ 834.0, 1421.0 ] ] ] } },
{ "type": "Feature", "properties": { "id": 677, "type": 1, "existence": true }, "geometry": { "type": "Polygon", "coordinates": [ [ [ 932.0, 1415.0 ], [ 834.0, 1421.0 ], [ 838.0, 1533.0 ], [ 838.0, 1533.0 ], [ 1029.0, 1491.0 ], [ 1021.0, 1410.0 ], [ 932.0, 1415.0 ] ] ] } },
{ "type": "Feature", "properties": { "id": 678, "type": 1, "existence": true }, "geometry": { "type": "Polygon", "coordinates": [ [ [ 274.0, 1454.0 ], [ 423.0, 1445.0 ], [ 420.0, 1361.0 ], [ 417.0, 1244.0 ], [ 303.0, 1249.0 ], [ 274.0, 1454.0 ] ] ] } },
{ "type": "Feature", "properties": { "id": 679, "type": 1, "existence": true }, "geometry": { "type": "Polygon", "coordinates": [ [ [ 1644.0, 342.0 ], [ 1472.0, 345.0 ], [ 1468.0, 428.0 ], [ 1466.0, 466.0 ], [ 1636.0, 450.0 ], [ 1644.0, 342.0 ] ] ] } },
{ "type": "Feature", "properties": { "id": 680, "type": 1, "existence": true }, "geometry": { "type": "Polygon", "coordinates": [ [ [ 933.0, 514.0 ], [ 892.0, 140.0 ], [ 745.0, 139.0 ], [ 659.0, 530.0 ], [ 933.0, 514.0 ] ] ] } },
{ "type": "Feature", "properties": { "id": 681, "type": 1, "existence": true }, "geometry": { "type": "Polygon", "coordinates": [ [ [ 1555.0, 1471.0 ], [ 1460.0, 1489.0 ], [ 1442.0, 1731.0 ], [ 1569.0, 1710.0 ], [ 1555.0, 1471.0 ] ] ] } }
]
}
